  0
SECTION
  2
HEADER
  9
$ACADVER
  1
AC1032
  9
$ACADMAINTVER
 90
4
  9
$DWGCODEPAGE
  3
ANSI_1252
  9
$LASTSAVEDBY
  1
ezdxf
  9
$REQUIREDVERSIONS
160
0
  9
$INSBASE
 10
0.0
 20
0.0
 30
0.0
  9
$EXTMIN
 10
1e+20
 20
1e+20
 30
1e+20
  9
$EXTMAX
 10
-1e+20
 20
-1e+20
 30
-1e+20
  9
$LIMMIN
 10
0.0
 20
0.0
  9
$LIMMAX
 10
420.0
 20
297.0
  9
$ORTHOMODE
 70
0
  9
$REGENMODE
 70
1
  9
$FILLMODE
 70
1
  9
$QTEXTMODE
 70
0
  9
$MIRRTEXT
 70
1
  9
$LTSCALE
 40
1.0
  9
$ATTMODE
 70
1
  9
$TEXTSIZE
 40
2.5
  9
$TRACEWID
 40
1.0
  9
$TEXTSTYLE
  7
OpenSans
  9
$CLAYER
  8
0
  9
$CELTYPE
  6
ByLayer
  9
$CECOLOR
 62
256
  9
$CELTSCALE
 40
1.0
  9
$DISPSILH
 70
0
  9
$DIMSCALE
 40
1.0
  9
$DIMASZ
 40
0.175
  9
$DIMEXO
 40
0.125
  9
$DIMDLI
 40
3.75
  9
$DIMRND
 40
0.0
  9
$DIMDLE
 40
0.0
  9
$DIMEXE
 40
0.375
  9
$DIMTP
 40
0.0
  9
$DIMTM
 40
0.0
  9
$DIMTXT
 40
0.25
  9
$DIMCEN
 40
2.5
  9
$DIMTSZ
 40
0.0
  9
$DIMTOL
 70
0
  9
$DIMLIM
 70
0
  9
$DIMTIH
 70
0
  9
$DIMTOH
 70
0
  9
$DIMSE1
 70
0
  9
$DIMSE2
 70
0
  9
$DIMTAD
 70
1
  9
$DIMZIN
 70
12
  9
$DIMBLK
  1
ARCHTICK
  9
$DIMASO
 70
1
  9
$DIMSHO
 70
1
  9
$DIMPOST
  1

  9
$DIMAPOST
  1

  9
$DIMALT
 70
0
  9
$DIMALTD
 70
3
  9
$DIMALTF
 40
0.03937007874
  9
$DIMLFAC
 40
100.0
  9
$DIMTOFL
 70
1
  9
$DIMTVP
 40
0.0
  9
$DIMTIX
 70
0
  9
$DIMSOXD
 70
0
  9
$DIMSAH
 70
0
  9
$DIMBLK1
  1

  9
$DIMBLK2
  1

  9
$DIMSTYLE
  2
EZDXF
  9
$DIMCLRD
 70
0
  9
$DIMCLRE
 70
0
  9
$DIMCLRT
 70
0
  9
$DIMTFAC
 40
0.5
  9
$DIMGAP
 40
0.1
  9
$DIMJUST
 70
0
  9
$DIMSD1
 70
0
  9
$DIMSD2
 70
0
  9
$DIMTOLJ
 70
0
  9
$DIMTZIN
 70
8
  9
$DIMALTZ
 70
0
  9
$DIMALTTZ
 70
0
  9
$DIMUPT
 70
1
  9
$DIMDEC
 70
2
  9
$DIMTDEC
 70
2
  9
$DIMALTU
 70
2
  9
$DIMALTTD
 70
3
  9
$DIMTXSTY
  7
OpenSansCondensed-Light
  9
$DIMAUNIT
 70
0
  9
$DIMADEC
 70
2
  9
$DIMALTRND
 40
0.0
  9
$DIMAZIN
 70
3
  9
$DIMDSEP
 70
46
  9
$DIMATFIT
 70
3
  9
$DIMFRAC
 70
0
  9
$DIMLDRBLK
  1

  9
$DIMLUNIT
 70
2
  9
$DIMLWD
 70
-2
  9
$DIMLWE
 70
-2
  9
$DIMTMOVE
 70
2
  9
$DIMFXL
 40
1.0
  9
$DIMFXLON
 70
0
  9
$DIMJOGANG
 40
0.785398163397
  9
$DIMTFILL
 70
0
  9
$DIMTFILLCLR
 70
0
  9
$DIMARCSYM
 70
0
  9
$DIMLTYPE
  6

  9
$DIMLTEX1
  6

  9
$DIMLTEX2
  6

  9
$DIMTXTDIRECTION
 70
0
  9
$LUNITS
 70
2
  9
$LUPREC
 70
4
  9
$SKETCHINC
 40
1.0
  9
$FILLETRAD
 40
10.0
  9
$AUNITS
 70
0
  9
$AUPREC
 70
2
  9
$MENU
  1
.
  9
$ELEVATION
 40
0.0
  9
$PELEVATION
 40
0.0
  9
$THICKNESS
 40
0.0
  9
$LIMCHECK
 70
0
  9
$CHAMFERA
 40
0.0
  9
$CHAMFERB
 40
0.0
  9
$CHAMFERC
 40
0.0
  9
$CHAMFERD
 40
0.0
  9
$SKPOLY
 70
0
  9
$TDCREATE
 40
2461120.829872685
  9
$TDUCREATE
 40
2458532.153996898
  9
$TDUPDATE
 40
2461120.829872685
  9
$TDUUPDATE
 40
2458532.1544311
  9
$TDINDWG
 40
0.0
  9
$TDUSRTIMER
 40
0.0
  9
$USRTIMER
 70
1
  9
$ANGBASE
 50
0.0
  9
$ANGDIR
 70
0
  9
$PDMODE
 70
0
  9
$PDSIZE
 40
0.0
  9
$PLINEWID
 40
0.0
  9
$SPLFRAME
 70
0
  9
$SPLINETYPE
 70
6
  9
$SPLINESEGS
 70
8
  9
$HANDSEED
  5
29E
  9
$SURFTAB1
 70
6
  9
$SURFTAB2
 70
6
  9
$SURFTYPE
 70
6
  9
$SURFU
 70
6
  9
$SURFV
 70
6
  9
$UCSBASE
  2

  9
$UCSNAME
  2

  9
$UCSORG
 10
0.0
 20
0.0
 30
0.0
  9
$UCSXDIR
 10
1.0
 20
0.0
 30
0.0
  9
$UCSYDIR
 10
0.0
 20
1.0
 30
0.0
  9
$UCSORTHOREF
  2

  9
$UCSORTHOVIEW
 70
0
  9
$UCSORGTOP
 10
0.0
 20
0.0
 30
0.0
  9
$UCSORGBOTTOM
 10
0.0
 20
0.0
 30
0.0
  9
$UCSORGLEFT
 10
0.0
 20
0.0
 30
0.0
  9
$UCSORGRIGHT
 10
0.0
 20
0.0
 30
0.0
  9
$UCSORGFRONT
 10
0.0
 20
0.0
 30
0.0
  9
$UCSORGBACK
 10
0.0
 20
0.0
 30
0.0
  9
$PUCSBASE
  2

  9
$PUCSNAME
  2

  9
$PUCSORG
 10
0.0
 20
0.0
 30
0.0
  9
$PUCSXDIR
 10
1.0
 20
0.0
 30
0.0
  9
$PUCSYDIR
 10
0.0
 20
1.0
 30
0.0
  9
$PUCSORTHOREF
  2

  9
$PUCSORTHOVIEW
 70
0
  9
$PUCSORGTOP
 10
0.0
 20
0.0
 30
0.0
  9
$PUCSORGBOTTOM
 10
0.0
 20
0.0
 30
0.0
  9
$PUCSORGLEFT
 10
0.0
 20
0.0
 30
0.0
  9
$PUCSORGRIGHT
 10
0.0
 20
0.0
 30
0.0
  9
$PUCSORGFRONT
 10
0.0
 20
0.0
 30
0.0
  9
$PUCSORGBACK
 10
0.0
 20
0.0
 30
0.0
  9
$USERI1
 70
0
  9
$USERI2
 70
0
  9
$USERI3
 70
0
  9
$USERI4
 70
0
  9
$USERI5
 70
0
  9
$USERR1
 40
0.0
  9
$USERR2
 40
0.0
  9
$USERR3
 40
0.0
  9
$USERR4
 40
0.0
  9
$USERR5
 40
0.0
  9
$WORLDVIEW
 70
1
  9
$SHADEDGE
 70
3
  9
$SHADEDIF
 70
70
  9
$TILEMODE
 70
1
  9
$MAXACTVP
 70
64
  9
$PINSBASE
 10
0.0
 20
0.0
 30
0.0
  9
$PLIMCHECK
 70
0
  9
$PEXTMIN
 10
1e+20
 20
1e+20
 30
1e+20
  9
$PEXTMAX
 10
-1e+20
 20
-1e+20
 30
-1e+20
  9
$PLIMMIN
 10
0.0
 20
0.0
  9
$PLIMMAX
 10
420.0
 20
297.0
  9
$UNITMODE
 70
0
  9
$VISRETAIN
 70
1
  9
$PLINEGEN
 70
0
  9
$PSLTSCALE
 70
1
  9
$TREEDEPTH
 70
3020
  9
$CMLSTYLE
  2
Standard
  9
$CMLJUST
 70
0
  9
$CMLSCALE
 40
20.0
  9
$PROXYGRAPHICS
 70
1
  9
$MEASUREMENT
 70
1
  9
$CELWEIGHT
370
-1
  9
$ENDCAPS
280
0
  9
$JOINSTYLE
280
0
  9
$LWDISPLAY
290
0
  9
$INSUNITS
 70
6
  9
$HYPERLINKBASE
  1

  9
$STYLESHEET
  1

  9
$XEDIT
290
1
  9
$CEPSNTYPE
380
0
  9
$PSTYLEMODE
290
1
  9
$FINGERPRINTGUID
  2
{DC90FBEB-7732-461C-8514-3CF23447CF02}
  9
$VERSIONGUID
  2
{F33223FF-1039-4533-A9E9-F14F94CCAC77}
  9
$EXTNAMES
290
1
  9
$PSVPSCALE
 40
0.0
  9
$OLESTARTUP
290
0
  9
$SORTENTS
280
127
  9
$INDEXCTL
280
0
  9
$HIDETEXT
280
1
  9
$XCLIPFRAME
280
1
  9
$HALOGAP
280
0
  9
$OBSCOLOR
 70
257
  9
$OBSLTYPE
280
0
  9
$INTERSECTIONDISPLAY
280
0
  9
$INTERSECTIONCOLOR
 70
257
  9
$DIMASSOC
280
2
  9
$PROJECTNAME
  1

  9
$CAMERADISPLAY
290
0
  9
$LENSLENGTH
 40
50.0
  9
$CAMERAHEIGHT
 40
0.0
  9
$STEPSPERSEC
 40
24.0
  9
$STEPSIZE
 40
100.0
  9
$3DDWFPREC
 40
2.0
  9
$PSOLWIDTH
 40
0.005
  9
$PSOLHEIGHT
 40
0.08
  9
$LOFTANG1
 40
1.570796326795
  9
$LOFTANG2
 40
1.570796326795
  9
$LOFTMAG1
 40
0.0
  9
$LOFTMAG2
 40
0.0
  9
$LOFTPARAM
 70
7
  9
$LOFTNORMALS
280
1
  9
$LATITUDE
 40
37.795
  9
$LONGITUDE
 40
-122.394
  9
$NORTHDIRECTION
 40
0.0
  9
$TIMEZONE
 70
-8000
  9
$LIGHTGLYPHDISPLAY
280
1
  9
$TILEMODELIGHTSYNCH
280
1
  9
$CMATERIAL
347
20
  9
$SOLIDHIST
280
0
  9
$SHOWHIST
280
1
  9
$DWFFRAME
280
2
  9
$DGNFRAME
280
2
  9
$REALWORLDSCALE
290
1
  9
$INTERFERECOLOR
 62
256
  9
$CSHADOW
280
0
  9
$SHADOWPLANELOCATION
 40
0.0
  0
ENDSEC
  0
SECTION
  2
CLASSES
  0
CLASS
  1
ACDBDICTIONARYWDFLT
  2
AcDbDictionaryWithDefault
  3
ObjectDBX Classes
 90
0
 91
0
280
0
281
0
  0
CLASS
  1
SUN
  2
AcDbSun
  3
SCENEOE
 90
1153
 91
0
280
0
281
0
  0
CLASS
  1
VISUALSTYLE
  2
AcDbVisualStyle
  3
ObjectDBX Classes
 90
4095
 91
0
280
0
281
0
  0
CLASS
  1
MATERIAL
  2
AcDbMaterial
  3
ObjectDBX Classes
 90
1153
 91
0
280
0
281
0
  0
CLASS
  1
SCALE
  2
AcDbScale
  3
ObjectDBX Classes
 90
1153
 91
0
280
0
281
0
  0
CLASS
  1
TABLESTYLE
  2
AcDbTableStyle
  3
ObjectDBX Classes
 90
4095
 91
0
280
0
281
0
  0
CLASS
  1
MLEADERSTYLE
  2
AcDbMLeaderStyle
  3
ACDB_MLEADERSTYLE_CLASS
 90
4095
 91
0
280
0
281
0
  0
CLASS
  1
DICTIONARYVAR
  2
AcDbDictionaryVar
  3
ObjectDBX Classes
 90
0
 91
0
280
0
281
0
  0
CLASS
  1
CELLSTYLEMAP
  2
AcDbCellStyleMap
  3
ObjectDBX Classes
 90
1152
 91
0
280
0
281
0
  0
CLASS
  1
MENTALRAYRENDERSETTINGS
  2
AcDbMentalRayRenderSettings
  3
SCENEOE
 90
1024
 91
0
280
0
281
0
  0
CLASS
  1
ACDBDETAILVIEWSTYLE
  2
AcDbDetailViewStyle
  3
ObjectDBX Classes
 90
1025
 91
0
280
0
281
0
  0
CLASS
  1
ACDBSECTIONVIEWSTYLE
  2
AcDbSectionViewStyle
  3
ObjectDBX Classes
 90
1025
 91
0
280
0
281
0
  0
CLASS
  1
RASTERVARIABLES
  2
AcDbRasterVariables
  3
ISM
 90
0
 91
0
280
0
281
0
  0
CLASS
  1
LAYOUT
  2
AcDbLayout
  3
ObjectDBX Classes
 90
0
 91
0
280
0
281
0
  0
CLASS
  1
ACDBPLACEHOLDER
  2
AcDbPlaceHolder
  3
ObjectDBX Classes
 90
0
 91
0
280
0
281
0
  0
ENDSEC
  0
SECTION
  2
TABLES
  0
TABLE
  2
VPORT
  5
8
330
0
100
AcDbSymbolTable
 70
1
  0
VPORT
  5
23
330
8
100
AcDbSymbolTableRecord
100
AcDbViewportTableRecord
  2
*Active
 70
0
 10
0.0
 20
0.0
 11
1.0
 21
1.0
 12
0.0
 22
0.0
 13
0.0
 23
0.0
 14
0.5
 24
0.5
 15
0.5
 25
0.5
 16
0.0
 26
0.0
 36
1.0
 17
0.0
 27
0.0
 37
0.0
 40
1000.0
 41
1.34
 42
50.0
 43
0.0
 44
0.0
 50
0.0
 51
0.0
 71
0
 72
1000
 73
1
 74
3
 75
0
 76
0
 77
0
 78
0
281
0
 65
0
146
0.0
  0
ENDTAB
  0
TABLE
  2
LTYPE
  5
2
330
0
100
AcDbSymbolTable
 70
21
  0
LTYPE
  5
24
330
2
100
AcDbSymbolTableRecord
100
AcDbLinetypeTableRecord
  2
ByBlock
 70
0
  3

 72
65
 73
0
 40
0.0
  0
LTYPE
  5
25
330
2
100
AcDbSymbolTableRecord
100
AcDbLinetypeTableRecord
  2
ByLayer
 70
0
  3

 72
65
 73
0
 40
0.0
  0
LTYPE
  5
26
330
2
100
AcDbSymbolTableRecord
100
AcDbLinetypeTableRecord
  2
Continuous
 70
0
  3

 72
65
 73
0
 40
0.0
  0
LTYPE
  5
2F
330
2
100
AcDbSymbolTableRecord
100
AcDbLinetypeTableRecord
  2
CENTER
 70
0
  3
Center ____ _ ____ _ ____ _ ____ _ ____ _ ____
 72
65
 73
4
 40
5.08
 49
3.175
 74
0
 49
-0.635
 74
0
 49
0.635
 74
0
 49
-0.635
 74
0
  0
LTYPE
  5
30
330
2
100
AcDbSymbolTableRecord
100
AcDbLinetypeTableRecord
  2
CENTERX2
 70
0
  3
Center (2x) ________  __  ________  __  ________
 72
65
 73
4
 40
8.89
 49
6.35
 74
0
 49
-0.635
 74
0
 49
1.27
 74
0
 49
-0.635
 74
0
  0
LTYPE
  5
31
330
2
100
AcDbSymbolTableRecord
100
AcDbLinetypeTableRecord
  2
CENTER2
 70
0
  3
Center (.5x) ____ _ ____ _ ____ _ ____ _ ____
 72
65
 73
4
 40
2.54
 49
1.587
 74
0
 49
-0.318
 74
0
 49
0.318
 74
0
 49
-0.318
 74
0
  0
LTYPE
  5
32
330
2
100
AcDbSymbolTableRecord
100
AcDbLinetypeTableRecord
  2
DASHED
 70
0
  3
Dashed __ __ __ __ __ __ __ __ __ __ __ __ __ _
 72
65
 73
2
 40
1.524
 49
1.27
 74
0
 49
-0.254
 74
0
  0
LTYPE
  5
33
330
2
100
AcDbSymbolTableRecord
100
AcDbLinetypeTableRecord
  2
DASHEDX2
 70
0
  3
Dashed (2x) ____  ____  ____  ____  ____  ____
 72
65
 73
2
 40
3.048
 49
2.54
 74
0
 49
-0.508
 74
0
  0
LTYPE
  5
34
330
2
100
AcDbSymbolTableRecord
100
AcDbLinetypeTableRecord
  2
DASHED2
 70
0
  3
Dashed (.5x) _ _ _ _ _ _ _ _ _ _ _ _ _ _
 72
65
 73
2
 40
0.762
 49
0.635
 74
0
 49
-0.127
 74
0
  0
LTYPE
  5
35
330
2
100
AcDbSymbolTableRecord
100
AcDbLinetypeTableRecord
  2
PHANTOM
 70
0
  3
Phantom ______  __  __  ______  __  __  ______
 72
65
 73
6
 40
6.35
 49
3.175
 74
0
 49
-0.635
 74
0
 49
0.635
 74
0
 49
-0.635
 74
0
 49
0.635
 74
0
 49
-0.635
 74
0
  0
LTYPE
  5
36
330
2
100
AcDbSymbolTableRecord
100
AcDbLinetypeTableRecord
  2
PHANTOMX2
 70
0
  3
Phantom (2x)____________    ____    ____    ____________
 72
65
 73
6
 40
10.795
 49
6.35
 74
0
 49
-0.635
 74
0
 49
1.27
 74
0
 49
-0.635
 74
0
 49
1.27
 74
0
 49
-0.635
 74
0
  0
LTYPE
  5
37
330
2
100
AcDbSymbolTableRecord
100
AcDbLinetypeTableRecord
  2
PHANTOM2
 70
0
  3
Phantom (.5x) ___ _ _ ___ _ _ ___ _ _ ___ _ _ ___
 72
65
 73
6
 40
3.175
 49
1.587
 74
0
 49
-0.318
 74
0
 49
0.318
 74
0
 49
-0.318
 74
0
 49
0.318
 74
0
 49
-0.318
 74
0
  0
LTYPE
  5
38
330
2
100
AcDbSymbolTableRecord
100
AcDbLinetypeTableRecord
  2
DASHDOT
 70
0
  3
Dash dot __ . __ . __ . __ . __ . __ . __ . __
 72
65
 73
4
 40
3.556
 49
2.54
 74
0
 49
-0.508
 74
0
 49
0.0
 74
0
 49
-0.508
 74
0
  0
LTYPE
  5
39
330
2
100
AcDbSymbolTableRecord
100
AcDbLinetypeTableRecord
  2
DASHDOTX2
 70
0
  3
Dash dot (2x) ____  .  ____  .  ____  .  ____
 72
65
 73
4
 40
6.096
 49
5.08
 74
0
 49
-0.508
 74
0
 49
0.0
 74
0
 49
-0.508
 74
0
  0
LTYPE
  5
3A
330
2
100
AcDbSymbolTableRecord
100
AcDbLinetypeTableRecord
  2
DASHDOT2
 70
0
  3
Dash dot (.5x) _ . _ . _ . _ . _ . _ . _ . _
 72
65
 73
4
 40
1.778
 49
1.27
 74
0
 49
-0.254
 74
0
 49
0.0
 74
0
 49
-0.254
 74
0
  0
LTYPE
  5
3B
330
2
100
AcDbSymbolTableRecord
100
AcDbLinetypeTableRecord
  2
DOT
 70
0
  3
Dot .  .  .  .  .  .  .  .  .  .  .  .  .  .  .  .
 72
65
 73
2
 40
0.508
 49
0.0
 74
0
 49
-0.508
 74
0
  0
LTYPE
  5
3C
330
2
100
AcDbSymbolTableRecord
100
AcDbLinetypeTableRecord
  2
DOTX2
 70
0
  3
Dot (2x) .    .    .    .    .    .    .    . 
 72
65
 73
2
 40
1.016
 49
0.0
 74
0
 49
-1.016
 74
0
  0
LTYPE
  5
3D
330
2
100
AcDbSymbolTableRecord
100
AcDbLinetypeTableRecord
  2
DOT2
 70
0
  3
Dot (.5) . . . . . . . . . . . . . . . . . . . 
 72
65
 73
2
 40
0.254
 49
0.0
 74
0
 49
-0.254
 74
0
  0
LTYPE
  5
3E
330
2
100
AcDbSymbolTableRecord
100
AcDbLinetypeTableRecord
  2
DIVIDE
 70
0
  3
Divide __ . . __ . . __ . . __ . . __ . . __
 72
65
 73
6
 40
4.064
 49
2.54
 74
0
 49
-0.508
 74
0
 49
0.0
 74
0
 49
-0.508
 74
0
 49
0.0
 74
0
 49
-0.508
 74
0
  0
LTYPE
  5
3F
330
2
100
AcDbSymbolTableRecord
100
AcDbLinetypeTableRecord
  2
DIVIDEX2
 70
0
  3
Divide (2x) ____  . .  ____  . .  ____  . .  ____
 72
65
 73
6
 40
6.604
 49
5.08
 74
0
 49
-0.508
 74
0
 49
0.0
 74
0
 49
-0.508
 74
0
 49
0.0
 74
0
 49
-0.508
 74
0
  0
LTYPE
  5
40
330
2
100
AcDbSymbolTableRecord
100
AcDbLinetypeTableRecord
  2
DIVIDE2
 70
0
  3
Divide(.5x) _ . _ . _ . _ . _ . _ . _ . _
 72
65
 73
6
 40
2.032
 49
1.27
 74
0
 49
-0.254
 74
0
 49
0.0
 74
0
 49
-0.254
 74
0
 49
0.0
 74
0
 49
-0.254
 74
0
  0
ENDTAB
  0
TABLE
  2
LAYER
  5
1
330
0
100
AcDbSymbolTable
 70
6
  0
LAYER
  5
27
330
1
100
AcDbSymbolTableRecord
100
AcDbLayerTableRecord
  2
0
 70
0
 62
7
  6
Continuous
370
-3
390
13
347
21
  0
LAYER
  5
28
330
1
100
AcDbSymbolTableRecord
100
AcDbLayerTableRecord
  2
Defpoints
 70
0
 62
7
  6
Continuous
290
0
370
-3
390
13
347
21
  0
LAYER
  5
8A
330
1
100
AcDbSymbolTableRecord
100
AcDbLayerTableRecord
  2
FRAME
 70
0
 62
8
  6
Continuous
370
-3
390
13
347
21
  0
LAYER
  5
8B
330
1
100
AcDbSymbolTableRecord
100
AcDbLayerTableRecord
  2
LABEL
 70
0
 62
2
  6
Continuous
370
-3
390
13
347
21
  0
LAYER
  5
8C
330
1
100
AcDbSymbolTableRecord
100
AcDbLayerTableRecord
  2
TITLE
 70
0
 62
6
  6
Continuous
370
-3
390
13
347
21
  0
LAYER
  5
8D
330
1
100
AcDbSymbolTableRecord
100
AcDbLayerTableRecord
  2
HATCH
 70
0
 62
7
  6
Continuous
370
-3
390
13
347
21
  0
ENDTAB
  0
TABLE
  2
STYLE
  5
5
330
0
100
AcDbSymbolTable
 70
26
  0
STYLE
  5
29
330
5
100
AcDbSymbolTableRecord
100
AcDbTextStyleTableRecord
  2
Standard
 70
0
 40
0.0
 41
1.0
 50
0.0
 71
0
 42
2.5
  3
txt
  4

  0
STYLE
  5
41
330
5
100
AcDbSymbolTableRecord
100
AcDbTextStyleTableRecord
  2
OpenSans-Light
 70
0
 40
0.0
 41
1.0
 50
0.0
 71
0
 42
2.5
  3
OpenSans-Light.ttf
  4

  0
STYLE
  5
42
330
5
100
AcDbSymbolTableRecord
100
AcDbTextStyleTableRecord
  2
OpenSans-Light-Italic
 70
0
 40
0.0
 41
1.0
 50
0.0
 71
0
 42
2.5
  3
OpenSans-LightItalic.ttf
  4

  0
STYLE
  5
43
330
5
100
AcDbSymbolTableRecord
100
AcDbTextStyleTableRecord
  2
OpenSans
 70
0
 40
0.0
 41
1.0
 50
0.0
 71
0
 42
2.5
  3
OpenSans-Regular.ttf
  4

  0
STYLE
  5
44
330
5
100
AcDbSymbolTableRecord
100
AcDbTextStyleTableRecord
  2
OpenSans-Italic
 70
0
 40
0.0
 41
1.0
 50
0.0
 71
0
 42
2.5
  3
OpenSans-Italic.ttf
  4

  0
STYLE
  5
45
330
5
100
AcDbSymbolTableRecord
100
AcDbTextStyleTableRecord
  2
OpenSans-SemiBold
 70
0
 40
0.0
 41
1.0
 50
0.0
 71
0
 42
2.5
  3
OpenSans-SemiBold.ttf
  4

  0
STYLE
  5
46
330
5
100
AcDbSymbolTableRecord
100
AcDbTextStyleTableRecord
  2
OpenSans-SemiBoldItalic
 70
0
 40
0.0
 41
1.0
 50
0.0
 71
0
 42
2.5
  3
OpenSans-SemiBoldItalic.ttf
  4

  0
STYLE
  5
47
330
5
100
AcDbSymbolTableRecord
100
AcDbTextStyleTableRecord
  2
OpenSans-Bold
 70
0
 40
0.0
 41
1.0
 50
0.0
 71
0
 42
2.5
  3
OpenSans-Bold.ttf
  4

  0
STYLE
  5
48
330
5
100
AcDbSymbolTableRecord
100
AcDbTextStyleTableRecord
  2
OpenSans-BoldItalic
 70
0
 40
0.0
 41
1.0
 50
0.0
 71
0
 42
2.5
  3
OpenSans-BoldItalic.ttf
  4

  0
STYLE
  5
49
330
5
100
AcDbSymbolTableRecord
100
AcDbTextStyleTableRecord
  2
OpenSans-ExtraBold
 70
0
 40
0.0
 41
1.0
 50
0.0
 71
0
 42
2.5
  3
OpenSans-ExtraBold.ttf
  4

  0
STYLE
  5
4A
330
5
100
AcDbSymbolTableRecord
100
AcDbTextStyleTableRecord
  2
OpenSans-ExtraBoldItalic
 70
0
 40
0.0
 41
1.0
 50
0.0
 71
0
 42
2.5
  3
OpenSans-ExtraBoldItalic.ttf
  4

  0
STYLE
  5
4B
330
5
100
AcDbSymbolTableRecord
100
AcDbTextStyleTableRecord
  2
OpenSansCondensed-Bold
 70
0
 40
0.0
 41
1.0
 50
0.0
 71
0
 42
2.5
  3
OpenSansCondensed-Bold.ttf
  4

  0
STYLE
  5
4C
330
5
100
AcDbSymbolTableRecord
100
AcDbTextStyleTableRecord
  2
OpenSansCondensed-Light
 70
0
 40
0.0
 41
1.0
 50
0.0
 71
0
 42
2.5
  3
OpenSansCondensed-Light.ttf
  4

  0
STYLE
  5
4D
330
5
100
AcDbSymbolTableRecord
100
AcDbTextStyleTableRecord
  2
OpenSansCondensed-Italic
 70
0
 40
0.0
 41
1.0
 50
0.0
 71
0
 42
2.5
  3
OpenSansCondensed-LightItalic.ttf
  4

  0
STYLE
  5
4E
330
5
100
AcDbSymbolTableRecord
100
AcDbTextStyleTableRecord
  2
LiberationSans
 70
0
 40
0.0
 41
1.0
 50
0.0
 71
0
 42
2.5
  3
LiberationSans-Regular.ttf
  4

  0
STYLE
  5
4F
330
5
100
AcDbSymbolTableRecord
100
AcDbTextStyleTableRecord
  2
LiberationSans-Bold
 70
0
 40
0.0
 41
1.0
 50
0.0
 71
0
 42
2.5
  3
LiberationSans-Bold.ttf
  4

  0
STYLE
  5
50
330
5
100
AcDbSymbolTableRecord
100
AcDbTextStyleTableRecord
  2
LiberationSans-BoldItalic
 70
0
 40
0.0
 41
1.0
 50
0.0
 71
0
 42
2.5
  3
LiberationSans-BoldItalic.ttf
  4

  0
STYLE
  5
51
330
5
100
AcDbSymbolTableRecord
100
AcDbTextStyleTableRecord
  2
LiberationSans-Italic
 70
0
 40
0.0
 41
1.0
 50
0.0
 71
0
 42
2.5
  3
LiberationSans-Italic.ttf
  4

  0
STYLE
  5
52
330
5
100
AcDbSymbolTableRecord
100
AcDbTextStyleTableRecord
  2
LiberationSerif
 70
0
 40
0.0
 41
1.0
 50
0.0
 71
0
 42
2.5
  3
LiberationSerif-Regular.ttf
  4

  0
STYLE
  5
53
330
5
100
AcDbSymbolTableRecord
100
AcDbTextStyleTableRecord
  2
LiberationSerif-Bold
 70
0
 40
0.0
 41
1.0
 50
0.0
 71
0
 42
2.5
  3
LiberationSerif-Bold.ttf
  4

  0
STYLE
  5
54
330
5
100
AcDbSymbolTableRecord
100
AcDbTextStyleTableRecord
  2
LiberationSerif-BoldItalic
 70
0
 40
0.0
 41
1.0
 50
0.0
 71
0
 42
2.5
  3
LiberationSerif-BoldItalic.ttf
  4

  0
STYLE
  5
55
330
5
100
AcDbSymbolTableRecord
100
AcDbTextStyleTableRecord
  2
LiberationSerif-Italic
 70
0
 40
0.0
 41
1.0
 50
0.0
 71
0
 42
2.5
  3
LiberationSerif-Italic.ttf
  4

  0
STYLE
  5
56
330
5
100
AcDbSymbolTableRecord
100
AcDbTextStyleTableRecord
  2
LiberationMono
 70
0
 40
0.0
 41
1.0
 50
0.0
 71
0
 42
2.5
  3
LiberationMono-Regular.ttf
  4

  0
STYLE
  5
57
330
5
100
AcDbSymbolTableRecord
100
AcDbTextStyleTableRecord
  2
LiberationMono-Bold
 70
0
 40
0.0
 41
1.0
 50
0.0
 71
0
 42
2.5
  3
LiberationMono-Bold.ttf
  4

  0
STYLE
  5
58
330
5
100
AcDbSymbolTableRecord
100
AcDbTextStyleTableRecord
  2
LiberationMono-BoldItalic
 70
0
 40
0.0
 41
1.0
 50
0.0
 71
0
 42
2.5
  3
LiberationMono-BoldItalic.ttf
  4

  0
STYLE
  5
59
330
5
100
AcDbSymbolTableRecord
100
AcDbTextStyleTableRecord
  2
LiberationMono-Italic
 70
0
 40
0.0
 41
1.0
 50
0.0
 71
0
 42
2.5
  3
LiberationMono-Italic.ttf
  4

  0
ENDTAB
  0
TABLE
  2
VIEW
  5
7
330
0
100
AcDbSymbolTable
 70
0
  0
ENDTAB
  0
TABLE
  2
UCS
  5
6
330
0
100
AcDbSymbolTable
 70
0
  0
ENDTAB
  0
TABLE
  2
APPID
  5
3
330
0
100
AcDbSymbolTable
 70
3
  0
APPID
  5
2A
330
3
100
AcDbSymbolTableRecord
100
AcDbRegAppTableRecord
  2
ACAD
 70
0
  0
APPID
  5
29B
330
3
100
AcDbSymbolTableRecord
100
AcDbRegAppTableRecord
  2
HATCHBACKGROUNDCOLOR
 70
0
  0
APPID
  5
29C
330
3
100
AcDbSymbolTableRecord
100
AcDbRegAppTableRecord
  2
EZDXF
 70
0
  0
ENDTAB
  0
TABLE
  2
DIMSTYLE
  5
4
330
0
100
AcDbSymbolTable
 70
12
100
AcDbDimStyleTable
  0
DIMSTYLE
105
2B
330
4
100
AcDbSymbolTableRecord
100
AcDbDimStyleTableRecord
  2
Standard
 70
0
 40
1.0
 41
2.5
 42
0.625
 43
3.75
 44
1.25
 45
0.0
 46
0.0
 47
0.0
 48
0.0
 49
2.5
140
2.5
141
2.5
142
0.0
143
0.03937007874
144
1.0
145
0.0
146
1.0
147
0.625
148
0.0
 69
0
 70
0
 71
0
 72
0
 73
0
 74
0
 75
0
 76
0
 77
1
 78
8
 79
3
170
0
171
3
172
1
173
0
174
0
175
0
176
0
177
0
178
0
179
2
271
2
272
2
273
2
274
3
275
0
276
0
277
2
278
44
279
0
280
0
281
0
282
0
283
0
284
8
285
0
286
0
288
0
289
3
290
0
371
-2
372
-2
  0
DIMSTYLE
105
73
330
4
100
AcDbSymbolTableRecord
100
AcDbDimStyleTableRecord
  2
EZDXF
 70
0
 40
1.0
 41
0.175
 42
0.125
 43
3.75
 44
0.375
 45
0.0
 46
0.0
 47
0.0
 48
0.0
 49
2.5
140
0.25
141
2.5
142
0.0
143
0.03937007874
144
100.0
145
0.0
146
0.5
147
0.1
148
0.0
 69
0
 70
0
 71
0
 72
0
 73
0
 74
0
 75
0
 76
0
 77
1
 78
12
 79
3
170
0
171
3
172
1
173
0
174
0
175
0
176
0
177
0
178
0
179
2
271
2
272
2
273
2
274
3
275
0
276
0
277
2
278
46
279
2
280
0
281
0
282
0
283
0
284
8
285
0
286
0
288
1
289
3
290
0
340
4C
342
74
371
-2
372
-2
  0
DIMSTYLE
105
7C
330
4
100
AcDbSymbolTableRecord
100
AcDbDimStyleTableRecord
  2
EZ_M_100_H25_CM
 70
0
 40
1.0
 41
0.25
 42
0.125
 43
3.75
 44
0.375
 45
0.0
 46
0.0
 47
0.0
 48
0.0
 49
2.5
140
0.25
141
2.5
142
0.125
143
0.03937007874
144
100.0
145
0.0
146
0.5
147
0.1
148
0.0
 69
0
 70
0
 71
0
 72
0
 73
0
 74
0
 75
0
 76
0
 77
1
 78
12
 79
3
170
0
171
3
172
1
173
0
174
0
175
0
176
0
177
0
178
0
179
2
271
2
272
2
273
2
274
3
275
0
276
0
277
2
278
46
279
2
280
0
281
0
282
0
283
0
284
8
285
0
286
0
288
1
289
3
290
0
340
4C
371
-2
372
-2
  0
DIMSTYLE
105
7D
330
4
100
AcDbSymbolTableRecord
100
AcDbDimStyleTableRecord
  2
EZ_M_50_H25_CM
 70
0
 40
1.0
 41
0.125
 42
0.0625
 43
3.75
 44
0.1875
 45
0.0
 46
0.0
 47
0.0
 48
0.0
 49
2.5
140
0.125
141
2.5
142
0.0625
143
0.03937007874
144
100.0
145
0.0
146
0.5
147
0.05
148
0.0
 69
0
 70
0
 71
0
 72
0
 73
0
 74
0
 75
0
 76
0
 77
1
 78
12
 79
3
170
0
171
3
172
1
173
0
174
0
175
0
176
0
177
0
178
0
179
2
271
2
272
2
273
2
274
3
275
0
276
0
277
2
278
46
279
2
280
0
281
0
282
0
283
0
284
8
285
0
286
0
288
1
289
3
290
0
340
4C
371
-2
372
-2
  0
DIMSTYLE
105
7E
330
4
100
AcDbSymbolTableRecord
100
AcDbDimStyleTableRecord
  2
EZ_M_25_H25_CM
 70
0
 40
1.0
 41
0.0625
 42
0.03125
 43
3.75
 44
0.09375
 45
0.0
 46
0.0
 47
0.0
 48
0.0
 49
2.5
140
0.0625
141
2.5
142
0.03125
143
0.03937007874
144
100.0
145
0.0
146
0.5
147
0.025
148
0.0
 69
0
 70
0
 71
0
 72
0
 73
0
 74
0
 75
0
 76
0
 77
1
 78
12
 79
3
170
0
171
3
172
1
173
0
174
0
175
0
176
0
177
0
178
0
179
2
271
2
272
2
273
2
274
3
275
0
276
0
277
2
278
46
279
2
280
0
281
0
282
0
283
0
284
8
285
0
286
0
288
1
289
3
290
0
340
4C
371
-2
372
-2
  0
DIMSTYLE
105
7F
330
4
100
AcDbSymbolTableRecord
100
AcDbDimStyleTableRecord
  2
EZ_M_20_H25_CM
 70
0
 40
1.0
 41
0.05
 42
0.025
 43
3.75
 44
0.07500000000000001
 45
0.0
 46
0.0
 47
0.0
 48
0.0
 49
2.5
140
0.05
141
2.5
142
0.025
143
0.03937007874
144
100.0
145
0.0
146
0.5
147
0.020000000000000004
148
0.0
 69
0
 70
0
 71
0
 72
0
 73
0
 74
0
 75
0
 76
0
 77
1
 78
12
 79
3
170
0
171
3
172
1
173
0
174
0
175
0
176
0
177
0
178
0
179
2
271
2
272
2
273
2
274
3
275
0
276
0
277
2
278
46
279
2
280
0
281
0
282
0
283
0
284
8
285
0
286
0
288
1
289
3
290
0
340
4C
371
-2
372
-2
  0
DIMSTYLE
105
80
330
4
100
AcDbSymbolTableRecord
100
AcDbDimStyleTableRecord
  2
EZ_M_10_H25_CM
 70
0
 40
1.0
 41
0.025
 42
0.0125
 43
3.75
 44
0.037500000000000006
 45
0.0
 46
0.0
 47
0.0
 48
0.0
 49
2.5
140
0.025
141
2.5
142
0.0125
143
0.03937007874
144
100.0
145
0.0
146
0.5
147
0.010000000000000002
148
0.0
 69
0
 70
0
 71
0
 72
0
 73
0
 74
0
 75
0
 76
0
 77
1
 78
12
 79
3
170
0
171
3
172
1
173
0
174
0
175
0
176
0
177
0
178
0
179
2
271
2
272
2
273
2
274
3
275
0
276
0
277
2
278
46
279
2
280
0
281
0
282
0
283
0
284
8
285
0
286
0
288
1
289
3
290
0
340
4C
371
-2
372
-2
  0
DIMSTYLE
105
81
330
4
100
AcDbSymbolTableRecord
100
AcDbDimStyleTableRecord
  2
EZ_M_5_H25_CM
 70
0
 40
1.0
 41
0.0125
 42
0.00625
 43
3.75
 44
0.018750000000000003
 45
0.0
 46
0.0
 47
0.0
 48
0.0
 49
2.5
140
0.0125
141
2.5
142
0.00625
143
0.03937007874
144
100.0
145
0.0
146
0.5
147
0.005000000000000001
148
0.0
 69
0
 70
0
 71
0
 72
0
 73
0
 74
0
 75
0
 76
0
 77
1
 78
12
 79
3
170
0
171
3
172
1
173
0
174
0
175
0
176
0
177
0
178
0
179
2
271
2
272
2
273
2
274
3
275
0
276
0
277
2
278
46
279
2
280
0
281
0
282
0
283
0
284
8
285
0
286
0
288
1
289
3
290
0
340
4C
371
-2
372
-2
  0
DIMSTYLE
105
82
330
4
100
AcDbSymbolTableRecord
100
AcDbDimStyleTableRecord
  2
EZ_M_1_H25_CM
 70
0
 40
1.0
 41
0.0025
 42
0.00125
 43
3.75
 44
0.00375
 45
0.0
 46
0.0
 47
0.0
 48
0.0
 49
2.5
140
0.0025
141
2.5
142
0.00125
143
0.03937007874
144
100.0
145
0.0
146
0.5
147
0.001
148
0.0
 69
0
 70
0
 71
0
 72
0
 73
0
 74
0
 75
0
 76
0
 77
1
 78
12
 79
3
170
0
171
3
172
1
173
0
174
0
175
0
176
0
177
0
178
0
179
2
271
2
272
2
273
2
274
3
275
0
276
0
277
2
278
46
279
2
280
0
281
0
282
0
283
0
284
8
285
0
286
0
288
1
289
3
290
0
340
4C
371
-2
372
-2
  0
DIMSTYLE
105
83
330
4
100
AcDbSymbolTableRecord
100
AcDbDimStyleTableRecord
  2
EZ_RADIUS
 70
0
 40
1.0
 41
0.25
 42
0.125
 43
3.75
 44
0.375
 45
0.0
 46
0.0
 47
0.0
 48
0.0
 49
2.5
140
0.25
141
0.0
142
0.0
143
0.03937007874
144
100.0
145
0.0
146
0.5
147
0.1
148
0.0
 69
0
 70
0
 71
0
 72
0
 73
0
 74
0
 75
0
 76
0
 77
1
 78
12
 79
3
170
0
171
3
172
0
173
0
174
0
175
0
176
0
177
0
178
0
179
2
271
2
272
2
273
2
274
3
275
0
276
0
277
2
278
46
279
1
280
0
281
0
282
0
283
0
284
8
285
0
286
0
288
1
289
3
290
0
340
4C
342
84
371
-2
372
-2
  0
DIMSTYLE
105
88
330
4
100
AcDbSymbolTableRecord
100
AcDbDimStyleTableRecord
  2
EZ_RADIUS_INSIDE
 70
0
 40
1.0
 41
0.25
 42
0.125
 43
3.75
 44
0.375
 45
0.0
 46
0.0
 47
0.0
 48
0.0
 49
2.5
140
0.25
141
0.0
142
0.0
143
0.03937007874
144
100.0
145
0.0
146
0.5
147
0.1
148
0.0
 69
0
 70
0
 71
0
 72
0
 73
0
 74
0
 75
0
 76
0
 77
0
 78
12
 79
3
170
0
171
3
172
0
173
0
174
1
175
0
176
0
177
0
178
0
179
2
271
2
272
2
273
2
274
3
275
0
276
0
277
2
278
46
279
0
280
0
281
0
282
0
283
0
284
8
285
0
286
0
288
1
289
0
290
0
340
4C
342
84
371
-2
372
-2
  0
DIMSTYLE
105
89
330
4
100
AcDbSymbolTableRecord
100
AcDbDimStyleTableRecord
  2
EZ_CURVED
 70
0
 40
1.0
 41
0.25
 42
0.125
 43
3.75
 44
0.375
 45
0.0
 46
0.0
 47
0.0
 48
0.0
 49
2.5
140
0.25
141
2.5
142
0.0
143
0.03937007874
144
100.0
145
0.0
146
0.5
147
0.1
148
0.0
 69
0
 70
0
 71
0
 72
0
 73
0
 74
0
 75
0
 76
0
 77
1
 78
12
 79
2
 90
2
170
0
171
3
172
1
173
0
174
0
175
0
176
0
177
0
178
0
179
2
271
2
272
2
273
2
274
3
275
0
276
0
277
2
278
46
279
2
280
0
281
0
282
0
283
0
284
8
285
0
286
0
288
1
289
3
290
0
340
4C
371
-2
372
-2
  0
ENDTAB
  0
TABLE
  2
BLOCK_RECORD
  5
9
330
0
100
AcDbSymbolTable
 70
5
  0
BLOCK_RECORD
  5
17
330
9
100
AcDbSymbolTableRecord
100
AcDbBlockTableRecord
  2
*Model_Space
340
1A
 70
0
280
1
281
0
  0
BLOCK_RECORD
  5
1B
330
9
100
AcDbSymbolTableRecord
100
AcDbBlockTableRecord
  2
*Paper_Space
340
1E
 70
0
280
1
281
0
  0
BLOCK_RECORD
  5
74
330
9
100
AcDbSymbolTableRecord
100
AcDbBlockTableRecord
  2
_ARCHTICK
340
0
 70
0
280
1
281
0
  0
BLOCK_RECORD
  5
78
330
9
100
AcDbSymbolTableRecord
100
AcDbBlockTableRecord
  2
_CLOSEDFILLED
340
0
 70
0
280
1
281
0
  0
BLOCK_RECORD
  5
84
330
9
100
AcDbSymbolTableRecord
100
AcDbBlockTableRecord
  2
_CLOSEDBLANK
340
0
 70
0
280
1
281
0
  0
ENDTAB
  0
ENDSEC
  0
SECTION
  2
BLOCKS
  0
BLOCK
  5
18
330
17
100
AcDbEntity
  8
0
100
AcDbBlockBegin
  2
*Model_Space
 70
0
 10
0.0
 20
0.0
 30
0.0
  3
*Model_Space
  1

  0
ENDBLK
  5
19
330
17
100
AcDbEntity
  8
0
100
AcDbBlockEnd
  0
BLOCK
  5
1C
330
1B
100
AcDbEntity
  8
0
100
AcDbBlockBegin
  2
*Paper_Space
 70
0
 10
0.0
 20
0.0
 30
0.0
  3
*Paper_Space
  1

  0
ENDBLK
  5
1D
330
1B
100
AcDbEntity
  8
0
100
AcDbBlockEnd
  0
BLOCK
  5
75
330
74
100
AcDbEntity
  8
0
100
AcDbBlockBegin
  2
_ARCHTICK
 70
0
 10
0.0
 20
0.0
 30
0.0
  3
_ARCHTICK
  1

  0
LWPOLYLINE
  5
77
330
74
100
AcDbEntity
  8
0
  6
BYBLOCK
 62
0
100
AcDbPolyline
 90
2
 70
0
 43
0.15
 10
-0.5
 20
-0.5
 10
0.5
 20
0.5
  0
ENDBLK
  5
76
330
74
100
AcDbEntity
  8
0
100
AcDbBlockEnd
  0
BLOCK
  5
79
330
78
100
AcDbEntity
  8
0
100
AcDbBlockBegin
  2
_CLOSEDFILLED
 70
0
 10
0.0
 20
0.0
 30
0.0
  3
_CLOSEDFILLED
  1

  0
SOLID
  5
7B
330
78
100
AcDbEntity
  8
0
  6
BYBLOCK
 62
0
100
AcDbTrace
 10
-1.0
 20
0.16439898372402537
 30
0.0
 11
0.0
 21
0.0
 31
0.0
 12
-1.0
 22
-0.16439898372402537
 32
0.0
 13
-1.0
 23
-0.16439898372402537
 33
0.0
  0
ENDBLK
  5
7A
330
78
100
AcDbEntity
  8
0
100
AcDbBlockEnd
  0
BLOCK
  5
85
330
84
100
AcDbEntity
  8
0
100
AcDbBlockBegin
  2
_CLOSEDBLANK
 70
0
 10
0.0
 20
0.0
 30
0.0
  3
_CLOSEDBLANK
  1

  0
LWPOLYLINE
  5
87
330
84
100
AcDbEntity
  8
0
  6
BYBLOCK
 62
0
100
AcDbPolyline
 90
3
 70
1
 10
-1.0
 20
0.16439898372402537
 10
0.0
 20
0.0
 10
-1.0
 20
-0.16439898372402537
  0
ENDBLK
  5
86
330
84
100
AcDbEntity
  8
0
100
AcDbBlockEnd
  0
ENDSEC
  0
SECTION
  2
ENTITIES
  0
TEXT
  5
8E
330
17
100
AcDbEntity
  8
TITLE
100
AcDbText
 10
0.0
 20
18.0
 30
0.0
 40
6.0
  1
HATCH preview gallery: auto-scaled for visual inspection
  7
OpenSans
 11
0.0
 21
18.0
 31
0.0
100
AcDbText
  0
TEXT
  5
8F
330
17
100
AcDbEntity
  8
TITLE
100
AcDbText
 10
0.0
 20
9.0
 30
0.0
 40
3.0
  1
DXF version: R2018; pattern origins normalized per cell
  7
OpenSans
 11
0.0
 21
9.0
 31
0.0
100
AcDbText
  0
TEXT
  5
90
330
17
100
AcDbEntity
  8
LABEL
100
AcDbText
 10
0.0
 20
91.0
 30
0.0
 40
3.0
  1
ACAD_ISO02W100
  7
OpenSans
 11
0.0
 21
91.0
 31
0.0
100
AcDbText
  0
LWPOLYLINE
  5
91
330
17
100
AcDbEntity
  8
FRAME
100
AcDbPolyline
 90
4
 70
1
 10
0.0
 20
40.0
 10
92.0
 20
40.0
 10
92.0
 20
88.0
 10
0.0
 20
88.0
  0
HATCH
  5
92
330
17
100
AcDbEntity
  8
HATCH
 62
7
100
AcDbHatch
 10
0.0
 20
0.0
 30
0.0
210
0.0
220
0.0
230
1.0
  2
ACAD_ISO02W100
 70
0
 71
0
 91
1
 92
3
 72
0
 73
1
 93
4
 10
0.0
 20
40.0
 10
92.0
 20
40.0
 10
92.0
 20
88.0
 10
0.0
 20
88.0
 97
0
 75
0
 76
1
 52
0.0
 41
1.0
 77
0
 78
1
 53
0.0
 43
0.0
 44
40.0
 45
0.0
 46
5.0
 79
2
 49
12.0
 49
-3.0
 98
0
  0
TEXT
  5
93
330
17
100
AcDbEntity
  8
LABEL
100
AcDbText
 10
120.0
 20
91.0
 30
0.0
 40
3.0
  1
ACAD_ISO03W100
  7
OpenSans
 11
120.0
 21
91.0
 31
0.0
100
AcDbText
  0
LWPOLYLINE
  5
94
330
17
100
AcDbEntity
  8
FRAME
100
AcDbPolyline
 90
4
 70
1
 10
120.0
 20
40.0
 10
212.0
 20
40.0
 10
212.0
 20
88.0
 10
120.0
 20
88.0
  0
HATCH
  5
95
330
17
100
AcDbEntity
  8
HATCH
 62
7
100
AcDbHatch
 10
0.0
 20
0.0
 30
0.0
210
0.0
220
0.0
230
1.0
  2
ACAD_ISO03W100
 70
0
 71
0
 91
1
 92
3
 72
0
 73
1
 93
4
 10
120.0
 20
40.0
 10
212.0
 20
40.0
 10
212.0
 20
88.0
 10
120.0
 20
88.0
 97
0
 75
0
 76
1
 52
0.0
 41
1.0
 77
0
 78
1
 53
0.0
 43
120.0
 44
40.0
 45
0.0
 46
5.0
 79
2
 49
12.0
 49
-18.0
 98
0
  0
TEXT
  5
96
330
17
100
AcDbEntity
  8
LABEL
100
AcDbText
 10
240.0
 20
91.0
 30
0.0
 40
3.0
  1
ACAD_ISO04W100
  7
OpenSans
 11
240.0
 21
91.0
 31
0.0
100
AcDbText
  0
LWPOLYLINE
  5
97
330
17
100
AcDbEntity
  8
FRAME
100
AcDbPolyline
 90
4
 70
1
 10
240.0
 20
40.0
 10
332.0
 20
40.0
 10
332.0
 20
88.0
 10
240.0
 20
88.0
  0
HATCH
  5
98
330
17
100
AcDbEntity
  8
HATCH
 62
7
100
AcDbHatch
 10
0.0
 20
0.0
 30
0.0
210
0.0
220
0.0
230
1.0
  2
ACAD_ISO04W100
 70
0
 71
0
 91
1
 92
3
 72
0
 73
1
 93
4
 10
240.0
 20
40.0
 10
332.0
 20
40.0
 10
332.0
 20
88.0
 10
240.0
 20
88.0
 97
0
 75
0
 76
1
 52
0.0
 41
1.0
 77
0
 78
1
 53
0.0
 43
240.0
 44
40.0
 45
0.0
 46
5.0
 79
4
 49
24.0
 49
-3.0
 49
0.5
 49
-3.0
 98
0
  0
TEXT
  5
99
330
17
100
AcDbEntity
  8
LABEL
100
AcDbText
 10
360.0
 20
91.0
 30
0.0
 40
3.0
  1
ACAD_ISO05W100
  7
OpenSans
 11
360.0
 21
91.0
 31
0.0
100
AcDbText
  0
LWPOLYLINE
  5
9A
330
17
100
AcDbEntity
  8
FRAME
100
AcDbPolyline
 90
4
 70
1
 10
360.0
 20
40.0
 10
452.0
 20
40.0
 10
452.0
 20
88.0
 10
360.0
 20
88.0
  0
HATCH
  5
9B
330
17
100
AcDbEntity
  8
HATCH
 62
7
100
AcDbHatch
 10
0.0
 20
0.0
 30
0.0
210
0.0
220
0.0
230
1.0
  2
ACAD_ISO05W100
 70
0
 71
0
 91
1
 92
3
 72
0
 73
1
 93
4
 10
360.0
 20
40.0
 10
452.0
 20
40.0
 10
452.0
 20
88.0
 10
360.0
 20
88.0
 97
0
 75
0
 76
1
 52
0.0
 41
1.0
 77
0
 78
1
 53
0.0
 43
360.0
 44
40.0
 45
0.0
 46
5.0
 79
6
 49
24.0
 49
-3.0
 49
0.5
 49
-3.0
 49
0.5
 49
-3.0
 98
0
  0
TEXT
  5
9C
330
17
100
AcDbEntity
  8
LABEL
100
AcDbText
 10
480.0
 20
91.0
 30
0.0
 40
3.0
  1
ACAD_ISO06W100
  7
OpenSans
 11
480.0
 21
91.0
 31
0.0
100
AcDbText
  0
LWPOLYLINE
  5
9D
330
17
100
AcDbEntity
  8
FRAME
100
AcDbPolyline
 90
4
 70
1
 10
480.0
 20
40.0
 10
572.0
 20
40.0
 10
572.0
 20
88.0
 10
480.0
 20
88.0
  0
HATCH
  5
9E
330
17
100
AcDbEntity
  8
HATCH
 62
7
100
AcDbHatch
 10
0.0
 20
0.0
 30
0.0
210
0.0
220
0.0
230
1.0
  2
ACAD_ISO06W100
 70
0
 71
0
 91
1
 92
3
 72
0
 73
1
 93
4
 10
480.0
 20
40.0
 10
572.0
 20
40.0
 10
572.0
 20
88.0
 10
480.0
 20
88.0
 97
0
 75
0
 76
1
 52
0.0
 41
1.0
 77
0
 78
2
 53
0.0
 43
480.0
 44
40.0
 45
0.0
 46
5.0
 79
6
 49
24.0
 49
-3.0
 49
0.5
 49
-3.0
 49
0.5
 49
-6.5
 53
0.0
 43
480.0
 44
40.0
 45
0.0
 46
5.0
 79
3
 49
-34.0
 49
0.5
 49
-3.0
 98
0
  0
TEXT
  5
9F
330
17
100
AcDbEntity
  8
LABEL
100
AcDbText
 10
600.0
 20
91.0
 30
0.0
 40
3.0
  1
ACAD_ISO07W100
  7
OpenSans
 11
600.0
 21
91.0
 31
0.0
100
AcDbText
  0
LWPOLYLINE
  5
A0
330
17
100
AcDbEntity
  8
FRAME
100
AcDbPolyline
 90
4
 70
1
 10
600.0
 20
40.0
 10
692.0
 20
40.0
 10
692.0
 20
88.0
 10
600.0
 20
88.0
  0
HATCH
  5
A1
330
17
100
AcDbEntity
  8
HATCH
 62
7
100
AcDbHatch
 10
0.0
 20
0.0
 30
0.0
210
0.0
220
0.0
230
1.0
  2
ACAD_ISO07W100
 70
0
 71
0
 91
1
 92
3
 72
0
 73
1
 93
4
 10
600.0
 20
40.0
 10
692.0
 20
40.0
 10
692.0
 20
88.0
 10
600.0
 20
88.0
 97
0
 75
0
 76
1
 52
0.0
 41
1.0
 77
0
 78
1
 53
0.0
 43
600.0
 44
40.0
 45
0.0
 46
5.0
 79
2
 49
0.5
 49
-3.0
 98
0
  0
TEXT
  5
A2
330
17
100
AcDbEntity
  8
LABEL
100
AcDbText
 10
0.0
 20
179.0
 30
0.0
 40
3.0
  1
ACAD_ISO08W100
  7
OpenSans
 11
0.0
 21
179.0
 31
0.0
100
AcDbText
  0
LWPOLYLINE
  5
A3
330
17
100
AcDbEntity
  8
FRAME
100
AcDbPolyline
 90
4
 70
1
 10
0.0
 20
128.0
 10
92.0
 20
128.0
 10
92.0
 20
176.0
 10
0.0
 20
176.0
  0
HATCH
  5
A4
330
17
100
AcDbEntity
  8
HATCH
 62
7
100
AcDbHatch
 10
0.0
 20
0.0
 30
0.0
210
0.0
220
0.0
230
1.0
  2
ACAD_ISO08W100
 70
0
 71
0
 91
1
 92
3
 72
0
 73
1
 93
4
 10
0.0
 20
128.0
 10
92.0
 20
128.0
 10
92.0
 20
176.0
 10
0.0
 20
176.0
 97
0
 75
0
 76
1
 52
0.0
 41
1.0
 77
0
 78
1
 53
0.0
 43
0.0
 44
128.0
 45
0.0
 46
5.0
 79
4
 49
24.0
 49
-3.0
 49
6.0
 49
-3.0
 98
0
  0
TEXT
  5
A5
330
17
100
AcDbEntity
  8
LABEL
100
AcDbText
 10
120.0
 20
179.0
 30
0.0
 40
3.0
  1
ACAD_ISO09W100
  7
OpenSans
 11
120.0
 21
179.0
 31
0.0
100
AcDbText
  0
LWPOLYLINE
  5
A6
330
17
100
AcDbEntity
  8
FRAME
100
AcDbPolyline
 90
4
 70
1
 10
120.0
 20
128.0
 10
212.0
 20
128.0
 10
212.0
 20
176.0
 10
120.0
 20
176.0
  0
HATCH
  5
A7
330
17
100
AcDbEntity
  8
HATCH
 62
7
100
AcDbHatch
 10
0.0
 20
0.0
 30
0.0
210
0.0
220
0.0
230
1.0
  2
ACAD_ISO09W100
 70
0
 71
0
 91
1
 92
3
 72
0
 73
1
 93
4
 10
120.0
 20
128.0
 10
212.0
 20
128.0
 10
212.0
 20
176.0
 10
120.0
 20
176.0
 97
0
 75
0
 76
1
 52
0.0
 41
1.0
 77
0
 78
1
 53
0.0
 43
120.0
 44
128.0
 45
0.0
 46
5.0
 79
6
 49
24.0
 49
-3.0
 49
6.0
 49
-3.0
 49
6.0
 49
-3.0
 98
0
  0
TEXT
  5
A8
330
17
100
AcDbEntity
  8
LABEL
100
AcDbText
 10
240.0
 20
179.0
 30
0.0
 40
3.0
  1
ACAD_ISO10W100
  7
OpenSans
 11
240.0
 21
179.0
 31
0.0
100
AcDbText
  0
LWPOLYLINE
  5
A9
330
17
100
AcDbEntity
  8
FRAME
100
AcDbPolyline
 90
4
 70
1
 10
240.0
 20
128.0
 10
332.0
 20
128.0
 10
332.0
 20
176.0
 10
240.0
 20
176.0
  0
HATCH
  5
AA
330
17
100
AcDbEntity
  8
HATCH
 62
7
100
AcDbHatch
 10
0.0
 20
0.0
 30
0.0
210
0.0
220
0.0
230
1.0
  2
ACAD_ISO10W100
 70
0
 71
0
 91
1
 92
3
 72
0
 73
1
 93
4
 10
240.0
 20
128.0
 10
332.0
 20
128.0
 10
332.0
 20
176.0
 10
240.0
 20
176.0
 97
0
 75
0
 76
1
 52
0.0
 41
1.0
 77
0
 78
1
 53
0.0
 43
240.0
 44
128.0
 45
0.0
 46
5.0
 79
4
 49
12.0
 49
-3.0
 49
0.5
 49
-3.0
 98
0
  0
TEXT
  5
AB
330
17
100
AcDbEntity
  8
LABEL
100
AcDbText
 10
360.0
 20
179.0
 30
0.0
 40
3.0
  1
ACAD_ISO11W100
  7
OpenSans
 11
360.0
 21
179.0
 31
0.0
100
AcDbText
  0
LWPOLYLINE
  5
AC
330
17
100
AcDbEntity
  8
FRAME
100
AcDbPolyline
 90
4
 70
1
 10
360.0
 20
128.0
 10
452.0
 20
128.0
 10
452.0
 20
176.0
 10
360.0
 20
176.0
  0
HATCH
  5
AD
330
17
100
AcDbEntity
  8
HATCH
 62
7
100
AcDbHatch
 10
0.0
 20
0.0
 30
0.0
210
0.0
220
0.0
230
1.0
  2
ACAD_ISO11W100
 70
0
 71
0
 91
1
 92
3
 72
0
 73
1
 93
4
 10
360.0
 20
128.0
 10
452.0
 20
128.0
 10
452.0
 20
176.0
 10
360.0
 20
176.0
 97
0
 75
0
 76
1
 52
0.0
 41
1.0
 77
0
 78
1
 53
0.0
 43
360.0
 44
128.0
 45
0.0
 46
5.0
 79
6
 49
12.0
 49
-3.0
 49
12.0
 49
-3.0
 49
0.5
 49
-3.0
 98
0
  0
TEXT
  5
AE
330
17
100
AcDbEntity
  8
LABEL
100
AcDbText
 10
480.0
 20
179.0
 30
0.0
 40
3.0
  1
ACAD_ISO12W100
  7
OpenSans
 11
480.0
 21
179.0
 31
0.0
100
AcDbText
  0
LWPOLYLINE
  5
AF
330
17
100
AcDbEntity
  8
FRAME
100
AcDbPolyline
 90
4
 70
1
 10
480.0
 20
128.0
 10
572.0
 20
128.0
 10
572.0
 20
176.0
 10
480.0
 20
176.0
  0
HATCH
  5
B0
330
17
100
AcDbEntity
  8
HATCH
 62
7
100
AcDbHatch
 10
0.0
 20
0.0
 30
0.0
210
0.0
220
0.0
230
1.0
  2
ACAD_ISO12W100
 70
0
 71
0
 91
1
 92
3
 72
0
 73
1
 93
4
 10
480.0
 20
128.0
 10
572.0
 20
128.0
 10
572.0
 20
176.0
 10
480.0
 20
176.0
 97
0
 75
0
 76
1
 52
0.0
 41
1.0
 77
0
 78
1
 53
0.0
 43
480.0
 44
128.0
 45
0.0
 46
5.0
 79
6
 49
12.0
 49
-3.0
 49
0.5
 49
-3.0
 49
0.5
 49
-3.0
 98
0
  0
TEXT
  5
B1
330
17
100
AcDbEntity
  8
LABEL
100
AcDbText
 10
600.0
 20
179.0
 30
0.0
 40
3.0
  1
ACAD_ISO13W100
  7
OpenSans
 11
600.0
 21
179.0
 31
0.0
100
AcDbText
  0
LWPOLYLINE
  5
B2
330
17
100
AcDbEntity
  8
FRAME
100
AcDbPolyline
 90
4
 70
1
 10
600.0
 20
128.0
 10
692.0
 20
128.0
 10
692.0
 20
176.0
 10
600.0
 20
176.0
  0
HATCH
  5
B3
330
17
100
AcDbEntity
  8
HATCH
 62
7
100
AcDbHatch
 10
0.0
 20
0.0
 30
0.0
210
0.0
220
0.0
230
1.0
  2
ACAD_ISO13W100
 70
0
 71
0
 91
1
 92
3
 72
0
 73
1
 93
4
 10
600.0
 20
128.0
 10
692.0
 20
128.0
 10
692.0
 20
176.0
 10
600.0
 20
176.0
 97
0
 75
0
 76
1
 52
0.0
 41
1.0
 77
0
 78
2
 53
0.0
 43
600.0
 44
128.0
 45
0.0
 46
5.0
 79
6
 49
12.0
 49
-3.0
 49
12.0
 49
-3.0
 49
0.5
 49
-6.5
 53
0.0
 43
600.0
 44
128.0
 45
0.0
 46
5.0
 79
3
 49
-33.5
 49
0.5
 49
-3.0
 98
0
  0
TEXT
  5
B4
330
17
100
AcDbEntity
  8
LABEL
100
AcDbText
 10
0.0
 20
267.0
 30
0.0
 40
3.0
  1
ACAD_ISO14W100
  7
OpenSans
 11
0.0
 21
267.0
 31
0.0
100
AcDbText
  0
LWPOLYLINE
  5
B5
330
17
100
AcDbEntity
  8
FRAME
100
AcDbPolyline
 90
4
 70
1
 10
0.0
 20
216.0
 10
92.0
 20
216.0
 10
92.0
 20
264.0
 10
0.0
 20
264.0
  0
HATCH
  5
B6
330
17
100
AcDbEntity
  8
HATCH
 62
7
100
AcDbHatch
 10
0.0
 20
0.0
 30
0.0
210
0.0
220
0.0
230
1.0
  2
ACAD_ISO14W100
 70
0
 71
0
 91
1
 92
3
 72
0
 73
1
 93
4
 10
0.0
 20
216.0
 10
92.0
 20
216.0
 10
92.0
 20
264.0
 10
0.0
 20
264.0
 97
0
 75
0
 76
1
 52
0.0
 41
1.0
 77
0
 78
2
 53
0.0
 43
0.0
 44
216.0
 45
0.0
 46
5.0
 79
6
 49
12.0
 49
-3.0
 49
0.5
 49
-3.0
 49
0.5
 49
-6.5
 53
0.0
 43
0.0
 44
216.0
 45
0.0
 46
5.0
 79
3
 49
-22.0
 49
0.5
 49
-3.0
 98
0
  0
TEXT
  5
B7
330
17
100
AcDbEntity
  8
LABEL
100
AcDbText
 10
120.0
 20
267.0
 30
0.0
 40
3.0
  1
ACAD_ISO15W100
  7
OpenSans
 11
120.0
 21
267.0
 31
0.0
100
AcDbText
  0
LWPOLYLINE
  5
B8
330
17
100
AcDbEntity
  8
FRAME
100
AcDbPolyline
 90
4
 70
1
 10
120.0
 20
216.0
 10
212.0
 20
216.0
 10
212.0
 20
264.0
 10
120.0
 20
264.0
  0
HATCH
  5
B9
330
17
100
AcDbEntity
  8
HATCH
 62
7
100
AcDbHatch
 10
0.0
 20
0.0
 30
0.0
210
0.0
220
0.0
230
1.0
  2
ACAD_ISO15W100
 70
0
 71
0
 91
1
 92
3
 72
0
 73
1
 93
4
 10
120.0
 20
216.0
 10
212.0
 20
216.0
 10
212.0
 20
264.0
 10
120.0
 20
264.0
 97
0
 75
0
 76
1
 52
0.0
 41
1.0
 77
0
 78
2
 53
0.0
 43
120.0
 44
216.0
 45
0.0
 46
5.0
 79
6
 49
12.0
 49
-3.0
 49
12.0
 49
-3.0
 49
0.5
 49
-10.0
 53
0.0
 43
120.0
 44
216.0
 45
0.0
 46
5.0
 79
5
 49
-33.5
 49
0.5
 49
-3.0
 49
0.5
 49
-3.0
 98
0
  0
TEXT
  5
BA
330
17
100
AcDbEntity
  8
LABEL
100
AcDbText
 10
240.0
 20
267.0
 30
0.0
 40
3.0
  1
ANCHORLOCK
  7
OpenSans
 11
240.0
 21
267.0
 31
0.0
100
AcDbText
  0
LWPOLYLINE
  5
BB
330
17
100
AcDbEntity
  8
FRAME
100
AcDbPolyline
 90
4
 70
1
 10
240.0
 20
216.0
 10
332.0
 20
216.0
 10
332.0
 20
264.0
 10
240.0
 20
264.0
  0
HATCH
  5
BC
330
17
100
AcDbEntity
  8
HATCH
 62
7
100
AcDbHatch
 10
0.0
 20
0.0
 30
0.0
210
0.0
220
0.0
230
1.0
  2
ANCHORLOCK
 70
0
 71
0
 91
1
 92
3
 72
0
 73
1
 93
4
 10
240.0
 20
216.0
 10
332.0
 20
216.0
 10
332.0
 20
264.0
 10
240.0
 20
264.0
 97
0
 75
0
 76
1
 52
0.0
 41
1.0
 77
0
 78
4
 53
18.435
 43
232.4698285605
 44
213.4899353605
 45
50.2011354351
 46
25.1006237677
 79
2
 49
15.875
 49
-63.5
 53
333.435
 43
222.4296148335
 44
193.409463393
 45
25.1005788571
 46
2.25052e-05
 79
2
 49
11.2253201325
 49
-44.9012805935
 53
63.435
 43
237.4899130085
 44
248.6307503975
 45
-2.23917e-05
 46
25.1005789423
 79
2
 49
11.2253201325
 49
-44.9012805935
 53
108.435
 43
242.5100198085
 44
233.5704075185
 45
-2.24201e-05
 46
25.1005789276
 79
2
 49
15.875
 49
-63.5
 98
0
  0
TEXT
  5
BD
330
17
100
AcDbEntity
  8
LABEL
100
AcDbText
 10
360.0
 20
267.0
 30
0.0
 40
3.0
  1
ANGLE
  7
OpenSans
 11
360.0
 21
267.0
 31
0.0
100
AcDbText
  0
LWPOLYLINE
  5
BE
330
17
100
AcDbEntity
  8
FRAME
100
AcDbPolyline
 90
4
 70
1
 10
360.0
 20
216.0
 10
452.0
 20
216.0
 10
452.0
 20
264.0
 10
360.0
 20
264.0
  0
HATCH
  5
BF
330
17
100
AcDbEntity
  8
HATCH
 62
7
100
AcDbHatch
 10
0.0
 20
0.0
 30
0.0
210
0.0
220
0.0
230
1.0
  2
ANGLE
 70
0
 71
0
 91
1
 92
3
 72
0
 73
1
 93
4
 10
360.0
 20
216.0
 10
452.0
 20
216.0
 10
452.0
 20
264.0
 10
360.0
 20
264.0
 97
0
 75
0
 76
1
 52
0.0
 41
1.0
 77
0
 78
2
 53
0.0
 43
360.0
 44
216.0
 45
0.0
 46
13.97
 79
2
 49
10.16
 49
-3.81
 53
90.0
 43
360.0
 44
216.0
 45
-13.97
 46
0.0
 79
2
 49
10.16
 49
-3.81
 98
0
  0
TEXT
  5
C0
330
17
100
AcDbEntity
  8
LABEL
100
AcDbText
 10
480.0
 20
267.0
 30
0.0
 40
3.0
  1
ANSI31
  7
OpenSans
 11
480.0
 21
267.0
 31
0.0
100
AcDbText
  0
LWPOLYLINE
  5
C1
330
17
100
AcDbEntity
  8
FRAME
100
AcDbPolyline
 90
4
 70
1
 10
480.0
 20
216.0
 10
572.0
 20
216.0
 10
572.0
 20
264.0
 10
480.0
 20
264.0
  0
HATCH
  5
C2
330
17
100
AcDbEntity
  8
HATCH
 62
7
100
AcDbHatch
 10
0.0
 20
0.0
 30
0.0
210
0.0
220
0.0
230
1.0
  2
ANSI31
 70
0
 71
0
 91
1
 92
3
 72
0
 73
1
 93
4
 10
480.0
 20
216.0
 10
572.0
 20
216.0
 10
572.0
 20
264.0
 10
480.0
 20
264.0
 97
0
 75
0
 76
1
 52
0.0
 41
1.0
 77
0
 78
1
 53
45.0
 43
480.0
 44
216.0
 45
-2.2450640303
 46
2.2450640303
 79
0
 98
0
  0
TEXT
  5
C3
330
17
100
AcDbEntity
  8
LABEL
100
AcDbText
 10
600.0
 20
267.0
 30
0.0
 40
3.0
  1
ANSI32
  7
OpenSans
 11
600.0
 21
267.0
 31
0.0
100
AcDbText
  0
LWPOLYLINE
  5
C4
330
17
100
AcDbEntity
  8
FRAME
100
AcDbPolyline
 90
4
 70
1
 10
600.0
 20
216.0
 10
692.0
 20
216.0
 10
692.0
 20
264.0
 10
600.0
 20
264.0
  0
HATCH
  5
C5
330
17
100
AcDbEntity
  8
HATCH
 62
7
100
AcDbHatch
 10
0.0
 20
0.0
 30
0.0
210
0.0
220
0.0
230
1.0
  2
ANSI32
 70
0
 71
0
 91
1
 92
3
 72
0
 73
1
 93
4
 10
600.0
 20
216.0
 10
692.0
 20
216.0
 10
692.0
 20
264.0
 10
600.0
 20
264.0
 97
0
 75
0
 76
1
 52
0.0
 41
1.0
 77
0
 78
2
 53
45.0
 43
600.0
 44
216.0
 45
-6.7351920908
 46
6.7351920908
 79
0
 53
45.0
 43
604.490128053
 44
216.0
 45
-6.7351920908
 46
6.7351920908
 79
0
 98
0
  0
TEXT
  5
C6
330
17
100
AcDbEntity
  8
LABEL
100
AcDbText
 10
0.0
 20
355.0
 30
0.0
 40
3.0
  1
ANSI33
  7
OpenSans
 11
0.0
 21
355.0
 31
0.0
100
AcDbText
  0
LWPOLYLINE
  5
C7
330
17
100
AcDbEntity
  8
FRAME
100
AcDbPolyline
 90
4
 70
1
 10
0.0
 20
304.0
 10
92.0
 20
304.0
 10
92.0
 20
352.0
 10
0.0
 20
352.0
  0
HATCH
  5
C8
330
17
100
AcDbEntity
  8
HATCH
 62
7
100
AcDbHatch
 10
0.0
 20
0.0
 30
0.0
210
0.0
220
0.0
230
1.0
  2
ANSI33
 70
0
 71
0
 91
1
 92
3
 72
0
 73
1
 93
4
 10
0.0
 20
304.0
 10
92.0
 20
304.0
 10
92.0
 20
352.0
 10
0.0
 20
352.0
 97
0
 75
0
 76
1
 52
0.0
 41
1.0
 77
0
 78
2
 53
45.0
 43
0.0
 44
304.0
 45
-4.4901280605
 46
4.4901280605
 79
0
 53
45.0
 43
4.490128053
 44
304.0
 45
-4.4901280605
 46
4.4901280605
 79
2
 49
3.175
 49
-1.5875
 98
0
  0
TEXT
  5
C9
330
17
100
AcDbEntity
  8
LABEL
100
AcDbText
 10
120.0
 20
355.0
 30
0.0
 40
3.0
  1
ANSI34
  7
OpenSans
 11
120.0
 21
355.0
 31
0.0
100
AcDbText
  0
LWPOLYLINE
  5
CA
330
17
100
AcDbEntity
  8
FRAME
100
AcDbPolyline
 90
4
 70
1
 10
120.0
 20
304.0
 10
212.0
 20
304.0
 10
212.0
 20
352.0
 10
120.0
 20
352.0
  0
HATCH
  5
CB
330
17
100
AcDbEntity
  8
HATCH
 62
7
100
AcDbHatch
 10
0.0
 20
0.0
 30
0.0
210
0.0
220
0.0
230
1.0
  2
ANSI34
 70
0
 71
0
 91
1
 92
3
 72
0
 73
1
 93
4
 10
120.0
 20
304.0
 10
212.0
 20
304.0
 10
212.0
 20
352.0
 10
120.0
 20
352.0
 97
0
 75
0
 76
1
 52
0.0
 41
1.0
 77
0
 78
4
 53
45.0
 43
120.0
 44
304.0
 45
-13.4703841816
 46
13.4703841816
 79
0
 53
45.0
 43
124.490128053
 44
304.0
 45
-13.4703841816
 46
13.4703841816
 79
0
 53
45.0
 43
128.9802561314
 44
304.0
 45
-13.4703841816
 46
13.4703841816
 79
0
 53
45.0
 43
133.4703841844
 44
304.0
 45
-13.4703841816
 46
13.4703841816
 79
0
 98
0
  0
TEXT
  5
CC
330
17
100
AcDbEntity
  8
LABEL
100
AcDbText
 10
240.0
 20
355.0
 30
0.0
 40
3.0
  1
ANSI35
  7
OpenSans
 11
240.0
 21
355.0
 31
0.0
100
AcDbText
  0
LWPOLYLINE
  5
CD
330
17
100
AcDbEntity
  8
FRAME
100
AcDbPolyline
 90
4
 70
1
 10
240.0
 20
304.0
 10
332.0
 20
304.0
 10
332.0
 20
352.0
 10
240.0
 20
352.0
  0
HATCH
  5
CE
330
17
100
AcDbEntity
  8
HATCH
 62
7
100
AcDbHatch
 10
0.0
 20
0.0
 30
0.0
210
0.0
220
0.0
230
1.0
  2
ANSI35
 70
0
 71
0
 91
1
 92
3
 72
0
 73
1
 93
4
 10
240.0
 20
304.0
 10
332.0
 20
304.0
 10
332.0
 20
352.0
 10
240.0
 20
352.0
 97
0
 75
0
 76
1
 52
0.0
 41
1.0
 77
0
 78
2
 53
45.0
 43
240.0
 44
304.0
 45
-4.4901280605
 46
4.4901280605
 79
0
 53
45.0
 43
244.490128053
 44
304.0
 45
-4.4901280605
 46
4.4901280605
 79
4
 49
7.9375
 49
-1.5875
 49
0.0
 49
-1.5875
 98
0
  0
TEXT
  5
CF
330
17
100
AcDbEntity
  8
LABEL
100
AcDbText
 10
360.0
 20
355.0
 30
0.0
 40
3.0
  1
ANSI36
  7
OpenSans
 11
360.0
 21
355.0
 31
0.0
100
AcDbText
  0
LWPOLYLINE
  5
D0
330
17
100
AcDbEntity
  8
FRAME
100
AcDbPolyline
 90
4
 70
1
 10
360.0
 20
304.0
 10
452.0
 20
304.0
 10
452.0
 20
352.0
 10
360.0
 20
352.0
  0
HATCH
  5
D1
330
17
100
AcDbEntity
  8
HATCH
 62
7
100
AcDbHatch
 10
0.0
 20
0.0
 30
0.0
210
0.0
220
0.0
230
1.0
  2
ANSI36
 70
0
 71
0
 91
1
 92
3
 72
0
 73
1
 93
4
 10
360.0
 20
304.0
 10
452.0
 20
304.0
 10
452.0
 20
352.0
 10
360.0
 20
352.0
 97
0
 75
0
 76
1
 52
0.0
 41
1.0
 77
0
 78
1
 53
45.0
 43
360.0
 44
304.0
 45
1.6837980227
 46
6.1739260832
 79
4
 49
7.9375
 49
-1.5875
 49
0.0
 49
-1.5875
 98
0
  0
TEXT
  5
D2
330
17
100
AcDbEntity
  8
LABEL
100
AcDbText
 10
480.0
 20
355.0
 30
0.0
 40
3.0
  1
ANSI37
  7
OpenSans
 11
480.0
 21
355.0
 31
0.0
100
AcDbText
  0
LWPOLYLINE
  5
D3
330
17
100
AcDbEntity
  8
FRAME
100
AcDbPolyline
 90
4
 70
1
 10
480.0
 20
304.0
 10
572.0
 20
304.0
 10
572.0
 20
352.0
 10
480.0
 20
352.0
  0
HATCH
  5
D4
330
17
100
AcDbEntity
  8
HATCH
 62
7
100
AcDbHatch
 10
0.0
 20
0.0
 30
0.0
210
0.0
220
0.0
230
1.0
  2
ANSI37
 70
0
 71
0
 91
1
 92
3
 72
0
 73
1
 93
4
 10
480.0
 20
304.0
 10
572.0
 20
304.0
 10
572.0
 20
352.0
 10
480.0
 20
352.0
 97
0
 75
0
 76
1
 52
0.0
 41
1.0
 77
0
 78
2
 53
45.0
 43
480.0
 44
304.0
 45
-2.2450640303
 46
2.2450640303
 79
0
 53
135.0
 43
480.0
 44
304.0
 45
-2.2450640303
 46
-2.2450640303
 79
0
 98
0
  0
TEXT
  5
D5
330
17
100
AcDbEntity
  8
LABEL
100
AcDbText
 10
600.0
 20
355.0
 30
0.0
 40
3.0
  1
ANSI38
  7
OpenSans
 11
600.0
 21
355.0
 31
0.0
100
AcDbText
  0
LWPOLYLINE
  5
D6
330
17
100
AcDbEntity
  8
FRAME
100
AcDbPolyline
 90
4
 70
1
 10
600.0
 20
304.0
 10
692.0
 20
304.0
 10
692.0
 20
352.0
 10
600.0
 20
352.0
  0
HATCH
  5
D7
330
17
100
AcDbEntity
  8
HATCH
 62
7
100
AcDbHatch
 10
0.0
 20
0.0
 30
0.0
210
0.0
220
0.0
230
1.0
  2
ANSI38
 70
0
 71
0
 91
1
 92
3
 72
0
 73
1
 93
4
 10
600.0
 20
304.0
 10
692.0
 20
304.0
 10
692.0
 20
352.0
 10
600.0
 20
352.0
 97
0
 75
0
 76
1
 52
0.0
 41
1.0
 77
0
 78
2
 53
45.0
 43
600.0
 44
304.0
 45
-2.2450640303
 46
2.2450640303
 79
0
 53
135.0
 43
600.0
 44
304.0
 45
-6.7351920908
 46
2.2450640303
 79
2
 49
7.9375
 49
-4.7625
 98
0
  0
TEXT
  5
D8
330
17
100
AcDbEntity
  8
LABEL
100
AcDbText
 10
0.0
 20
443.0
 30
0.0
 40
3.0
  1
AR-B816  s=0.226
  7
OpenSans
 11
0.0
 21
443.0
 31
0.0
100
AcDbText
  0
LWPOLYLINE
  5
D9
330
17
100
AcDbEntity
  8
FRAME
100
AcDbPolyline
 90
4
 70
1
 10
0.0
 20
392.0
 10
92.0
 20
392.0
 10
92.0
 20
440.0
 10
0.0
 20
440.0
  0
HATCH
  5
DA
330
17
100
AcDbEntity
  8
HATCH
 62
7
100
AcDbHatch
 10
0.0
 20
0.0
 30
0.0
210
0.0
220
0.0
230
1.0
  2
AR-B816
 70
0
 71
0
 91
1
 92
3
 72
0
 73
1
 93
4
 10
0.0
 20
392.0
 10
92.0
 20
392.0
 10
92.0
 20
440.0
 10
0.0
 20
440.0
 97
0
 75
0
 76
1
 52
0.0
 41
0.226
 77
0
 78
2
 53
0.0
 43
0.0
 44
392.0
 45
0.0
 46
45.9232
 79
0
 53
90.0
 43
0.0
 44
392.0
 45
-45.9232
 46
45.9232
 79
2
 49
45.9232
 49
-45.9232
 98
0
  0
TEXT
  5
DB
330
17
100
AcDbEntity
  8
LABEL
100
AcDbText
 10
120.0
 20
443.0
 30
0.0
 40
3.0
  1
AR-B816C  s=0.226
  7
OpenSans
 11
120.0
 21
443.0
 31
0.0
100
AcDbText
  0
LWPOLYLINE
  5
DC
330
17
100
AcDbEntity
  8
FRAME
100
AcDbPolyline
 90
4
 70
1
 10
120.0
 20
392.0
 10
212.0
 20
392.0
 10
212.0
 20
440.0
 10
120.0
 20
440.0
  0
HATCH
  5
DD
330
17
100
AcDbEntity
  8
HATCH
 62
7
100
AcDbHatch
 10
0.0
 20
0.0
 30
0.0
210
0.0
220
0.0
230
1.0
  2
AR-B816C
 70
0
 71
0
 91
1
 92
3
 72
0
 73
1
 93
4
 10
120.0
 20
392.0
 10
212.0
 20
392.0
 10
212.0
 20
440.0
 10
120.0
 20
440.0
 97
0
 75
0
 76
1
 52
0.0
 41
0.226
 77
0
 78
4
 53
0.0
 43
120.0
 44
392.0
 45
45.9232
 46
45.9232
 79
2
 49
89.69375
 49
-2.15265
 53
0.0
 43
74.07679999999999
 44
394.15265
 45
45.9232
 46
45.9232
 79
2
 49
89.69375
 49
-2.15265
 53
90.0
 43
120.0
 44
392.0
 45
-45.9232
 46
45.9232
 79
2
 49
-48.07585
 49
43.77055
 53
90.0
 43
117.84735
 44
392.0
 45
-45.9232
 46
45.9232
 79
2
 49
-48.07585
 49
43.77055
 98
0
  0
TEXT
  5
DE
330
17
100
AcDbEntity
  8
LABEL
100
AcDbText
 10
240.0
 20
443.0
 30
0.0
 40
3.0
  1
AR-B88  s=0.226
  7
OpenSans
 11
240.0
 21
443.0
 31
0.0
100
AcDbText
  0
LWPOLYLINE
  5
DF
330
17
100
AcDbEntity
  8
FRAME
100
AcDbPolyline
 90
4
 70
1
 10
240.0
 20
392.0
 10
332.0
 20
392.0
 10
332.0
 20
440.0
 10
240.0
 20
440.0
  0
HATCH
  5
E0
330
17
100
AcDbEntity
  8
HATCH
 62
7
100
AcDbHatch
 10
0.0
 20
0.0
 30
0.0
210
0.0
220
0.0
230
1.0
  2
AR-B88
 70
0
 71
0
 91
1
 92
3
 72
0
 73
1
 93
4
 10
240.0
 20
392.0
 10
332.0
 20
392.0
 10
332.0
 20
440.0
 10
240.0
 20
440.0
 97
0
 75
0
 76
1
 52
0.0
 41
0.226
 77
0
 78
2
 53
0.0
 43
240.0
 44
392.0
 45
0.0
 46
45.9232
 79
0
 53
90.0
 43
240.0
 44
392.0
 45
-22.9616
 46
45.9232
 79
2
 49
45.9232
 49
-45.9232
 98
0
  0
TEXT
  5
E1
330
17
100
AcDbEntity
  8
LABEL
100
AcDbText
 10
360.0
 20
443.0
 30
0.0
 40
3.0
  1
AR-BRELM  s=0.453
  7
OpenSans
 11
360.0
 21
443.0
 31
0.0
100
AcDbText
  0
LWPOLYLINE
  5
E2
330
17
100
AcDbEntity
  8
FRAME
100
AcDbPolyline
 90
4
 70
1
 10
360.0
 20
392.0
 10
452.0
 20
392.0
 10
452.0
 20
440.0
 10
360.0
 20
440.0
  0
HATCH
  5
E3
330
17
100
AcDbEntity
  8
HATCH
 62
7
100
AcDbHatch
 10
0.0
 20
0.0
 30
0.0
210
0.0
220
0.0
230
1.0
  2
AR-BRELM
 70
0
 71
0
 91
1
 92
3
 72
0
 73
1
 93
4
 10
360.0
 20
392.0
 10
452.0
 20
392.0
 10
452.0
 20
440.0
 10
360.0
 20
440.0
 97
0
 75
0
 76
1
 52
0.0
 41
0.453
 77
0
 78
8
 53
0.0
 43
360.0
 44
392.0
 45
0.0
 46
61.374252
 79
2
 49
87.734775
 49
-4.314825
 53
0.0
 43
360.0
 44
417.88895
 45
0.0
 46
61.374252
 79
2
 49
87.734775
 49
-4.314825
 53
0.0
 43
383.0124
 44
422.6870354
 45
0.0
 46
61.374252
 79
2
 49
41.709975
 49
-4.314825
 53
0.0
 43
383.0124
 44
448.576076
 45
0.0
 46
61.374252
 79
2
 49
41.709975
 49
-4.314825
 53
90.0
 43
360.0
 44
392.0
 45
-92.0496
 46
0.0
 79
2
 49
25.88895
 49
-35.485302
 53
90.0
 43
355.685175
 44
392.0
 45
-92.0496
 46
0.0
 79
2
 49
25.88895
 49
-35.485302
 53
90.0
 43
383.0124
 44
422.6870354
 45
-46.0248
 46
0.0
 79
2
 49
25.88895
 49
-35.485302
 53
90.0
 43
378.69757500000003
 44
422.6870354
 45
-46.0248
 46
0.0
 79
2
 49
25.88895
 49
-35.485302
 98
0
  0
TEXT
  5
E4
330
17
100
AcDbEntity
  8
LABEL
100
AcDbText
 10
480.0
 20
443.0
 30
0.0
 40
3.0
  1
AR-BRSTD  s=0.679
  7
OpenSans
 11
480.0
 21
443.0
 31
0.0
100
AcDbText
  0
LWPOLYLINE
  5
E5
330
17
100
AcDbEntity
  8
FRAME
100
AcDbPolyline
 90
4
 70
1
 10
480.0
 20
392.0
 10
572.0
 20
392.0
 10
572.0
 20
440.0
 10
480.0
 20
440.0
  0
HATCH
  5
E6
330
17
100
AcDbEntity
  8
HATCH
 62
7
100
AcDbHatch
 10
0.0
 20
0.0
 30
0.0
210
0.0
220
0.0
230
1.0
  2
AR-BRSTD
 70
0
 71
0
 91
1
 92
3
 72
0
 73
1
 93
4
 10
480.0
 20
392.0
 10
572.0
 20
392.0
 10
572.0
 20
440.0
 10
480.0
 20
440.0
 97
0
 75
0
 76
1
 52
0.0
 41
0.679
 77
0
 78
2
 53
0.0
 43
480.0
 44
392.0
 45
0.0
 46
45.9966822
 79
0
 53
90.0
 43
480.0
 44
392.0
 45
-68.9864
 46
45.9966822
 79
2
 49
45.9966822
 49
-45.9966822
 98
0
  0
TEXT
  5
E7
330
17
100
AcDbEntity
  8
LABEL
100
AcDbText
 10
600.0
 20
443.0
 30
0.0
 40
3.0
  1
AR-CONC  s=0.175
  7
OpenSans
 11
600.0
 21
443.0
 31
0.0
100
AcDbText
  0
LWPOLYLINE
  5
E8
330
17
100
AcDbEntity
  8
FRAME
100
AcDbPolyline
 90
4
 70
1
 10
600.0
 20
392.0
 10
692.0
 20
392.0
 10
692.0
 20
440.0
 10
600.0
 20
440.0
  0
HATCH
  5
E9
330
17
100
AcDbEntity
  8
HATCH
 62
7
100
AcDbHatch
 10
0.0
 20
0.0
 30
0.0
210
0.0
220
0.0
230
1.0
  2
AR-CONC
 70
0
 71
0
 91
1
 92
3
 72
0
 73
1
 93
4
 10
600.0
 20
392.0
 10
692.0
 20
392.0
 10
692.0
 20
440.0
 10
600.0
 20
440.0
 97
0
 75
0
 76
1
 52
0.0
 41
0.175
 77
0
 78
13
 53
50.0
 43
600.0
 44
392.0
 45
31.8823170743
 46
-2.7893399693
 79
2
 49
3.33375
 49
-36.67125
 53
355.0
 43
600.0
 44
392.0
 45
-6.1675987494
 46
33.4349479168
 79
2
 49
2.667
 49
-29.3371022297
 53
100.4514447
 43
602.656851225
 44
391.7675556375
 45
25.7147182408
 46
30.6456065846
 79
2
 49
2.83325154
 49
-31.165792805
 53
46.1842
 43
600.0
 44
400.89
 45
47.4388321561
 46
-7.3574073882
 79
2
 49
5.000625
 49
-55.006875
 53
96.63555761
 43
603.9532325
 44
400.2768875
 45
41.545723459
 46
43.2995718046
 79
2
 49
4.2498790495
 49
-46.748731428
 53
351.18415117
 43
600.0
 44
400.89
 45
41.5457234614
 46
43.2995718025
 79
2
 49
4.0004942372
 49
-44.005453086
 53
21.0
 43
604.445
 44
398.6675
 45
26.5325184721
 46
-17.8964096827
 79
2
 49
3.33375
 49
-36.67125
 53
326.0
 43
604.445
 44
398.6675
 45
10.8153549608
 46
32.2328940714
 79
2
 49
2.667
 49
-29.337
 53
71.451445
 43
606.656043205
 44
397.1761325175
 45
37.3478733738
 46
14.336484555
 79
2
 49
2.83325154
 49
-31.16573908
 53
37.5
 43
600.0
 44
392.0
 45
0.5405055689
 46
14.7971318028
 79
6
 49
0.0
 49
-28.9814
 49
0.0
 49
-29.7815
 49
0.0
 49
-29.448125
 53
7.5
 43
600.0
 44
392.0
 45
11.6934409393
 46
17.5316005932
 79
6
 49
0.0
 49
-16.9799
 49
0.0
 49
-28.31465
 49
0.0
 49
-11.223625
 53
-32.5
 43
590.08765
 44
392.0
 45
23.7283541542
 46
-1.0025301987
 79
6
 49
0.0
 49
-11.1125
 49
0.0
 49
-34.671
 49
0.0
 49
-46.00575
 53
-42.5
 43
585.64265
 44
392.0
 45
25.9226067425
 46
4.4496359308
 79
6
 49
0.0
 49
-14.44625
 49
0.0
 49
-23.0251
 49
0.0
 49
-32.67075
 98
0
  0
TEXT
  5
EA
330
17
100
AcDbEntity
  8
LABEL
100
AcDbText
 10
0.0
 20
531.0
 30
0.0
 40
3.0
  1
AR-HBONE  s=0.226
  7
OpenSans
 11
0.0
 21
531.0
 31
0.0
100
AcDbText
  0
LWPOLYLINE
  5
EB
330
17
100
AcDbEntity
  8
FRAME
100
AcDbPolyline
 90
4
 70
1
 10
0.0
 20
480.0
 10
92.0
 20
480.0
 10
92.0
 20
528.0
 10
0.0
 20
528.0
  0
HATCH
  5
EC
330
17
100
AcDbEntity
  8
HATCH
 62
7
100
AcDbHatch
 10
0.0
 20
0.0
 30
0.0
210
0.0
220
0.0
230
1.0
  2
AR-HBONE
 70
0
 71
0
 91
1
 92
3
 72
0
 73
1
 93
4
 10
0.0
 20
480.0
 10
92.0
 20
480.0
 10
92.0
 20
528.0
 10
0.0
 20
528.0
 97
0
 75
0
 76
1
 52
0.0
 41
0.226
 77
0
 78
2
 53
45.0
 43
0.0
 44
480.0
 45
0.0
 46
32.4726061338
 79
2
 49
68.8848
 49
-22.9616
 53
135.0
 43
16.236292
 44
496.236292
 45
0.0
 46
32.4726061338
 79
2
 49
68.8848
 49
-22.9616
 98
0
  0
TEXT
  5
ED
330
17
100
AcDbEntity
  8
LABEL
100
AcDbText
 10
120.0
 20
531.0
 30
0.0
 40
3.0
  1
AR-PARQ1  s=0.151
  7
OpenSans
 11
120.0
 21
531.0
 31
0.0
100
AcDbText
  0
LWPOLYLINE
  5
EE
330
17
100
AcDbEntity
  8
FRAME
100
AcDbPolyline
 90
4
 70
1
 10
120.0
 20
480.0
 10
212.0
 20
480.0
 10
212.0
 20
528.0
 10
120.0
 20
528.0
  0
HATCH
  5
EF
330
17
100
AcDbEntity
  8
HATCH
 62
7
100
AcDbHatch
 10
0.0
 20
0.0
 30
0.0
210
0.0
220
0.0
230
1.0
  2
AR-PARQ1
 70
0
 71
0
 91
1
 92
3
 72
0
 73
1
 93
4
 10
120.0
 20
480.0
 10
212.0
 20
480.0
 10
212.0
 20
528.0
 10
120.0
 20
528.0
 97
0
 75
0
 76
1
 52
0.0
 41
0.151
 77
0
 78
14
 53
90.0
 43
120.0
 44
480.0
 45
-46.0248
 46
46.0248
 79
2
 49
46.0248
 49
-46.0248
 53
90.0
 43
127.6708
 44
480.0
 45
-46.0248
 46
46.0248
 79
2
 49
46.0248
 49
-46.0248
 53
90.0
 43
135.3416
 44
480.0
 45
-46.0248
 46
46.0248
 79
2
 49
46.0248
 49
-46.0248
 53
90.0
 43
143.0124
 44
480.0
 45
-46.0248
 46
46.0248
 79
2
 49
46.0248
 49
-46.0248
 53
90.0
 43
150.6832
 44
480.0
 45
-46.0248
 46
46.0248
 79
2
 49
46.0248
 49
-46.0248
 53
90.0
 43
158.35399999999998
 44
480.0
 45
-46.0248
 46
46.0248
 79
2
 49
46.0248
 49
-46.0248
 53
90.0
 43
166.0248
 44
480.0
 45
-46.0248
 46
46.0248
 79
2
 49
46.0248
 49
-46.0248
 53
0.0
 43
120.0
 44
526.0248
 45
46.0248
 46
-46.0248
 79
2
 49
46.0248
 49
-46.0248
 53
0.0
 43
120.0
 44
533.6956
 45
46.0248
 46
-46.0248
 79
2
 49
46.0248
 49
-46.0248
 53
0.0
 43
120.0
 44
541.3664
 45
46.0248
 46
-46.0248
 79
2
 49
46.0248
 49
-46.0248
 53
0.0
 43
120.0
 44
549.0372
 45
46.0248
 46
-46.0248
 79
2
 49
46.0248
 49
-46.0248
 53
0.0
 43
120.0
 44
556.708
 45
46.0248
 46
-46.0248
 79
2
 49
46.0248
 49
-46.0248
 53
0.0
 43
120.0
 44
564.3788
 45
46.0248
 46
-46.0248
 79
2
 49
46.0248
 49
-46.0248
 53
0.0
 43
120.0
 44
572.0496
 45
46.0248
 46
-46.0248
 79
2
 49
46.0248
 49
-46.0248
 98
0
  0
TEXT
  5
F0
330
17
100
AcDbEntity
  8
LABEL
100
AcDbText
 10
240.0
 20
531.0
 30
0.0
 40
3.0
  1
AR-RROOF  s=0.157
  7
OpenSans
 11
240.0
 21
531.0
 31
0.0
100
AcDbText
  0
LWPOLYLINE
  5
F1
330
17
100
AcDbEntity
  8
FRAME
100
AcDbPolyline
 90
4
 70
1
 10
240.0
 20
480.0
 10
332.0
 20
480.0
 10
332.0
 20
528.0
 10
240.0
 20
528.0
  0
HATCH
  5
F2
330
17
100
AcDbEntity
  8
HATCH
 62
7
100
AcDbHatch
 10
0.0
 20
0.0
 30
0.0
210
0.0
220
0.0
230
1.0
  2
AR-RROOF
 70
0
 71
0
 91
1
 92
3
 72
0
 73
1
 93
4
 10
240.0
 20
480.0
 10
332.0
 20
480.0
 10
332.0
 20
528.0
 10
240.0
 20
528.0
 97
0
 75
0
 76
1
 52
0.0
 41
0.157
 77
0
 78
3
 53
0.0
 43
240.0
 44
480.0
 45
8.77316
 46
3.9878
 79
4
 49
59.817
 49
-7.9756
 49
19.939
 49
-3.9878
 53
0.0
 43
245.303774
 44
481.9939
 45
-3.9878
 46
5.303774
 79
4
 49
11.9634
 49
-1.315974
 49
23.9268
 49
-2.99085
 53
0.0
 43
241.9939
 44
483.38963
 45
20.73656
 46
2.671826
 79
4
 49
31.9024
 49
-5.58292
 49
15.9512
 49
-3.9878
 98
0
  0
TEXT
  5
F3
330
17
100
AcDbEntity
  8
LABEL
100
AcDbText
 10
360.0
 20
531.0
 30
0.0
 40
3.0
  1
AR-RSHKE  s=0.075
  7
OpenSans
 11
360.0
 21
531.0
 31
0.0
100
AcDbText
  0
LWPOLYLINE
  5
F4
330
17
100
AcDbEntity
  8
FRAME
100
AcDbPolyline
 90
4
 70
1
 10
360.0
 20
480.0
 10
452.0
 20
480.0
 10
452.0
 20
528.0
 10
360.0
 20
528.0
  0
HATCH
  5
F5
330
17
100
AcDbEntity
  8
HATCH
 62
7
100
AcDbHatch
 10
0.0
 20
0.0
 30
0.0
210
0.0
220
0.0
230
1.0
  2
AR-RSHKE
 70
0
 71
0
 91
1
 92
3
 72
0
 73
1
 93
4
 10
360.0
 20
480.0
 10
452.0
 20
480.0
 10
452.0
 20
528.0
 10
360.0
 20
528.0
 97
0
 75
0
 76
1
 52
0.0
 41
0.075
 77
0
 78
9
 53
0.0
 43
360.0
 44
480.0
 45
48.5775
 46
22.86
 79
6
 49
11.43
 49
-9.525
 49
13.335
 49
-5.715
 49
17.145
 49
-7.62
 53
0.0
 43
371.43
 44
480.9525
 45
48.5775
 46
22.86
 79
4
 49
9.525
 49
-36.195
 49
7.62
 49
-11.43
 53
0.0
 43
394.29
 44
478.57125
 45
48.5775
 46
22.86
 79
2
 49
5.715
 49
-59.055
 53
90.0
 43
360.0
 44
480.0
 45
-16.1925
 46
22.86
 79
2
 49
21.9075
 49
-69.5325
 53
90.0
 43
371.43
 44
480.0
 45
-16.1925
 46
22.86
 79
2
 49
21.43125
 49
-70.00875
 53
90.0
 43
380.955
 44
480.0
 45
-16.1925
 46
22.86
 79
2
 49
20.0025
 49
-71.4375
 53
90.0
 43
394.29
 44
478.57125
 45
-16.1925
 46
22.86
 79
2
 49
21.9075
 49
-69.5325
 53
90.0
 43
400.005
 44
478.57125
 45
-16.1925
 46
22.86
 79
2
 49
21.9075
 49
-69.5325
 53
90.0
 43
417.15
 44
480.0
 45
-16.1925
 46
22.86
 79
2
 49
20.955
 49
-70.485
 98
0
  0
TEXT
  5
F6
330
17
100
AcDbEntity
  8
LABEL
100
AcDbText
 10
480.0
 20
531.0
 30
0.0
 40
3.0
  1
AR-SAND  s=0.748
  7
OpenSans
 11
480.0
 21
531.0
 31
0.0
100
AcDbText
  0
LWPOLYLINE
  5
F7
330
17
100
AcDbEntity
  8
FRAME
100
AcDbPolyline
 90
4
 70
1
 10
480.0
 20
480.0
 10
572.0
 20
480.0
 10
572.0
 20
528.0
 10
480.0
 20
528.0
  0
HATCH
  5
F8
330
17
100
AcDbEntity
  8
HATCH
 62
7
100
AcDbHatch
 10
0.0
 20
0.0
 30
0.0
210
0.0
220
0.0
230
1.0
  2
AR-SAND
 70
0
 71
0
 91
1
 92
3
 72
0
 73
1
 93
4
 10
480.0
 20
480.0
 10
572.0
 20
480.0
 10
572.0
 20
528.0
 10
480.0
 20
528.0
 97
0
 75
0
 76
1
 52
0.0
 41
0.748
 77
0
 78
4
 53
37.5
 43
480.0
 44
480.0
 45
-1.1968234094
 46
36.6081101522
 79
6
 49
0.0
 49
-28.878784
 49
0.0
 49
-32.29864
 49
0.0
 49
-30.8737
 53
7.5
 43
480.0
 44
480.0
 45
33.6243415787
 46
53.6185175225
 79
6
 49
0.0
 49
-15.579344
 49
0.0
 49
-26.028904
 49
0.0
 49
-9.97458
 53
-32.5
 43
456.630984
 44
480.0
 45
59.166229294
 46
0.107501414
 79
6
 49
0.0
 49
-9.4996
 49
0.0
 49
-34.19856
 49
0.0
 49
-44.64812
 53
-42.5
 43
456.630984
 44
480.0
 45
57.1140226449
 46
16.6751133796
 79
6
 49
0.0
 49
-4.7498
 49
0.0
 49
-22.419056
 49
0.0
 49
-25.64892
 98
0
  0
TEXT
  5
F9
330
17
100
AcDbEntity
  8
LABEL
100
AcDbText
 10
600.0
 20
531.0
 30
0.0
 40
3.0
  1
ASPHALT
  7
OpenSans
 11
600.0
 21
531.0
 31
0.0
100
AcDbText
  0
LWPOLYLINE
  5
FA
330
17
100
AcDbEntity
  8
FRAME
100
AcDbPolyline
 90
4
 70
1
 10
600.0
 20
480.0
 10
692.0
 20
480.0
 10
692.0
 20
528.0
 10
600.0
 20
528.0
  0
HATCH
  5
FB
330
17
100
AcDbEntity
  8
HATCH
 62
7
100
AcDbHatch
 10
0.0
 20
0.0
 30
0.0
210
0.0
220
0.0
230
1.0
  2
ASPHALT
 70
0
 71
0
 91
1
 92
3
 72
0
 73
1
 93
4
 10
600.0
 20
480.0
 10
692.0
 20
480.0
 10
692.0
 20
528.0
 10
600.0
 20
528.0
 97
0
 75
0
 76
1
 52
0.0
 41
1.0
 77
0
 78
29
 53
0.0
 43
611.8968774
 44
484.6476158
 45
0.0
 46
25.4
 79
2
 49
0.0
 49
-25.4
 53
0.0
 43
588.535583
 44
488.075549
 45
0.0
 46
25.4
 79
2
 49
0.0
 49
-25.4
 53
0.0
 43
588.4086084
 44
475.4429352
 45
0.0
 46
25.4
 79
2
 49
0.0
 49
-25.4
 53
0.0
 43
603.1998666
 44
474.871613
 45
0.0
 46
25.4
 79
2
 49
0.0
 49
-25.4
 53
0.0
 43
608.7227918
 44
474.6811892
 45
0.0
 46
25.4
 79
2
 49
0.0
 49
-25.4
 53
0.0
 43
601.1684508
 44
491.1860838
 45
0.0
 46
25.4
 79
2
 49
0.0
 49
-25.4
 53
0.0
 43
610.5002838
 44
491.8208806
 45
0.0
 46
25.4
 79
2
 49
0.0
 49
-25.4
 53
0.0
 43
597.4865176
 44
485.4728618
 45
0.0
 46
25.4
 79
2
 49
0.0
 49
-25.4
 53
0.0
 43
599.4544588
 44
480.3944112
 45
0.0
 46
25.4
 79
2
 49
0.0
 49
-25.4
 53
0.0
 43
594.8837542
 44
478.172597
 45
0.0
 46
25.4
 79
2
 49
0.0
 49
-25.4
 53
0.0
 43
592.53494
 44
481.3466318
 45
0.0
 46
25.4
 79
2
 49
0.0
 49
-25.4
 53
0.0
 43
607.9610204
 44
480.9657334
 45
0.0
 46
25.4
 79
2
 49
0.0
 49
-25.4
 53
0.0
 43
599.7718572
 44
487.8850998
 45
0.0
 46
25.4
 79
2
 49
0.0
 49
-25.4
 53
0.0
 43
594.8202796
 44
491.4400076
 45
0.0
 46
25.4
 79
2
 49
0.0
 49
-25.4
 53
0.0
 43
606.3739776
 44
487.5677014
 45
0.0
 46
25.4
 79
2
 49
0.0
 49
-25.4
 53
0.0
 43
590.3765496
 44
484.9650142
 45
0.0
 46
25.4
 79
2
 49
0.0
 49
-25.4
 53
0.0
 43
600.2797048
 44
478.3630462
 45
0.0
 46
25.4
 79
2
 49
0.0
 49
-25.4
 53
0.0
 43
606.5644268
 44
468.7774926
 45
0.0
 46
25.4
 79
2
 49
0.0
 49
-25.4
 53
0.0
 43
590.693948
 44
469.0949164
 45
0.0
 46
25.4
 79
2
 49
0.0
 49
-25.4
 53
0.0
 43
597.2960684
 44
471.570629
 45
0.0
 46
25.4
 79
2
 49
0.0
 49
-25.4
 53
0.0
 43
592.027067
 44
472.015002
 45
0.0
 46
25.4
 79
2
 49
0.0
 49
-25.4
 53
0.0
 43
587.3
 44
492.7
 45
0.0
 46
25.4
 79
2
 49
25.4
 49
0.0
 53
0.0
 43
587.3
 44
489.525
 45
0.0
 46
25.4
 79
2
 49
25.4
 49
0.0
 53
0.0
 43
587.3
 44
486.35
 45
0.0
 46
25.4
 79
2
 49
25.4
 49
0.0
 53
0.0
 43
587.3
 44
483.175
 45
0.0
 46
25.4
 79
2
 49
25.4
 49
0.0
 53
0.0
 43
587.3
 44
480.0
 45
0.0
 46
25.4
 79
2
 49
25.4
 49
0.0
 53
0.0
 43
587.3
 44
476.825
 45
0.0
 46
25.4
 79
2
 49
25.4
 49
0.0
 53
0.0
 43
587.3
 44
473.65
 45
0.0
 46
25.4
 79
2
 49
25.4
 49
0.0
 53
0.0
 43
587.3
 44
470.475
 45
0.0
 46
25.4
 79
2
 49
25.4
 49
0.0
 98
0
  0
TEXT
  5
FC
330
17
100
AcDbEntity
  8
LABEL
100
AcDbText
 10
0.0
 20
619.0
 30
0.0
 40
3.0
  1
BLOCKS  s=0.226
  7
OpenSans
 11
0.0
 21
619.0
 31
0.0
100
AcDbText
  0
LWPOLYLINE
  5
FD
330
17
100
AcDbEntity
  8
FRAME
100
AcDbPolyline
 90
4
 70
1
 10
0.0
 20
568.0
 10
92.0
 20
568.0
 10
92.0
 20
616.0
 10
0.0
 20
616.0
  0
HATCH
  5
FE
330
17
100
AcDbEntity
  8
HATCH
 62
7
100
AcDbHatch
 10
0.0
 20
0.0
 30
0.0
210
0.0
220
0.0
230
1.0
  2
BLOCKS
 70
0
 71
0
 91
1
 92
3
 72
0
 73
1
 93
4
 10
0.0
 20
568.0
 10
92.0
 20
568.0
 10
92.0
 20
616.0
 10
0.0
 20
616.0
 97
0
 75
0
 76
1
 52
0.0
 41
0.226
 77
0
 78
2
 53
0.0
 43
0.0
 44
568.0
 45
0.0
 46
45.9232
 79
0
 53
90.0
 43
0.0
 44
568.0
 45
-45.9232
 46
45.9232
 79
2
 49
45.9232
 49
-45.9232
 98
0
  0
TEXT
  5
FF
330
17
100
AcDbEntity
  8
LABEL
100
AcDbText
 10
120.0
 20
619.0
 30
0.0
 40
3.0
  1
BOARD
  7
OpenSans
 11
120.0
 21
619.0
 31
0.0
100
AcDbText
  0
LWPOLYLINE
  5
100
330
17
100
AcDbEntity
  8
FRAME
100
AcDbPolyline
 90
4
 70
1
 10
120.0
 20
568.0
 10
212.0
 20
568.0
 10
212.0
 20
616.0
 10
120.0
 20
616.0
  0
HATCH
  5
101
330
17
100
AcDbEntity
  8
HATCH
 62
7
100
AcDbHatch
 10
0.0
 20
0.0
 30
0.0
210
0.0
220
0.0
230
1.0
  2
BOARD
 70
0
 71
0
 91
1
 92
3
 72
0
 73
1
 93
4
 10
120.0
 20
568.0
 10
212.0
 20
568.0
 10
212.0
 20
616.0
 10
120.0
 20
616.0
 97
0
 75
0
 76
1
 52
0.0
 41
1.0
 77
0
 78
3
 53
0.0
 43
120.0
 44
569.016
 45
0.0
 46
2.54
 79
0
 53
90.0
 43
120.0
 44
569.016
 45
-10.16
 46
10.16
 79
2
 49
2.54
 49
-35.56
 53
90.0
 43
135.24
 44
574.096
 45
-10.16
 46
10.16
 79
2
 49
2.54
 49
-35.56
 98
0
  0
TEXT
  5
102
330
17
100
AcDbEntity
  8
LABEL
100
AcDbText
 10
240.0
 20
619.0
 30
0.0
 40
3.0
  1
BOX
  7
OpenSans
 11
240.0
 21
619.0
 31
0.0
100
AcDbText
  0
LWPOLYLINE
  5
103
330
17
100
AcDbEntity
  8
FRAME
100
AcDbPolyline
 90
4
 70
1
 10
240.0
 20
568.0
 10
332.0
 20
568.0
 10
332.0
 20
616.0
 10
240.0
 20
616.0
  0
HATCH
  5
104
330
17
100
AcDbEntity
  8
HATCH
 62
7
100
AcDbHatch
 10
0.0
 20
0.0
 30
0.0
210
0.0
220
0.0
230
1.0
  2
BOX
 70
0
 71
0
 91
1
 92
3
 72
0
 73
1
 93
4
 10
240.0
 20
568.0
 10
332.0
 20
568.0
 10
332.0
 20
616.0
 10
240.0
 20
616.0
 97
0
 75
0
 76
1
 52
0.0
 41
1.0
 77
0
 78
8
 53
90.0
 43
240.0
 44
568.0
 45
-25.4
 46
0.0
 79
0
 53
90.0
 43
246.35
 44
568.0
 45
-25.4
 46
0.0
 79
0
 53
0.0
 43
240.0
 44
568.0
 45
0.0
 46
25.4
 79
2
 49
-6.35
 49
6.35
 53
0.0
 43
240.0
 44
574.35
 45
0.0
 46
25.4
 79
2
 49
-6.35
 49
6.35
 53
0.0
 43
240.0
 44
580.7
 45
0.0
 46
25.4
 79
2
 49
6.35
 49
-6.35
 53
0.0
 43
240.0
 44
587.05
 45
0.0
 46
25.4
 79
2
 49
6.35
 49
-6.35
 53
90.0
 43
252.7
 44
568.0
 45
-25.4
 46
0.0
 79
2
 49
6.35
 49
-6.35
 53
90.0
 43
259.05
 44
568.0
 45
-25.4
 46
0.0
 79
2
 49
6.35
 49
-6.35
 98
0
  0
TEXT
  5
105
330
17
100
AcDbEntity
  8
LABEL
100
AcDbText
 10
360.0
 20
619.0
 30
0.0
 40
3.0
  1
BRASS
  7
OpenSans
 11
360.0
 21
619.0
 31
0.0
100
AcDbText
  0
LWPOLYLINE
  5
106
330
17
100
AcDbEntity
  8
FRAME
100
AcDbPolyline
 90
4
 70
1
 10
360.0
 20
568.0
 10
452.0
 20
568.0
 10
452.0
 20
616.0
 10
360.0
 20
616.0
  0
HATCH
  5
107
330
17
100
AcDbEntity
  8
HATCH
 62
7
100
AcDbHatch
 10
0.0
 20
0.0
 30
0.0
210
0.0
220
0.0
230
1.0
  2
BRASS
 70
0
 71
0
 91
1
 92
3
 72
0
 73
1
 93
4
 10
360.0
 20
568.0
 10
452.0
 20
568.0
 10
452.0
 20
616.0
 10
360.0
 20
616.0
 97
0
 75
0
 76
1
 52
0.0
 41
1.0
 77
0
 78
2
 53
0.0
 43
360.0
 44
568.0
 45
0.0
 46
6.35
 79
0
 53
0.0
 43
360.0
 44
571.175
 45
0.0
 46
6.35
 79
2
 49
3.175
 49
-1.5875
 98
0
  0
TEXT
  5
108
330
17
100
AcDbEntity
  8
LABEL
100
AcDbText
 10
480.0
 20
619.0
 30
0.0
 40
3.0
  1
BRICK
  7
OpenSans
 11
480.0
 21
619.0
 31
0.0
100
AcDbText
  0
LWPOLYLINE
  5
109
330
17
100
AcDbEntity
  8
FRAME
100
AcDbPolyline
 90
4
 70
1
 10
480.0
 20
568.0
 10
572.0
 20
568.0
 10
572.0
 20
616.0
 10
480.0
 20
616.0
  0
HATCH
  5
10A
330
17
100
AcDbEntity
  8
HATCH
 62
7
100
AcDbHatch
 10
0.0
 20
0.0
 30
0.0
210
0.0
220
0.0
230
1.0
  2
BRICK
 70
0
 71
0
 91
1
 92
3
 72
0
 73
1
 93
4
 10
480.0
 20
568.0
 10
572.0
 20
568.0
 10
572.0
 20
616.0
 10
480.0
 20
616.0
 97
0
 75
0
 76
1
 52
0.0
 41
1.0
 77
0
 78
3
 53
0.0
 43
480.0
 44
568.0
 45
0.0
 46
6.35
 79
0
 53
90.0
 43
480.0
 44
568.0
 45
-12.7
 46
0.0
 79
2
 49
6.35
 49
-6.35
 53
90.0
 43
486.35
 44
568.0
 45
-12.7
 46
0.0
 79
2
 49
-6.35
 49
6.35
 98
0
  0
TEXT
  5
10B
330
17
100
AcDbEntity
  8
LABEL
100
AcDbText
 10
600.0
 20
619.0
 30
0.0
 40
3.0
  1
BRICK_DEMOLITION
  7
OpenSans
 11
600.0
 21
619.0
 31
0.0
100
AcDbText
  0
LWPOLYLINE
  5
10C
330
17
100
AcDbEntity
  8
FRAME
100
AcDbPolyline
 90
4
 70
1
 10
600.0
 20
568.0
 10
692.0
 20
568.0
 10
692.0
 20
616.0
 10
600.0
 20
616.0
  0
HATCH
  5
10D
330
17
100
AcDbEntity
  8
HATCH
 62
7
100
AcDbHatch
 10
0.0
 20
0.0
 30
0.0
210
0.0
220
0.0
230
1.0
  2
BRICK_DEMOLITION
 70
0
 71
0
 91
1
 92
3
 72
0
 73
1
 93
4
 10
600.0
 20
568.0
 10
692.0
 20
568.0
 10
692.0
 20
616.0
 10
600.0
 20
616.0
 97
0
 75
0
 76
1
 52
0.0
 41
1.0
 77
0
 78
2
 53
45.0
 43
600.0
 44
568.0
 45
-5.3881536726
 46
5.3881536726
 79
2
 49
2.54
 49
-2.54
 53
45.0
 43
601.796034
 44
568.0
 45
-5.3881536726
 46
5.3881536726
 79
2
 49
2.54
 49
-2.54
 98
0
  0
TEXT
  5
10E
330
17
100
AcDbEntity
  8
LABEL
100
AcDbText
 10
0.0
 20
707.0
 30
0.0
 40
3.0
  1
BRICK_EXISTING
  7
OpenSans
 11
0.0
 21
707.0
 31
0.0
100
AcDbText
  0
LWPOLYLINE
  5
10F
330
17
100
AcDbEntity
  8
FRAME
100
AcDbPolyline
 90
4
 70
1
 10
0.0
 20
656.0
 10
92.0
 20
656.0
 10
92.0
 20
704.0
 10
0.0
 20
704.0
  0
HATCH
  5
110
330
17
100
AcDbEntity
  8
HATCH
 62
7
100
AcDbHatch
 10
0.0
 20
0.0
 30
0.0
210
0.0
220
0.0
230
1.0
  2
BRICK_EXISTING
 70
0
 71
0
 91
1
 92
3
 72
0
 73
1
 93
4
 10
0.0
 20
656.0
 10
92.0
 20
656.0
 10
92.0
 20
704.0
 10
0.0
 20
704.0
 97
0
 75
0
 76
1
 52
0.0
 41
1.0
 77
0
 78
2
 53
45.0
 43
0.0
 44
656.0
 45
-7.1842048969
 46
7.1842048969
 79
0
 53
45.0
 43
3.5920934
 44
656.0
 45
-7.1842048969
 46
7.1842048969
 79
0
 98
0
  0
TEXT
  5
111
330
17
100
AcDbEntity
  8
LABEL
100
AcDbText
 10
120.0
 20
707.0
 30
0.0
 40
3.0
  1
BRICK_FLBOND
  7
OpenSans
 11
120.0
 21
707.0
 31
0.0
100
AcDbText
  0
LWPOLYLINE
  5
112
330
17
100
AcDbEntity
  8
FRAME
100
AcDbPolyline
 90
4
 70
1
 10
120.0
 20
656.0
 10
212.0
 20
656.0
 10
212.0
 20
704.0
 10
120.0
 20
704.0
  0
HATCH
  5
113
330
17
100
AcDbEntity
  8
HATCH
 62
7
100
AcDbHatch
 10
0.0
 20
0.0
 30
0.0
210
0.0
220
0.0
230
1.0
  2
BRICK_FLBOND
 70
0
 71
0
 91
1
 92
3
 72
0
 73
1
 93
4
 10
120.0
 20
656.0
 10
212.0
 20
656.0
 10
212.0
 20
704.0
 10
120.0
 20
704.0
 97
0
 75
0
 76
1
 52
0.0
 41
1.0
 77
0
 78
8
 53
0.0
 43
120.0
 44
656.0
 45
38.1
 46
16.9333333291
 79
2
 49
48.41875
 49
-27.78125
 53
0.0
 43
170.8
 44
656.0
 45
38.1
 46
16.9333333291
 79
2
 49
23.01875
 49
-53.18125
 53
0.0
 43
120.0
 44
670.5520833291
 45
38.1
 46
16.9333333291
 79
2
 49
48.41875
 49
-27.78125
 53
0.0
 43
170.8
 44
670.5520833291
 45
38.1
 46
16.9333333291
 79
2
 49
23.01875
 49
-53.18125
 53
90.0
 43
120.0
 44
656.0
 45
-38.1
 46
16.9333333291
 79
2
 49
14.5520833291
 49
-19.3145833291
 53
90.0
 43
168.41875
 44
656.0
 45
-38.1
 46
16.9333333291
 79
2
 49
14.5520833291
 49
-19.3145833291
 53
90.0
 43
170.8
 44
656.0
 45
-38.1
 46
16.9333333291
 79
2
 49
14.5520833291
 49
-19.3145833291
 53
90.0
 43
193.81875
 44
656.0
 45
-38.1
 46
16.9333333291
 79
2
 49
14.5520833291
 49
-19.3145833291
 98
0
  0
TEXT
  5
114
330
17
100
AcDbEntity
  8
LABEL
100
AcDbText
 10
240.0
 20
707.0
 30
0.0
 40
3.0
  1
BRICK_INSULATING
  7
OpenSans
 11
240.0
 21
707.0
 31
0.0
100
AcDbText
  0
LWPOLYLINE
  5
115
330
17
100
AcDbEntity
  8
FRAME
100
AcDbPolyline
 90
4
 70
1
 10
240.0
 20
656.0
 10
332.0
 20
656.0
 10
332.0
 20
704.0
 10
240.0
 20
704.0
  0
HATCH
  5
116
330
17
100
AcDbEntity
  8
HATCH
 62
7
100
AcDbHatch
 10
0.0
 20
0.0
 30
0.0
210
0.0
220
0.0
230
1.0
  2
BRICK_INSULATING
 70
0
 71
0
 91
1
 92
3
 72
0
 73
1
 93
4
 10
240.0
 20
656.0
 10
332.0
 20
656.0
 10
332.0
 20
704.0
 10
240.0
 20
704.0
 97
0
 75
0
 76
1
 52
0.0
 41
1.0
 77
0
 78
2
 53
45.0
 43
240.0
 44
656.0
 45
-6.2861792847
 46
6.2861792847
 79
0
 53
0.0
 43
240.0
 44
656.0
 45
0.0
 46
2.54
 79
2
 49
0.0
 49
-2.54
 98
0
  0
TEXT
  5
117
330
17
100
AcDbEntity
  8
LABEL
100
AcDbText
 10
360.0
 20
707.0
 30
0.0
 40
3.0
  1
BRICK_LWEIGHT
  7
OpenSans
 11
360.0
 21
707.0
 31
0.0
100
AcDbText
  0
LWPOLYLINE
  5
118
330
17
100
AcDbEntity
  8
FRAME
100
AcDbPolyline
 90
4
 70
1
 10
360.0
 20
656.0
 10
452.0
 20
656.0
 10
452.0
 20
704.0
 10
360.0
 20
704.0
  0
HATCH
  5
119
330
17
100
AcDbEntity
  8
HATCH
 62
7
100
AcDbHatch
 10
0.0
 20
0.0
 30
0.0
210
0.0
220
0.0
230
1.0
  2
BRICK_LWEIGHT
 70
0
 71
0
 91
1
 92
3
 72
0
 73
1
 93
4
 10
360.0
 20
656.0
 10
452.0
 20
656.0
 10
452.0
 20
704.0
 10
360.0
 20
704.0
 97
0
 75
0
 76
1
 52
0.0
 41
1.0
 77
0
 78
2
 53
45.0
 43
360.0
 44
656.0
 45
-6.2861792847
 46
6.2861792847
 79
0
 53
0.0
 43
360.0
 44
656.0
 45
0.79375
 46
1.5875
 79
2
 49
0.0
 49
-1.5875
 98
0
  0
TEXT
  5
11A
330
17
100
AcDbEntity
  8
LABEL
100
AcDbText
 10
480.0
 20
707.0
 30
0.0
 40
3.0
  1
BRICK_PAIRS  s=0.906
  7
OpenSans
 11
480.0
 21
707.0
 31
0.0
100
AcDbText
  0
LWPOLYLINE
  5
11B
330
17
100
AcDbEntity
  8
FRAME
100
AcDbPolyline
 90
4
 70
1
 10
480.0
 20
656.0
 10
572.0
 20
656.0
 10
572.0
 20
704.0
 10
480.0
 20
704.0
  0
HATCH
  5
11C
330
17
100
AcDbEntity
  8
HATCH
 62
7
100
AcDbHatch
 10
0.0
 20
0.0
 30
0.0
210
0.0
220
0.0
230
1.0
  2
BRICK_PAIRS
 70
0
 71
0
 91
1
 92
3
 72
0
 73
1
 93
4
 10
480.0
 20
656.0
 10
572.0
 20
656.0
 10
572.0
 20
704.0
 10
480.0
 20
704.0
 97
0
 75
0
 76
1
 52
0.0
 41
0.906
 77
0
 78
8
 53
0.0
 43
480.0
 44
656.0
 45
46.0248
 46
46.0248
 79
6
 49
43.8673875
 49
-2.1574125
 49
20.8549875
 49
-2.1574125
 49
20.8549875
 49
-2.1574125
 53
0.0
 43
480.0
 44
676.8549875
 45
46.0248
 46
46.0248
 79
2
 49
43.8673875
 49
-48.1822125
 53
0.0
 43
480.0
 44
679.0124
 45
46.0248
 46
46.0248
 79
2
 49
43.8673875
 49
-48.1822125
 53
0.0
 43
480.0
 44
699.8673875
 45
46.0248
 46
46.0248
 79
6
 49
43.8673875
 49
-2.1574125
 49
20.8549875
 49
-2.1574125
 49
20.8549875
 49
-2.1574125
 53
90.0
 43
480.0
 44
656.0
 45
-46.0248
 46
46.0248
 79
6
 49
20.8549875
 49
-2.1574125
 49
20.8549875
 49
-2.1574125
 49
43.8673875
 49
-2.1574125
 53
90.0
 43
500.8549875
 44
702.0248
 45
-46.0248
 46
46.0248
 79
2
 49
43.8673875
 49
-48.1822125
 53
90.0
 43
503.0124
 44
702.0248
 45
-46.0248
 46
46.0248
 79
2
 49
43.8673875
 49
-48.1822125
 53
90.0
 43
523.8673875
 44
656.0
 45
-46.0248
 46
46.0248
 79
6
 49
20.8549875
 49
-2.1574125
 49
20.8549875
 49
-2.1574125
 49
43.8673875
 49
-2.1574125
 98
0
  0
TEXT
  5
11D
330
17
100
AcDbEntity
  8
LABEL
100
AcDbText
 10
600.0
 20
707.0
 30
0.0
 40
3.0
  1
BRICK_STBOND
  7
OpenSans
 11
600.0
 21
707.0
 31
0.0
100
AcDbText
  0
LWPOLYLINE
  5
11E
330
17
100
AcDbEntity
  8
FRAME
100
AcDbPolyline
 90
4
 70
1
 10
600.0
 20
656.0
 10
692.0
 20
656.0
 10
692.0
 20
704.0
 10
600.0
 20
704.0
  0
HATCH
  5
11F
330
17
100
AcDbEntity
  8
HATCH
 62
7
100
AcDbHatch
 10
0.0
 20
0.0
 30
0.0
210
0.0
220
0.0
230
1.0
  2
BRICK_STBOND
 70
0
 71
0
 91
1
 92
3
 72
0
 73
1
 93
4
 10
600.0
 20
656.0
 10
692.0
 20
656.0
 10
692.0
 20
704.0
 10
600.0
 20
704.0
 97
0
 75
0
 76
1
 52
0.0
 41
1.0
 77
0
 78
2
 53
0.0
 43
600.0
 44
656.0
 45
0.0
 46
25.4
 79
0
 53
90.0
 43
600.0
 44
656.0
 45
-50.8
 46
0.0
 79
0
 98
0
  0
TEXT
  5
120
330
17
100
AcDbEntity
  8
LABEL
100
AcDbText
 10
0.0
 20
795.0
 30
0.0
 40
3.0
  1
BRICK_STRBOND  s=0.81
  7
OpenSans
 11
0.0
 21
795.0
 31
0.0
100
AcDbText
  0
LWPOLYLINE
  5
121
330
17
100
AcDbEntity
  8
FRAME
100
AcDbPolyline
 90
4
 70
1
 10
0.0
 20
744.0
 10
92.0
 20
744.0
 10
92.0
 20
792.0
 10
0.0
 20
792.0
  0
HATCH
  5
122
330
17
100
AcDbEntity
  8
HATCH
 62
7
100
AcDbHatch
 10
0.0
 20
0.0
 30
0.0
210
0.0
220
0.0
230
1.0
  2
BRICK_STRBOND
 70
0
 71
0
 91
1
 92
3
 72
0
 73
1
 93
4
 10
0.0
 20
744.0
 10
92.0
 20
744.0
 10
92.0
 20
792.0
 10
0.0
 20
792.0
 97
0
 75
0
 76
1
 52
0.0
 41
0.81
 77
0
 78
2
 53
0.0
 43
0.0
 44
744.0
 45
0.0
 46
41.148
 79
0
 53
90.0
 43
0.0
 44
744.0
 45
-82.296
 46
41.148
 79
2
 49
41.148
 49
-41.148
 98
0
  0
TEXT
  5
123
330
17
100
AcDbEntity
  8
LABEL
100
AcDbText
 10
120.0
 20
795.0
 30
0.0
 40
3.0
  1
BRSTONE
  7
OpenSans
 11
120.0
 21
795.0
 31
0.0
100
AcDbText
  0
LWPOLYLINE
  5
124
330
17
100
AcDbEntity
  8
FRAME
100
AcDbPolyline
 90
4
 70
1
 10
120.0
 20
744.0
 10
212.0
 20
744.0
 10
212.0
 20
792.0
 10
120.0
 20
792.0
  0
HATCH
  5
125
330
17
100
AcDbEntity
  8
HATCH
 62
7
100
AcDbHatch
 10
0.0
 20
0.0
 30
0.0
210
0.0
220
0.0
230
1.0
  2
BRSTONE
 70
0
 71
0
 91
1
 92
3
 72
0
 73
1
 93
4
 10
120.0
 20
744.0
 10
212.0
 20
744.0
 10
212.0
 20
792.0
 10
120.0
 20
792.0
 97
0
 75
0
 76
1
 52
0.0
 41
1.0
 77
0
 78
8
 53
0.0
 43
120.0
 44
744.0
 45
0.0
 46
8.382
 79
0
 53
90.0
 43
142.86
 44
744.0
 45
-12.7
 46
8.382
 79
2
 49
8.382
 49
-8.382
 53
90.0
 43
140.32
 44
744.0
 45
-12.7
 46
8.382
 79
2
 49
8.382
 49
-8.382
 53
0.0
 43
142.86
 44
745.397
 45
12.7
 46
8.382
 79
2
 49
-22.86
 49
2.54
 53
0.0
 43
142.86
 44
746.794
 45
12.7
 46
8.382
 79
2
 49
-22.86
 49
2.54
 53
0.0
 43
142.86
 44
748.191
 45
12.7
 46
8.382
 79
2
 49
-22.86
 49
2.54
 53
0.0
 43
142.86
 44
749.588
 45
12.7
 46
8.382
 79
2
 49
-22.86
 49
2.54
 53
0.0
 43
142.86
 44
750.985
 45
12.7
 46
8.382
 79
2
 49
-22.86
 49
2.54
 98
0
  0
TEXT
  5
126
330
17
100
AcDbEntity
  8
LABEL
100
AcDbText
 10
240.0
 20
795.0
 30
0.0
 40
3.0
  1
BUTTERFLY
  7
OpenSans
 11
240.0
 21
795.0
 31
0.0
100
AcDbText
  0
LWPOLYLINE
  5
127
330
17
100
AcDbEntity
  8
FRAME
100
AcDbPolyline
 90
4
 70
1
 10
240.0
 20
744.0
 10
332.0
 20
744.0
 10
332.0
 20
792.0
 10
240.0
 20
792.0
  0
HATCH
  5
128
330
17
100
AcDbEntity
  8
HATCH
 62
7
100
AcDbHatch
 10
0.0
 20
0.0
 30
0.0
210
0.0
220
0.0
230
1.0
  2
BUTTERFLY
 70
0
 71
0
 91
1
 92
3
 72
0
 73
1
 93
4
 10
240.0
 20
744.0
 10
332.0
 20
744.0
 10
332.0
 20
792.0
 10
240.0
 20
792.0
 97
0
 75
0
 76
1
 52
0.0
 41
1.0
 77
0
 78
5
 53
0.0
 43
233.65
 44
744.0
 45
19.05
 46
19.05
 79
2
 49
12.7
 49
-25.4
 53
0.0
 43
252.7
 44
750.35
 45
19.05
 46
19.05
 79
2
 49
12.7
 49
-25.4
 53
90.0
 43
240.0
 44
744.0
 45
-19.05
 46
19.05
 79
2
 49
25.4
 49
-12.7
 53
45.0
 43
246.35
 44
744.0
 45
-19.0500000129
 46
19.0500000129
 79
2
 49
8.980256106
 49
-17.960512212
 53
135.0
 43
233.65
 44
744.0
 45
-19.0500000129
 46
-19.0500000129
 79
2
 49
8.980256106
 49
-17.960512212
 98
0
  0
TEXT
  5
129
330
17
100
AcDbEntity
  8
LABEL
100
AcDbText
 10
360.0
 20
795.0
 30
0.0
 40
3.0
  1
CHECKER
  7
OpenSans
 11
360.0
 21
795.0
 31
0.0
100
AcDbText
  0
LWPOLYLINE
  5
12A
330
17
100
AcDbEntity
  8
FRAME
100
AcDbPolyline
 90
4
 70
1
 10
360.0
 20
744.0
 10
452.0
 20
744.0
 10
452.0
 20
792.0
 10
360.0
 20
792.0
  0
HATCH
  5
12B
330
17
100
AcDbEntity
  8
HATCH
 62
7
100
AcDbHatch
 10
0.0
 20
0.0
 30
0.0
210
0.0
220
0.0
230
1.0
  2
CHECKER
 70
0
 71
0
 91
1
 92
3
 72
0
 73
1
 93
4
 10
360.0
 20
744.0
 10
452.0
 20
744.0
 10
452.0
 20
792.0
 10
360.0
 20
792.0
 97
0
 75
0
 76
1
 52
0.0
 41
1.0
 77
0
 78
2
 53
0.0
 43
360.0
 44
744.0
 45
12.7
 46
12.7
 79
2
 49
12.7
 49
-12.7
 53
90.0
 43
366.35
 44
750.35
 45
-12.7
 46
12.7
 79
2
 49
12.7
 49
-12.7
 98
0
  0
TEXT
  5
12C
330
17
100
AcDbEntity
  8
LABEL
100
AcDbText
 10
480.0
 20
795.0
 30
0.0
 40
3.0
  1
CLAY
  7
OpenSans
 11
480.0
 21
795.0
 31
0.0
100
AcDbText
  0
LWPOLYLINE
  5
12D
330
17
100
AcDbEntity
  8
FRAME
100
AcDbPolyline
 90
4
 70
1
 10
480.0
 20
744.0
 10
572.0
 20
744.0
 10
572.0
 20
792.0
 10
480.0
 20
792.0
  0
HATCH
  5
12E
330
17
100
AcDbEntity
  8
HATCH
 62
7
100
AcDbHatch
 10
0.0
 20
0.0
 30
0.0
210
0.0
220
0.0
230
1.0
  2
CLAY
 70
0
 71
0
 91
1
 92
3
 72
0
 73
1
 93
4
 10
480.0
 20
744.0
 10
572.0
 20
744.0
 10
572.0
 20
792.0
 10
480.0
 20
792.0
 97
0
 75
0
 76
1
 52
0.0
 41
1.0
 77
0
 78
4
 53
0.0
 43
480.0
 44
744.0
 45
0.0
 46
4.7625
 79
0
 53
0.0
 43
480.0
 44
744.79375
 45
0.0
 46
4.7625
 79
0
 53
0.0
 43
480.0
 44
745.5875
 45
0.0
 46
4.7625
 79
0
 53
0.0
 43
480.0
 44
747.175
 45
0.0
 46
4.7625
 79
2
 49
4.7625
 49
-3.175
 98
0
  0
TEXT
  5
12F
330
17
100
AcDbEntity
  8
LABEL
100
AcDbText
 10
600.0
 20
795.0
 30
0.0
 40
3.0
  1
CONCRETE1
  7
OpenSans
 11
600.0
 21
795.0
 31
0.0
100
AcDbText
  0
LWPOLYLINE
  5
130
330
17
100
AcDbEntity
  8
FRAME
100
AcDbPolyline
 90
4
 70
1
 10
600.0
 20
744.0
 10
692.0
 20
744.0
 10
692.0
 20
792.0
 10
600.0
 20
792.0
  0
HATCH
  5
131
330
17
100
AcDbEntity
  8
HATCH
 62
7
100
AcDbHatch
 10
0.0
 20
0.0
 30
0.0
210
0.0
220
0.0
230
1.0
  2
CONCRETE1
 70
0
 71
0
 91
1
 92
3
 72
0
 73
1
 93
4
 10
600.0
 20
744.0
 10
692.0
 20
744.0
 10
692.0
 20
792.0
 10
600.0
 20
792.0
 97
0
 75
0
 76
1
 52
0.0
 41
1.0
 77
0
 78
22
 53
0.0
 43
600.0
 44
744.0
 45
20.32
 46
20.32
 79
2
 49
2.54
 49
-17.78
 53
90.0
 43
600.0
 44
744.0
 45
-20.32
 46
20.32
 79
2
 49
2.54
 49
-17.78
 53
135.0
 43
602.54
 44
744.0
 45
-20.3199999659
 46
0.0
 79
2
 49
3.592102544
 49
-25.144717808
 53
0.0
 43
602.54
 44
755.43
 45
20.32
 46
20.32
 79
2
 49
2.54
 49
-17.78
 53
45.0
 43
603.81
 44
754.16
 45
0.0
 46
20.3199999659
 79
2
 49
1.796050256
 49
-26.940768064
 53
135.0
 43
603.81
 44
754.16
 45
-20.3199999659
 46
0.0
 79
2
 49
1.796050256
 49
-26.940768064
 53
0.0
 43
610.16
 44
760.51
 45
20.32
 46
20.32
 79
2
 49
3.592102544
 49
-16.727897456
 53
45.0
 43
610.16
 44
760.51
 45
0.0
 46
20.3199999659
 79
2
 49
2.54
 49
-26.196820352
 53
135.0
 43
613.752102544
 44
760.51
 45
-20.3199999659
 46
0.0
 79
2
 49
2.54
 49
-26.196820352
 53
90.0
 43
613.97
 44
749.08
 45
-20.32
 46
20.32
 79
2
 49
2.54
 49
-17.78
 53
45.0
 43
613.97
 44
749.08
 45
0.0
 46
20.3199999659
 79
2
 49
1.796050256
 49
-26.940768064
 53
135.0
 43
615.24
 44
750.35
 45
-20.3199999659
 46
0.0
 79
2
 49
1.796050256
 49
-26.940768064
 53
0.0
 43
602.54
 44
749.08
 45
20.32
 46
20.32
 79
2
 49
1.27
 49
-17.018
 53
0.0
 43
617.78
 44
754.16
 45
20.32
 46
20.32
 79
2
 49
1.27
 49
-17.018
 53
90.0
 43
611.43
 44
756.7
 45
-20.32
 46
20.32
 79
2
 49
1.27
 49
-17.018
 53
135.0
 43
613.97
 44
745.27
 45
-20.3199999659
 46
0.0
 79
2
 49
1.796050256
 49
-26.940768064
 53
135.0
 43
605.08
 44
759.24
 45
-20.3199999659
 46
0.0
 79
2
 49
1.796050256
 49
-26.940768064
 53
45.0
 43
609.525
 44
750.6675
 45
0.0
 46
20.3199999659
 79
2
 49
1.796050256
 49
-26.940768064
 53
90.0
 43
606.985
 44
746.54
 45
-20.32
 46
20.32
 79
2
 49
0.3175
 49
-20.0025
 53
90.0
 43
607.9375
 44
755.1125
 45
-20.32
 46
20.32
 79
2
 49
0.3175
 49
-20.0025
 53
90.0
 43
617.4625
 44
758.605
 45
-20.32
 46
20.32
 79
2
 49
0.3175
 49
-20.0025
 53
90.0
 43
617.78
 44
747.81
 45
-20.32
 46
20.32
 79
2
 49
0.3175
 49
-20.0025
 98
0
  0
TEXT
  5
132
330
17
100
AcDbEntity
  8
LABEL
100
AcDbText
 10
0.0
 20
883.0
 30
0.0
 40
3.0
  1
CONCRETE2
  7
OpenSans
 11
0.0
 21
883.0
 31
0.0
100
AcDbText
  0
LWPOLYLINE
  5
133
330
17
100
AcDbEntity
  8
FRAME
100
AcDbPolyline
 90
4
 70
1
 10
0.0
 20
832.0
 10
92.0
 20
832.0
 10
92.0
 20
880.0
 10
0.0
 20
880.0
  0
HATCH
  5
134
330
17
100
AcDbEntity
  8
HATCH
 62
7
100
AcDbHatch
 10
0.0
 20
0.0
 30
0.0
210
0.0
220
0.0
230
1.0
  2
CONCRETE2
 70
0
 71
0
 91
1
 92
3
 72
0
 73
1
 93
4
 10
0.0
 20
832.0
 10
92.0
 20
832.0
 10
92.0
 20
880.0
 10
0.0
 20
880.0
 97
0
 75
0
 76
1
 52
0.0
 41
1.0
 77
0
 78
13
 53
50.0
 43
0.0
 44
832.0
 45
14.5747269104
 46
-1.2751233828
 79
2
 49
1.524
 49
-16.764
 53
355.0
 43
0.0
 44
832.0
 45
-2.819427099
 46
15.2845441568
 79
2
 49
1.2192
 49
-13.4112
 53
100.4514
 43
1.2145605376
 44
831.8937398112
 45
11.7553106364
 46
14.0094114947
 79
2
 49
1.2952006608
 49
-14.2472077158
 53
46.1842
 43
0.0
 44
836.064
 45
21.6863381081
 46
-3.3633463712
 79
2
 49
2.286
 49
-25.146
 53
96.6356
 43
1.8071946584
 44
835.7837200018
 45
18.9923461767
 46
19.7940751367
 79
2
 49
1.9428010522
 49
-21.37080816
 53
351.1842
 43
0.0
 44
836.064
 45
18.9923307251
 46
19.7940899708
 79
2
 49
1.8288
 49
-20.1168
 53
21.0
 43
2.032
 44
835.048
 45
12.129151299
 46
-8.1812158583
 79
2
 49
1.524
 49
-16.764
 53
326.0
 43
2.032
 44
835.048
 45
4.9441675446
 46
14.7350489154
 79
2
 49
1.2192
 49
-13.4112
 53
71.4514
 43
3.0427621746
 44
834.3662313661
 45
17.0733238128
 46
6.5538196931
 79
2
 49
1.2952006608
 49
-14.2472077158
 53
37.5
 43
0.0
 44
832.0
 45
0.24708826
 46
6.7644031099
 79
6
 49
0.0
 49
-13.24864
 49
0.0
 49
-13.6144
 49
0.0
 49
-13.462
 53
7.5
 43
0.0
 44
832.0
 45
5.3455730008
 46
8.0144459854
 79
6
 49
0.0
 49
-7.76224
 49
0.0
 49
-12.94384
 49
0.0
 49
-5.1308
 53
-32.5
 43
-4.53136
 44
832.0
 45
10.847271903
 46
-0.4583149936
 79
6
 49
0.0
 49
-5.08
 49
0.0
 49
-15.8496
 49
0.0
 49
-21.0312
 53
-42.5
 43
-6.56336
 44
832.0
 45
11.850342961
 46
2.034133241
 79
6
 49
0.0
 49
-6.604
 49
0.0
 49
-10.52576
 49
0.0
 49
-14.9352
 98
0
  0
TEXT
  5
135
330
17
100
AcDbEntity
  8
LABEL
100
AcDbText
 10
120.0
 20
883.0
 30
0.0
 40
3.0
  1
CONCRETE3  s=0.674
  7
OpenSans
 11
120.0
 21
883.0
 31
0.0
100
AcDbText
  0
LWPOLYLINE
  5
136
330
17
100
AcDbEntity
  8
FRAME
100
AcDbPolyline
 90
4
 70
1
 10
120.0
 20
832.0
 10
212.0
 20
832.0
 10
212.0
 20
880.0
 10
120.0
 20
880.0
  0
HATCH
  5
137
330
17
100
AcDbEntity
  8
HATCH
 62
7
100
AcDbHatch
 10
0.0
 20
0.0
 30
0.0
210
0.0
220
0.0
230
1.0
  2
CONCRETE3
 70
0
 71
0
 91
1
 92
3
 72
0
 73
1
 93
4
 10
120.0
 20
832.0
 10
212.0
 20
832.0
 10
212.0
 20
880.0
 10
120.0
 20
880.0
 97
0
 75
0
 76
1
 52
0.0
 41
0.674
 77
0
 78
304
 53
82.88
 43
185.45026289650002
 44
871.9064039056
 45
-0.0005752042
 46
11.4132675385
 79
2
 49
0.0251093173
 49
-91.99045864
 53
97.13
 43
185.44985202610002
 44
871.9310561296
 45
-11.4196513195
 46
79.8907501616
 79
2
 49
0.0332582469
 49
-91.9823097104
 53
116.57
 43
185.4417133683
 44
871.9624996989
 45
-11.4137049049
 46
11.4117341631
 79
2
 49
0.0379490173
 49
-25.4828104973
 53
135.0
 43
185.42083944
 44
871.9931095437
 45
-11.4129572148
 46
0.0
 79
2
 49
0.0400478803
 49
-16.1003109997
 53
172.88
 43
185.39109755890001
 44
872.0216188136
 45
-79.89274205
 46
11.4057075793
 79
2
 49
0.0392381232
 49
-91.9763298341
 53
172.88
 43
185.3524979968
 44
872.0271998032
 45
-79.89274205
 46
11.4057075793
 79
2
 49
0.0259652973
 49
-91.98960266
 53
187.13
 43
185.3272072117
 44
872.0265372747
 45
-79.8907501616
 46
-11.4196513195
 79
2
 49
0.0354495557
 49
-91.9801184016
 53
225.0
 43
185.2905250448
 44
872.0222351192
 45
-0.0
 46
-11.4129572148
 79
2
 49
0.0409278277
 49
-16.0994310523
 53
243.44
 43
185.2576434291
 44
871.9966584368
 45
0.001005376
 46
-11.4127199151
 79
2
 49
0.0378000768
 49
-25.4829577259
 53
262.88
 43
185.2366102885
 44
871.9644273659
 45
0.0005752042
 46
-11.4132675385
 79
2
 49
0.0355180341
 49
-91.9800499232
 53
262.88
 43
185.2317140829
 44
871.9294811264
 45
0.0005752042
 46
-11.4132675385
 79
2
 49
0.0259652973
 49
-91.98960266
 53
277.13
 43
185.2321934317
 44
871.9041663739
 45
11.4196513195
 46
-79.8907501616
 79
2
 49
0.0325614792
 49
-91.9830064781
 53
296.57
 43
185.2402054045
 44
871.8733973168
 45
11.4137049049
 46
-11.4117341631
 79
2
 49
0.0379490173
 49
-25.4828104973
 53
315.0
 43
185.2610793328
 44
871.8427754883
 45
11.4129572148
 46
-0.0
 79
2
 49
0.0400478803
 49
-16.1003109997
 53
352.88
 43
185.29082121390002
 44
871.8142782021
 45
79.89274205
 46
-11.4057075793
 79
2
 49
0.0392381232
 49
-91.9763298341
 53
7.13
 43
185.3547115611
 44
871.8093357736
 45
79.8907501616
 46
11.4196513195
 79
2
 49
0.0351294192
 49
-91.9804385381
 53
45.0
 43
185.3913594888
 44
871.8136276573
 45
0.0
 46
11.4129572148
 79
2
 49
0.0409843224
 49
-16.0993745576
 53
63.44
 43
185.4242753437
 44
871.8392265952
 45
-0.001005376
 46
11.4127199151
 79
2
 49
0.0378000768
 49
-25.4829577259
 53
82.88
 43
185.4453084843
 44
871.8714576661
 45
-0.0005752042
 46
11.4132675385
 79
2
 49
0.0355180341
 49
-91.9800499232
 53
82.88
 43
179.0898863869
 44
867.9526665248
 45
-0.0005752042
 46
11.4132675385
 79
2
 49
0.0251093173
 49
-91.99045864
 53
97.13
 43
179.0894755165
 44
867.9773067651
 45
-11.4196513195
 46
79.8907501616
 79
2
 49
0.0332582469
 49
-91.9823097104
 53
116.57
 43
179.0813368587
 44
868.0087503344
 45
-11.4137049049
 46
11.4117341631
 79
2
 49
0.0379490173
 49
-25.4828104973
 53
135.0
 43
179.0604629304
 44
868.0393721629
 45
-11.4129572148
 46
0.0
 79
2
 49
0.0400478803
 49
-16.1003109997
 53
172.88
 43
179.03072104929998
 44
868.0678694491
 45
-79.89274205
 46
11.4057075793
 79
2
 49
0.0392381232
 49
-91.9763298341
 53
172.88
 43
178.9921214872
 44
868.0734504387
 45
-79.89274205
 46
11.4057075793
 79
2
 49
0.0259652973
 49
-91.98960266
 53
187.13
 43
178.9668307021
 44
868.0727896221
 45
-79.8907501616
 46
-11.4196513195
 79
2
 49
0.0354495557
 49
-91.9801184016
 53
225.0
 43
178.9301485352
 44
868.0684857547
 45
-0.0
 46
-11.4129572148
 79
2
 49
0.0409278277
 49
-16.0994310523
 53
243.44
 43
178.8972669195
 44
868.0429090723
 45
0.001005376
 46
-11.4127199151
 79
2
 49
0.0378000768
 49
-25.4829577259
 53
262.88
 43
178.8762337789
 44
868.0106797133
 45
0.0005752042
 46
-11.4132675385
 79
2
 49
0.0355180341
 49
-91.9800499232
 53
262.88
 43
178.8713375733
 44
867.9757317619
 45
0.0005752042
 46
-11.4132675385
 79
2
 49
0.0259652973
 49
-91.98960266
 53
277.13
 43
178.8718169221
 44
867.9504187213
 45
11.4196513195
 46
-79.8907501616
 79
2
 49
0.0325614792
 49
-91.9830064781
 53
296.57
 43
178.87982889490002
 44
867.9196479523
 45
11.4137049049
 46
-11.4117341631
 79
2
 49
0.0379490173
 49
-25.4828104973
 53
315.0
 43
178.9007028232
 44
867.8890278357
 45
11.4129572148
 46
-0.0
 79
2
 49
0.0400478803
 49
-16.1003109997
 53
352.88
 43
178.9304447043
 44
867.8605288376
 45
79.89274205
 46
-11.4057075793
 79
2
 49
0.0392381232
 49
-91.9763298341
 53
7.13
 43
178.9943350515
 44
867.8555864090999
 45
79.8907501616
 46
11.4196513195
 79
2
 49
0.0351294192
 49
-91.9804385381
 53
45.0
 43
179.0309829792
 44
867.8598782928
 45
0.0
 46
11.4129572148
 79
2
 49
0.0409843224
 49
-16.0993745576
 53
63.44
 43
179.0638988341
 44
867.8854772307
 45
-0.001005376
 46
11.4127199151
 79
2
 49
0.0378000768
 49
-25.4829577259
 53
82.88
 43
179.0849319747
 44
867.9177202853
 45
-0.0005752042
 46
11.4132675385
 79
2
 49
0.0355180341
 49
-91.9800499232
 53
82.88
 43
183.14182179329998
 44
867.6770529485
 45
-0.0005752042
 46
11.4132675385
 79
2
 49
0.0355180341
 49
-91.9800499232
 53
63.44
 43
183.1207869408
 44
867.6448218776
 45
-0.001005376
 46
11.4127199151
 79
2
 49
0.0378000768
 49
-25.4829577259
 53
45.0
 43
183.0878710859
 44
867.619210956
 45
0.0
 46
11.4129572148
 79
2
 49
0.0409843224
 49
-16.0993745576
 53
7.13
 43
183.0512248701
 44
867.6149190723
 45
79.8907501616
 46
11.4196513195
 79
2
 49
0.0351294192
 49
-91.9804385381
 53
352.88
 43
182.9873345229
 44
867.6198734845
 45
79.89274205
 46
-11.4057075793
 79
2
 49
0.0392381232
 49
-91.9763298341
 53
315.0
 43
182.9575909299
 44
867.6483707707
 45
11.4129572148
 46
-0.0
 79
2
 49
0.0400478803
 49
-16.1003109997
 53
296.57
 43
182.93671700160002
 44
867.6789806155
 45
11.4137049049
 46
-11.4117341631
 79
2
 49
0.0379490173
 49
-25.4828104973
 53
277.13
 43
182.9287050288
 44
867.7097513845
 45
11.4196513195
 46
-79.8907501616
 79
2
 49
0.0325614792
 49
-91.9830064781
 53
262.88
 43
182.92822568
 44
867.7350644251
 45
0.0005752042
 46
-11.4132675385
 79
2
 49
0.0259652973
 49
-91.98960266
 53
262.88
 43
182.9331218856
 44
867.7700226483
 45
0.0005752042
 46
-11.4132675385
 79
2
 49
0.0355180341
 49
-91.9800499232
 53
243.44
 43
182.95415673809998
 44
867.8022537192
 45
0.001005376
 46
-11.4127199151
 79
2
 49
0.0378000768
 49
-25.4829577259
 53
225.0
 43
182.9870366419
 44
867.8278184179
 45
-0.0
 46
-11.4129572148
 79
2
 49
0.0409278277
 49
-16.0994310523
 53
187.13
 43
183.0237188088
 44
867.8321325571
 45
-79.8907501616
 46
-11.4196513195
 79
2
 49
0.0354495557
 49
-91.9801184016
 53
172.88
 43
183.0490095939
 44
867.8327831019
 45
-79.89274205
 46
11.4057075793
 79
2
 49
0.0259652973
 49
-91.98960266
 53
172.88
 43
183.08760915599998
 44
867.8272021123
 45
-79.89274205
 46
11.4057075793
 79
2
 49
0.0392381232
 49
-91.9763298341
 53
135.0
 43
183.1173510371
 44
867.7987048261
 45
-11.4129572148
 46
0.0
 79
2
 49
0.0400478803
 49
-16.1003109997
 53
116.57
 43
183.1382266773
 44
867.7680829976
 45
-11.4137049049
 46
11.4117341631
 79
2
 49
0.0379490173
 49
-25.4828104973
 53
97.13
 43
183.1463636232
 44
867.7366394283
 45
-11.4196513195
 46
79.8907501616
 79
2
 49
0.0332582469
 49
-91.9823097104
 53
82.88
 43
183.1467744936
 44
867.711999188
 45
-0.0005752042
 46
11.4132675385
 79
2
 49
0.0251093173
 49
-91.99045864
 53
82.88
 43
180.0475910501
 44
875.8252053187
 45
-0.0005752042
 46
11.4132675385
 79
2
 49
0.0355180341
 49
-91.9800499232
 53
63.44
 43
180.0265442139
 44
875.7929759597
 45
-0.001005376
 46
11.4127199151
 79
2
 49
0.0378000768
 49
-25.4829577259
 53
45.0
 43
179.9936300709
 44
875.7673753099
 45
0.0
 46
11.4129572148
 79
2
 49
0.0409843224
 49
-16.0993745576
 53
7.13
 43
179.95699412689999
 44
875.7630851381
 45
79.8907501616
 46
11.4196513195
 79
2
 49
0.0351294192
 49
-91.9804385381
 53
352.88
 43
179.893091796
 44
875.7680258547
 45
79.89274205
 46
-11.4057075793
 79
2
 49
0.0392381232
 49
-91.9763298341
 53
315.0
 43
179.8633499149
 44
875.7965248528
 45
11.4129572148
 46
-0.0
 79
2
 49
0.0400478803
 49
-16.1003109997
 53
296.57
 43
179.8424742747
 44
875.8271346976001
 45
11.4137049049
 46
-11.4117341631
 79
2
 49
0.0379490173
 49
-25.4828104973
 53
277.13
 43
179.8344742856
 44
875.8579037547
 45
11.4196513195
 46
-79.8907501616
 79
2
 49
0.0325614792
 49
-91.9830064781
 53
262.88
 43
179.8339829531
 44
875.8832304909
 45
0.0005752042
 46
-11.4132675385
 79
2
 49
0.0259652973
 49
-91.98960266
 53
262.88
 43
179.8388791587
 44
875.9181767304
 45
0.0005752042
 46
-11.4132675385
 79
2
 49
0.0355180341
 49
-91.9800499232
 53
243.44
 43
179.8599259949
 44
875.9504078013
 45
0.001005376
 46
-11.4127199151
 79
2
 49
0.0378000768
 49
-25.4829577259
 53
225.0
 43
179.8927956269
 44
875.9759844837
 45
-0.0
 46
-11.4129572148
 79
2
 49
0.0409278277
 49
-16.0994310523
 53
187.13
 43
179.9294880656
 44
875.9802866392
 45
-79.8907501616
 46
-11.4196513195
 79
2
 49
0.0354495557
 49
-91.9801184016
 53
172.88
 43
179.9547685789
 44
875.980937184
 45
-79.89274205
 46
11.4057075793
 79
2
 49
0.0259652973
 49
-91.98960266
 53
172.88
 43
179.99337841279998
 44
875.9753561944
 45
-79.89274205
 46
11.4057075793
 79
2
 49
0.0392381232
 49
-91.9763298341
 53
135.0
 43
180.0231202939
 44
875.9468571963
 45
-11.4129572148
 46
0.0
 79
2
 49
0.0400478803
 49
-16.1003109997
 53
116.57
 43
180.0439959341
 44
875.9162473515
 45
-11.4137049049
 46
11.4117341631
 79
2
 49
0.0379490173
 49
-25.4828104973
 53
97.13
 43
180.0521208963
 44
875.8848054941
 45
-11.4196513195
 46
79.8907501616
 79
2
 49
0.0332582469
 49
-91.9823097104
 53
82.88
 43
180.0525437504
 44
875.8601532701
 45
-0.0005752042
 46
11.4132675385
 79
2
 49
0.0251093173
 49
-91.99045864
 53
82.88
 43
179.3920575987
 44
875.1181315995
 45
-0.0005752042
 46
11.4132675385
 79
2
 49
0.1048181749
 49
-91.9107497824
 53
97.13
 43
179.3903353669
 44
875.2210101237
 45
-11.4196513195
 46
79.8907501616
 79
2
 49
0.1388279723
 49
-91.8767382731
 53
116.57
 43
179.3563700805
 44
875.3522832165
 45
-11.4137049049
 46
11.4117341631
 79
2
 49
0.1584367621
 49
-25.3623227525
 53
135.0
 43
179.2692415883
 44
875.4800981501
 45
-11.4129572148
 46
0.0
 79
2
 49
0.1672019973
 49
-15.9731568827
 53
172.88
 43
179.1450560099
 44
875.5990673864
 45
-79.89274205
 46
11.4057075793
 79
2
 49
0.1638225883
 49
-91.8517436571
 53
172.88
 43
178.9838920955
 44
875.6223722979
 45
-79.89274205
 46
11.4057075793
 79
2
 49
0.1084132909
 49
-91.9071546664
 53
187.13
 43
178.8783326419
 44
875.6196331619
 45
-79.8907501616
 46
-11.4196513195
 79
2
 49
0.1480040779
 49
-91.8675621675
 53
225.0
 43
178.7251807003
 44
875.6016575819
 45
-0.0
 46
-11.4129572148
 79
2
 49
0.1708655917
 49
-15.9694932883
 53
243.44
 43
178.58793971490002
 44
875.4948997563
 45
0.001005376
 46
-11.4127199151
 79
2
 49
0.1577862173
 49
-25.3629732973
 53
262.88
 43
178.5001161669
 44
875.3603397003
 45
0.0005752042
 46
-11.4132675385
 79
2
 49
0.1482779915
 49
-91.8672882539
 53
262.88
 43
178.47965139709999
 44
875.2144361973
 45
0.0005752042
 46
-11.4132675385
 79
2
 49
0.1084132909
 49
-91.9071546664
 53
277.13
 43
178.4816834936
 44
875.1087397869001
 45
11.4196513195
 46
-79.8907501616
 79
2
 49
0.1359518795
 49
-91.8796143659
 53
296.57
 43
178.5151232083
 44
874.980296564
 45
11.4137049049
 46
-11.4117341631
 79
2
 49
0.1584367621
 49
-25.3623227525
 53
315.0
 43
178.6022517005
 44
874.8524816304
 45
11.4129572148
 46
-0.0
 79
2
 49
0.1672019973
 49
-15.9731568827
 53
352.88
 43
178.7264372789
 44
874.7335004104
 45
79.89274205
 46
-11.4057075793
 79
2
 49
0.1638225883
 49
-91.8517436571
 53
7.13
 43
178.9931709187
 44
874.7128661565
 45
79.8907501616
 46
11.4196513195
 79
2
 49
0.1466687491
 49
-91.8688974963
 53
45.0
 43
179.1461516643
 44
874.7307732581
 45
0.0
 46
11.4129572148
 79
2
 49
0.1710932824
 49
-15.9692655976
 53
63.44
 43
179.2835535739
 44
874.8376680405
 45
-0.001005376
 46
11.4127199151
 79
2
 49
0.1577862173
 49
-25.3629732973
 53
82.88
 43
179.3713891056
 44
874.9722280965
 45
-0.0005752042
 46
11.4132675385
 79
2
 49
0.1482779915
 49
-91.8672882539
 53
82.88
 43
178.8556782752
 44
876.3130694077
 45
-0.0005752042
 46
11.4132675385
 79
2
 49
0.1482779915
 49
-91.8672882539
 53
63.44
 43
178.76785472720002
 44
876.1785093517
 45
-0.001005376
 46
11.4127199151
 79
2
 49
0.1577862173
 49
-25.3629732973
 53
45.0
 43
178.6304408339
 44
876.0716145693
 45
0.0
 46
11.4129572148
 79
2
 49
0.1710932824
 49
-15.9692655976
 53
7.13
 43
178.4774600883
 44
876.053695484
 45
79.8907501616
 46
11.4196513195
 79
2
 49
0.1466687491
 49
-91.8688974963
 53
352.88
 43
178.2107264485
 44
876.0743417216
 45
79.89274205
 46
-11.4057075793
 79
2
 49
0.1638225883
 49
-91.8517436571
 53
315.0
 43
178.0865511419
 44
876.1933109579
 45
11.4129572148
 46
-0.0
 79
2
 49
0.1672019973
 49
-15.9731568827
 53
296.57
 43
177.9994123779
 44
876.3211258915001
 45
11.4137049049
 46
-11.4117341631
 79
2
 49
0.1584367621
 49
-25.3623227525
 53
277.13
 43
177.96598464689998
 44
876.4495810981
 45
11.4196513195
 46
-79.8907501616
 79
2
 49
0.1359518795
 49
-91.8796143659
 53
262.88
 43
177.9639525504
 44
876.5552655248
 45
0.0005752042
 46
-11.4132675385
 79
2
 49
0.1084132909
 49
-91.9071546664
 53
262.88
 43
177.9844053365
 44
876.7011810115
 45
0.0005752042
 46
-11.4132675385
 79
2
 49
0.1482779915
 49
-91.8672882539
 53
243.44
 43
178.0722288845
 44
876.8357410675
 45
0.001005376
 46
-11.4127199151
 79
2
 49
0.1577862173
 49
-25.3629732973
 53
225.0
 43
178.2094698699
 44
876.9424886213
 45
-0.0
 46
-11.4129572148
 79
2
 49
0.1708655917
 49
-15.9694932883
 53
187.13
 43
178.3626337952
 44
876.9604642013
 45
-79.8907501616
 46
-11.4196513195
 79
2
 49
0.1480040779
 49
-91.8675621675
 53
172.88
 43
178.4681932488
 44
876.9632136091
 45
-79.89274205
 46
11.4057075793
 79
2
 49
0.1084132909
 49
-91.9071546664
 53
172.88
 43
178.62935716319998
 44
876.9399086976
 45
-79.89274205
 46
11.4057075793
 79
2
 49
0.1638225883
 49
-91.8517436571
 53
135.0
 43
178.7535307579
 44
876.8209274776
 45
-11.4129572148
 46
0.0
 79
2
 49
0.1672019973
 49
-15.9731568827
 53
116.57
 43
178.8406695219
 44
876.693112544
 45
-11.4137049049
 46
11.4117341631
 79
2
 49
0.1584367621
 49
-25.3623227525
 53
97.13
 43
178.8746245365
 44
876.5618394512001
 45
-11.4196513195
 46
79.8907501616
 79
2
 49
0.1388279723
 49
-91.8767382731
 53
82.88
 43
178.876358752
 44
876.4589626389
 45
-0.0005752042
 46
11.4132675385
 79
2
 49
0.1048181749
 49
-91.9107497824
 53
82.88
 43
183.8556063957
 44
874.4600781429
 45
-0.0005752042
 46
11.4132675385
 79
2
 49
0.3531208533
 49
-91.662447104
 53
63.44
 43
183.6464493947
 44
874.1396095027
 45
-0.001005376
 46
11.4127199151
 79
2
 49
0.3757632363
 49
-25.1449945664
 53
45.0
 43
183.31921508850002
 44
873.8850410507
 45
0.0
 46
11.4129572148
 79
2
 49
0.4074584637
 49
-15.7329004163
 53
7.13
 43
182.9548860331
 44
873.8423790075
 45
79.8907501616
 46
11.4196513195
 79
2
 49
0.3492963347
 49
-91.6662699107
 53
352.88
 43
182.31963588370002
 44
873.8915362269
 45
79.89274205
 46
-11.4057075793
 79
2
 49
0.390155684
 49
-91.6254122733
 53
315.0
 43
182.0238999296
 44
874.1748878624
 45
11.4129572148
 46
-0.0
 79
2
 49
0.3981796405
 49
-15.7421792395
 53
296.57
 43
181.8163881221
 44
874.4792743504
 45
11.4137049049
 46
-11.4117341631
 79
2
 49
0.377315984
 49
-25.1434418187
 53
277.13
 43
181.7367699984
 44
874.7851896187
 45
11.4196513195
 46
-79.8907501616
 79
2
 49
0.3237658752
 49
-91.6918020821
 53
262.88
 43
181.7319302875
 44
875.0368819779
 45
0.0005752042
 46
-11.4132675385
 79
2
 49
0.2581858235
 49
-91.7573804219
 53
262.88
 43
181.7806423973
 44
875.3843756187
 45
0.0005752042
 46
-11.4132675385
 79
2
 49
0.3531208533
 49
-91.662447104
 53
243.44
 43
181.9898096701
 44
875.7048442589
 45
0.001005376
 46
-11.4127199151
 79
2
 49
0.3757632363
 49
-25.1449945664
 53
225.0
 43
182.3166450896
 44
875.9590703189
 45
-0.0
 46
-11.4129572148
 79
2
 49
0.406932892
 49
-15.733425988
 53
187.13
 43
182.6814072709
 44
876.0018795907
 45
-79.8907501616
 46
-11.4196513195
 79
2
 49
0.3524805803
 49
-91.6630856651
 53
172.88
 43
182.9327914773
 44
876.0084192779
 45
-79.89274205
 46
11.4057075793
 79
2
 49
0.2581858235
 49
-91.7573804219
 53
172.88
 43
183.3166129093
 44
875.9529175347
 45
-79.89274205
 46
11.4057075793
 79
2
 49
0.390155684
 49
-91.6254122733
 53
135.0
 43
183.6123471515
 44
875.6695658992
 45
-11.4129572148
 46
0.0
 79
2
 49
0.3981796405
 49
-15.7421792395
 53
116.57
 43
183.8198606709
 44
875.3651794112
 45
-11.4137049049
 46
11.4117341631
 79
2
 49
0.377315984
 49
-25.1434418187
 53
97.13
 43
183.9007439331
 44
875.052541276
 45
-11.4196513195
 46
79.8907501616
 79
2
 49
0.3306256989
 49
-91.6849422584
 53
82.88
 43
183.9048526371
 44
874.8075375445
 45
-0.0005752042
 46
11.4132675385
 79
2
 49
0.2496260235
 49
-91.7659402219
 53
82.88
 43
187.10222383439998
 44
868.4127728944
 45
-0.0005752042
 46
11.4132675385
 79
2
 49
0.2496260235
 49
-91.7659402219
 53
97.13
 43
187.0981151304
 44
868.6577886096
 45
-11.4196513195
 46
79.8907501616
 79
2
 49
0.3306256989
 49
-91.6849422584
 53
116.57
 43
187.01724214
 44
868.9704267448
 45
-11.4137049049
 46
11.4117341631
 79
2
 49
0.377315984
 49
-25.1434418187
 53
135.0
 43
186.8097303325
 44
869.2748132327999
 45
-11.4129572148
 46
0.0
 79
2
 49
0.3981796405
 49
-15.7421792395
 53
172.88
 43
186.5139943784
 44
869.5581648683
 45
-79.89274205
 46
11.4057075793
 79
2
 49
0.390155684
 49
-91.6254122733
 53
172.88
 43
186.1301729464
 44
869.6136563397
 45
-79.89274205
 46
11.4057075793
 79
2
 49
0.2581858235
 49
-91.7573804219
 53
187.13
 43
185.87878874
 44
869.6071269243
 45
-79.8907501616
 46
-11.4196513195
 79
2
 49
0.3524805803
 49
-91.6630856651
 53
225.0
 43
185.51402655869998
 44
869.5643176525
 45
-0.0
 46
-11.4129572148
 79
2
 49
0.406932892
 49
-15.733425988
 53
243.44
 43
185.1871911392
 44
869.3100796088
 45
0.001005376
 46
-11.4127199151
 79
2
 49
0.3757632363
 49
-25.1449945664
 53
262.88
 43
184.9780238664
 44
868.9896126805
 45
0.0005752042
 46
-11.4132675385
 79
2
 49
0.3531208533
 49
-91.662447104
 53
262.88
 43
184.9293134685
 44
868.6421293115
 45
0.0005752042
 46
-11.4132675385
 79
2
 49
0.2581858235
 49
-91.7573804219
 53
277.13
 43
184.9341514675
 44
868.3904369523
 45
11.4196513195
 46
-79.8907501616
 79
2
 49
0.3237658752
 49
-91.6918020821
 53
296.57
 43
185.0137695912
 44
868.0845097003
 45
11.4137049049
 46
-11.4117341631
 79
2
 49
0.377315984
 49
-25.1434418187
 53
315.0
 43
185.2212813987
 44
867.7801232122999
 45
11.4129572148
 46
-0.0
 79
2
 49
0.3981796405
 49
-15.7421792395
 53
352.88
 43
185.5170173528
 44
867.4967715768
 45
79.89274205
 46
-11.4057075793
 79
2
 49
0.390155684
 49
-91.6254122733
 53
7.13
 43
186.15225723039998
 44
867.4476263411
 45
79.8907501616
 46
11.4196513195
 79
2
 49
0.3492963347
 49
-91.6662699107
 53
45.0
 43
186.5165845739
 44
867.4902781125
 45
0.0
 46
11.4129572148
 79
2
 49
0.4074584637
 49
-15.7329004163
 53
63.44
 43
186.843820592
 44
867.7448568363
 45
-0.001005376
 46
11.4127199151
 79
2
 49
0.3757632363
 49
-25.1449945664
 53
82.88
 43
187.0529878648
 44
868.0653254765
 45
-0.0005752042
 46
11.4132675385
 79
2
 49
0.3531208533
 49
-91.662447104
 53
82.88
 43
187.79458668130002
 44
872.5655992395
 45
-0.0005752042
 46
11.4132675385
 79
2
 49
0.1482779915
 49
-91.8672882539
 53
63.44
 43
187.7067511496
 44
872.4310391835
 45
-0.001005376
 46
11.4127199151
 79
2
 49
0.1577862173
 49
-25.3629732973
 53
45.0
 43
187.56934924
 44
872.3241444011
 45
0.0
 46
11.4129572148
 79
2
 49
0.1710932824
 49
-15.9692655976
 53
7.13
 43
187.4163684944
 44
872.3062372995
 45
79.8907501616
 46
11.4196513195
 79
2
 49
0.1466687491
 49
-91.8688974963
 53
352.88
 43
187.1496331427
 44
872.3268732653
 45
79.89274205
 46
-11.4057075793
 79
2
 49
0.1638225883
 49
-91.8517436571
 53
315.0
 43
187.02545954800001
 44
872.4458544853001
 45
11.4129572148
 46
-0.0
 79
2
 49
0.1672019973
 49
-15.9731568827
 53
296.57
 43
186.93832078399998
 44
872.5736574352
 45
11.4137049049
 46
-11.4117341631
 79
2
 49
0.1584367621
 49
-25.3623227525
 53
277.13
 43
186.90489134109998
 44
872.7021109299
 45
11.4196513195
 46
-79.8907501616
 79
2
 49
0.1359518795
 49
-91.8796143659
 53
262.88
 43
186.9028609565
 44
872.8078073403
 45
0.0005752042
 46
-11.4132675385
 79
2
 49
0.1084132909
 49
-91.9071546664
 53
262.88
 43
186.9233120307
 44
872.9537125552
 45
0.0005752042
 46
-11.4132675385
 79
2
 49
0.1482779915
 49
-91.8672882539
 53
243.44
 43
187.01113557870002
 44
873.0882726112
 45
0.001005376
 46
-11.4127199151
 79
2
 49
0.1577862173
 49
-25.3629732973
 53
225.0
 43
187.14837827600002
 44
873.1950304368
 45
-0.0
 46
-11.4129572148
 79
2
 49
0.1708655917
 49
-15.9694932883
 53
187.13
 43
187.30154220129998
 44
873.2130060168
 45
-79.8907501616
 46
-11.4196513195
 79
2
 49
0.1480040779
 49
-91.8675621675
 53
172.88
 43
187.4071016549
 44
873.2157451528
 45
-79.89274205
 46
11.4057075793
 79
2
 49
0.1084132909
 49
-91.9071546664
 53
172.88
 43
187.5682655693
 44
873.1924402413
 45
-79.89274205
 46
11.4057075793
 79
2
 49
0.1638225883
 49
-91.8517436571
 53
135.0
 43
187.692439164
 44
873.0734692931
 45
-11.4129572148
 46
0.0
 79
2
 49
0.1672019973
 49
-15.9731568827
 53
116.57
 43
187.77957792799998
 44
872.9456543594999
 45
-11.4137049049
 46
11.4117341631
 79
2
 49
0.1584367621
 49
-25.3623227525
 53
97.13
 43
187.8135312307
 44
872.8143709949
 45
-11.4196513195
 46
79.8907501616
 79
2
 49
0.1388279723
 49
-91.8767382731
 53
82.88
 43
187.8152551744
 44
872.7114924707
 45
-0.0005752042
 46
11.4132675385
 79
2
 49
0.1048181749
 49
-91.9107497824
 53
82.88
 43
185.7203519779
 44
876.3409161491
 45
-0.0005752042
 46
11.4132675385
 79
2
 49
0.0355180341
 49
-91.9800499232
 53
63.44
 43
185.69931883729998
 44
876.3086867901
 45
-0.001005376
 46
11.4127199151
 79
2
 49
0.0378000768
 49
-25.4829577259
 53
45.0
 43
185.6664029824
 44
876.2830758685
 45
0.0
 46
11.4129572148
 79
2
 49
0.0409843224
 49
-16.0993745576
 53
7.13
 43
185.6297550547
 44
876.2787839848
 45
79.8907501616
 46
11.4196513195
 79
2
 49
0.0351294192
 49
-91.9804385381
 53
352.88
 43
185.5658647075
 44
876.2837264133
 45
79.89274205
 46
-11.4057075793
 79
2
 49
0.0392381232
 49
-91.9763298341
 53
315.0
 43
185.5361228264
 44
876.3122356832
 45
11.4129572148
 46
-0.0
 79
2
 49
0.0400478803
 49
-16.1003109997
 53
296.57
 43
185.5152488981
 44
876.342845528
 45
11.4137049049
 46
-11.4117341631
 79
2
 49
0.0379490173
 49
-25.4828104973
 53
277.13
 43
185.5072369253
 44
876.3736145851
 45
11.4196513195
 46
-79.8907501616
 79
2
 49
0.0325614792
 49
-91.9830064781
 53
262.88
 43
185.50675757649998
 44
876.3989293376
 45
0.0005752042
 46
-11.4132675385
 79
2
 49
0.0259652973
 49
-91.98960266
 53
262.88
 43
185.51165378209998
 44
876.4338875608
 45
0.0005752042
 46
-11.4132675385
 79
2
 49
0.0355180341
 49
-91.9800499232
 53
243.44
 43
185.5326869227
 44
876.4661186317
 45
0.001005376
 46
-11.4127199151
 79
2
 49
0.0378000768
 49
-25.4829577259
 53
225.0
 43
185.5655685384
 44
876.4916833304
 45
-0.0
 46
-11.4129572148
 79
2
 49
0.0409278277
 49
-16.0994310523
 53
187.13
 43
185.60225070529998
 44
876.4959854859
 45
-79.8907501616
 46
-11.4196513195
 79
2
 49
0.0354495557
 49
-91.9801184016
 53
172.88
 43
185.6275414904
 44
876.4966480144
 45
-79.89274205
 46
11.4057075793
 79
2
 49
0.0259652973
 49
-91.98960266
 53
172.88
 43
185.6661410525
 44
876.4910670248
 45
-79.89274205
 46
11.4057075793
 79
2
 49
0.0392381232
 49
-91.9763298341
 53
135.0
 43
185.6958829336
 44
876.4625680267
 45
-11.4129572148
 46
0.0
 79
2
 49
0.0400478803
 49
-16.1003109997
 53
116.57
 43
185.7167568619
 44
876.4319479101
 45
-11.4137049049
 46
11.4117341631
 79
2
 49
0.0379490173
 49
-25.4828104973
 53
97.13
 43
185.7248955197
 44
876.4005043408
 45
-11.4196513195
 46
79.8907501616
 79
2
 49
0.0332582469
 49
-91.9823097104
 53
82.88
 43
185.7253063901
 44
876.3758641005
 45
-0.0005752042
 46
11.4132675385
 79
2
 49
0.0251093173
 49
-91.99045864
 53
82.88
 43
186.19913069519998
 44
875.3198467104
 45
-0.0005752042
 46
11.4132675385
 79
2
 49
0.1073176365
 49
-91.9082503208
 53
63.44
 43
186.1355707563
 44
875.2224584419
 45
-0.001005376
 46
11.4127199151
 79
2
 49
0.1141997157
 49
-25.4065597989
 53
45.0
 43
186.0361058803
 44
875.1450778499
 45
0.0
 46
11.4129572148
 79
2
 49
0.1238312027
 49
-16.0165276773
 53
7.13
 43
185.9253882912
 44
875.1321251605
 45
79.8907501616
 46
11.4196513195
 79
2
 49
0.1061535037
 49
-91.9094144536
 53
352.88
 43
185.7323254261
 44
875.1470534517
 45
79.89274205
 46
-11.4057075793
 79
2
 49
0.1185823333
 49
-91.896985624
 53
315.0
 43
185.6424355424
 44
875.2331753115
 45
11.4129572148
 46
-0.0
 79
2
 49
0.1210133165
 49
-16.0193455635
 53
296.57
 43
185.57936693599999
 44
875.3256793581
 45
11.4137049049
 46
-11.4117341631
 79
2
 49
0.1146790645
 49
-25.4060804501
 53
277.13
 43
185.5551718053
 44
875.4186610416
 45
11.4196513195
 46
-79.8907501616
 79
2
 49
0.0984034608
 49
-91.9171644965
 53
262.88
 43
185.5537097915
 44
875.4951514144
 45
0.0005752042
 46
-11.4132675385
 79
2
 49
0.0784642627
 49
-91.9371019827
 53
262.88
 43
185.56851310960002
 44
875.6007673627
 45
0.0005752042
 46
-11.4132675385
 79
2
 49
0.1073176365
 49
-91.9082503208
 53
243.44
 43
185.6320833203
 44
875.6981556312
 45
0.001005376
 46
-11.4127199151
 79
2
 49
0.1141997157
 49
-25.4065597989
 53
225.0
 43
185.7314112395
 44
875.7754215219
 45
-0.0
 46
-11.4129572148
 79
2
 49
0.1236719904
 49
-16.0166868896
 53
187.13
 43
185.84226749729999
 44
875.7884324179
 45
-79.8907501616
 46
-11.4196513195
 79
2
 49
0.1071224731
 49
-91.9084437723
 53
172.88
 43
185.9186654243
 44
875.7904302752
 45
-79.89274205
 46
11.4057075793
 79
2
 49
0.0784642627
 49
-91.9371019827
 53
172.88
 43
186.0353183787
 44
875.7735623333
 45
-79.89274205
 46
11.4057075793
 79
2
 49
0.1185823333
 49
-91.896985624
 53
135.0
 43
186.1252082624
 44
875.6874387616
 45
-11.4129572148
 46
0.0
 79
2
 49
0.1210133165
 49
-16.0193455635
 53
116.57
 43
186.18827686880002
 44
875.5949364269
 45
-11.4137049049
 46
11.4117341631
 79
2
 49
0.1146790645
 49
-25.4060804501
 53
97.13
 43
186.2128486307
 44
875.4999106632
 45
-11.4196513195
 46
79.8907501616
 79
2
 49
0.1004800683
 49
-91.9150861771
 53
82.88
 43
186.2141052093
 44
875.4254523869
 45
-0.0005752042
 46
11.4132675385
 79
2
 49
0.0758620835
 49
-91.9397041619
 53
82.88
 43
183.38018312
 44
871.4394274405
 45
-0.0005752042
 46
11.4132675385
 79
2
 49
0.1048181749
 49
-91.9107497824
 53
97.13
 43
183.3784591763
 44
871.5423042528
 45
-11.4196513195
 46
79.8907501616
 79
2
 49
0.1388279723
 49
-91.8767382731
 53
116.57
 43
183.34450587359999
 44
871.6735773456
 45
-11.4137049049
 46
11.4117341631
 79
2
 49
0.1584367621
 49
-25.3623227525
 53
135.0
 43
183.2573671096
 44
871.8013922792
 45
-11.4129572148
 46
0.0
 79
2
 49
0.1672019973
 49
-15.9731568827
 53
172.88
 43
183.1331935149
 44
871.9203734992
 45
-79.89274205
 46
11.4057075793
 79
2
 49
0.1638225883
 49
-91.8517436571
 53
172.88
 43
182.9720176168
 44
871.9436681389
 45
-79.89274205
 46
11.4057075793
 79
2
 49
0.1084132909
 49
-91.9071546664
 53
187.13
 43
182.86647014689999
 44
871.9409290029
 45
-79.8907501616
 46
-11.4196513195
 79
2
 49
0.1480040779
 49
-91.8675621675
 53
225.0
 43
182.7133062216
 44
871.9229534229
 45
-0.0
 46
-11.4129572148
 79
2
 49
0.1708655917
 49
-15.9694932883
 53
243.44
 43
182.5760635243
 44
871.8161955973
 45
0.001005376
 46
-11.4127199151
 79
2
 49
0.1577862173
 49
-25.3629732973
 53
262.88
 43
182.4882399763
 44
871.6816355413
 45
0.0005752042
 46
-11.4132675385
 79
2
 49
0.1482779915
 49
-91.8672882539
 53
262.88
 43
182.46778890209998
 44
871.5357303264
 45
0.0005752042
 46
-11.4132675385
 79
2
 49
0.1084132909
 49
-91.9071546664
 53
277.13
 43
182.4698192867
 44
871.4300458997
 45
11.4196513195
 46
-79.8907501616
 79
2
 49
0.1359518795
 49
-91.8796143659
 53
296.57
 43
182.5032487296
 44
871.3015906931
 45
11.4137049049
 46
-11.4117341631
 79
2
 49
0.1584367621
 49
-25.3623227525
 53
315.0
 43
182.5903755099
 44
871.1737757595
 45
11.4129572148
 46
-0.0
 79
2
 49
0.1672019973
 49
-15.9731568827
 53
352.88
 43
182.7145610883
 44
871.0547945395
 45
79.89274205
 46
-11.4057075793
 79
2
 49
0.1638225883
 49
-91.8517436571
 53
7.13
 43
182.98129644
 44
871.0341602856
 45
79.8907501616
 46
11.4196513195
 79
2
 49
0.1466687491
 49
-91.8688974963
 53
45.0
 43
183.1342771856
 44
871.0520673871999
 45
0.0
 46
11.4129572148
 79
2
 49
0.1710932824
 49
-15.9692655976
 53
63.44
 43
183.2716790952
 44
871.1589621696
 45
-0.001005376
 46
11.4127199151
 79
2
 49
0.1577862173
 49
-25.3629732973
 53
82.88
 43
183.3595146269
 44
871.2935342093
 45
-0.0005752042
 46
11.4132675385
 79
2
 49
0.1482779915
 49
-91.8672882539
 53
82.88
 43
181.1601818704
 44
871.9186495555
 45
-0.0005752042
 46
11.4132675385
 79
2
 49
0.0758620835
 49
-91.9397041619
 53
97.13
 43
181.1589270037
 44
871.9931095437
 45
-11.4196513195
 46
79.8907501616
 79
2
 49
0.1004800683
 49
-91.9150861771
 53
116.57
 43
181.1343535299
 44
872.0881335955
 45
-11.4137049049
 46
11.4117341631
 79
2
 49
0.1146790645
 49
-25.4060804501
 53
135.0
 43
181.0712849235
 44
872.1806376421
 45
-11.4129572148
 46
0.0
 79
2
 49
0.1210133165
 49
-16.0193455635
 53
172.88
 43
180.9814070235
 44
872.2667595019
 45
-79.89274205
 46
11.4057075793
 79
2
 49
0.1185823333
 49
-91.896985624
 53
172.88
 43
180.8647540691
 44
872.283617172
 45
-79.89274205
 46
11.4057075793
 79
2
 49
0.0784642627
 49
-91.9371019827
 53
187.13
 43
180.7883441584
 44
872.2816312984
 45
-79.8907501616
 46
-11.4196513195
 79
2
 49
0.1071224731
 49
-91.9084437723
 53
225.0
 43
180.67748961249998
 44
872.2686204024
 45
-0.0
 46
-11.4129572148
 79
2
 49
0.1236719904
 49
-16.0166868896
 53
243.44
 43
180.5781616933
 44
872.1913545117
 45
0.001005376
 46
-11.4127199151
 79
2
 49
0.1141997157
 49
-25.4065597989
 53
262.88
 43
180.5145897707
 44
872.0939662432
 45
0.0005752042
 46
-11.4132675385
 79
2
 49
0.1073176365
 49
-91.9082503208
 53
262.88
 43
180.4997881645
 44
871.9883502949
 45
0.0005752042
 46
-11.4132675385
 79
2
 49
0.0784642627
 49
-91.9371019827
 53
277.13
 43
180.5012484664
 44
871.9118599221
 45
11.4196513195
 46
-79.8907501616
 79
2
 49
0.0984034608
 49
-91.9171644965
 53
296.57
 43
180.52545558079999
 44
871.8188765267
 45
11.4137049049
 46
-11.4117341631
 79
2
 49
0.1146790645
 49
-25.4060804501
 53
315.0
 43
180.5885241872
 44
871.726374192
 45
11.4129572148
 46
-0.0
 79
2
 49
0.1210133165
 49
-16.0193455635
 53
352.88
 43
180.6784020872
 44
871.6402506203
 45
79.89274205
 46
-11.4057075793
 79
2
 49
0.1185823333
 49
-91.896985624
 53
7.13
 43
180.87146495230002
 44
871.6253120573
 45
79.8907501616
 46
11.4196513195
 79
2
 49
0.1061535037
 49
-91.9094144536
 53
45.0
 43
180.9821945251
 44
871.6382767304
 45
0.0
 46
11.4129572148
 79
2
 49
0.1238312027
 49
-16.0165276773
 53
63.44
 43
181.0816491293
 44
871.7156573224
 45
-0.001005376
 46
11.4127199151
 79
2
 49
0.1141997157
 49
-25.4065597989
 53
82.88
 43
181.14521933999998
 44
871.8130455909
 45
-0.0005752042
 46
11.4132675385
 79
2
 49
0.1073176365
 49
-91.9082503208
 53
82.88
 43
179.3440097293
 44
871.1589844251
 45
-0.0005752042
 46
11.4132675385
 79
2
 49
0.1443302117
 49
-91.8712377456
 53
97.13
 43
179.3416352408
 44
871.3006319955
 45
-11.4196513195
 46
79.8907501616
 79
2
 49
0.1911454699
 49
-91.8244207755
 53
116.57
 43
179.2948764773
 44
871.4813807323
 45
-11.4137049049
 46
11.4117341631
 79
2
 49
0.2181499269
 49
-25.3026095877
 53
135.0
 43
179.1749023205
 44
871.6573702203
 45
-11.4129572148
 46
0.0
 79
2
 49
0.2302123971
 49
-15.9101464829
 53
172.88
 43
179.0039220275
 44
871.8211825368
 45
-79.89274205
 46
11.4057075793
 79
2
 49
0.2255678496
 49
-91.7900001077
 53
172.88
 43
178.7820177723
 44
871.8532766508999
 45
-79.89274205
 46
11.4057075793
 79
2
 49
0.1492709283
 49
-91.8662953171
 53
187.13
 43
178.636684352
 44
871.8494983552
 45
-79.8907501616
 46
-11.4196513195
 79
2
 49
0.2037917184
 49
-91.8117762389
 53
225.0
 43
178.4257931355
 44
871.8247434136
 45
-0.0
 46
-11.4129572148
 79
2
 49
0.2352695269
 49
-15.9050893531
 53
243.44
 43
178.2368269907
 44
871.677754528
 45
0.001005376
 46
-11.4127199151
 79
2
 49
0.217247724
 49
-25.3035100787
 53
262.88
 43
178.11590612
 44
871.4924742331
 45
0.0005752042
 46
-11.4132675385
 79
2
 49
0.2041563659
 49
-91.8114098795
 53
262.88
 43
178.08773924209999
 44
871.2915825749
 45
0.0005752042
 46
-11.4132675385
 79
2
 49
0.1492709283
 49
-91.8662953171
 53
277.13
 43
178.0905348728
 44
871.1460659749
 45
11.4196513195
 46
-79.8907501616
 79
2
 49
0.1871857064
 49
-91.8283822509
 53
296.57
 43
178.13656434130002
 44
870.9691965395
 45
11.4137049049
 46
-11.4117341631
 79
2
 49
0.2181499269
 49
-25.3026095877
 53
315.0
 43
178.25653849809999
 44
870.7932190352
 45
11.4129572148
 46
-0.0
 79
2
 49
0.2302123971
 49
-15.9101464829
 53
352.88
 43
178.42751707920002
 44
870.6293964469
 45
79.89274205
 46
-11.4057075793
 79
2
 49
0.2255678496
 49
-91.7900001077
 53
7.13
 43
178.7947889939
 44
870.6009779109
 45
79.8907501616
 46
11.4196513195
 79
2
 49
0.2019428016
 49
-91.8136251557
 53
45.0
 43
179.0054285523
 44
870.6256404067
 45
0.0
 46
11.4129572148
 79
2
 49
0.235565696
 49
-15.904793184
 53
63.44
 43
179.194612116
 44
870.7728244557
 45
-0.001005376
 46
11.4127199151
 79
2
 49
0.217247724
 49
-25.3035100787
 53
82.88
 43
179.3155449704
 44
870.9581030387
 45
-0.0005752042
 46
11.4132675385
 79
2
 49
0.2041563659
 49
-91.8114098795
 53
82.88
 43
180.6713830512
 44
872.8690612691
 45
-0.0005752042
 46
11.4132675385
 79
2
 49
0.0251093173
 49
-91.99045864
 53
97.13
 43
180.6709721808
 44
872.8937032213
 45
-11.4196513195
 46
79.8907501616
 79
2
 49
0.0332582469
 49
-91.9823097104
 53
116.57
 43
180.6628352349
 44
872.9251450787
 45
-11.4137049049
 46
11.4117341631
 79
2
 49
0.0379490173
 49
-25.4828104973
 53
135.0
 43
180.6419715784
 44
872.9557669072
 45
-11.4129572148
 46
0.0
 79
2
 49
0.0400478803
 49
-16.1003109997
 53
172.88
 43
180.6122177136
 44
872.9842659053
 45
-79.89274205
 46
11.4057075793
 79
2
 49
0.0392381232
 49
-91.9763298341
 53
172.88
 43
180.5736181515
 44
872.9898468949
 45
-79.89274205
 46
11.4057075793
 79
2
 49
0.0259652973
 49
-91.98960266
 53
187.13
 43
180.5483273664
 44
872.9891843664
 45
-79.8907501616
 46
-11.4196513195
 79
2
 49
0.0354495557
 49
-91.9801184016
 53
225.0
 43
180.5116451995
 44
872.9848822109
 45
-0.0
 46
-11.4129572148
 79
2
 49
0.0409278277
 49
-16.0994310523
 53
243.44
 43
180.4787652957
 44
872.9593158003
 45
0.001005376
 46
-11.4127199151
 79
2
 49
0.0378000768
 49
-25.4829577259
 53
262.88
 43
180.4577304432
 44
872.9270744576
 45
0.0005752042
 46
-11.4132675385
 79
2
 49
0.0355180341
 49
-91.9800499232
 53
262.88
 43
180.4528342376
 44
872.8921282181
 45
0.0005752042
 46
-11.4132675385
 79
2
 49
0.0259652973
 49
-91.98960266
 53
277.13
 43
180.4533135864
 44
872.8668134656
 45
11.4196513195
 46
-79.8907501616
 79
2
 49
0.0325614792
 49
-91.9830064781
 53
296.57
 43
180.4613255592
 44
872.8360444085
 45
11.4137049049
 46
-11.4117341631
 79
2
 49
0.0379490173
 49
-25.4828104973
 53
315.0
 43
180.4821994875
 44
872.8054345637
 45
11.4129572148
 46
-0.0
 79
2
 49
0.0400478803
 49
-16.1003109997
 53
352.88
 43
180.5119430805
 44
872.7769235819
 45
79.89274205
 46
-11.4057075793
 79
2
 49
0.0392381232
 49
-91.9763298341
 53
7.13
 43
180.5758334277
 44
872.7719828653
 45
79.8907501616
 46
11.4196513195
 79
2
 49
0.0351294192
 49
-91.9804385381
 53
45.0
 43
180.6124796435
 44
872.7762730371
 45
0.0
 46
11.4129572148
 79
2
 49
0.0409843224
 49
-16.0993745576
 53
63.44
 43
180.6453954984
 44
872.8018839587
 45
-0.001005376
 46
11.4127199151
 79
2
 49
0.0378000768
 49
-25.4829577259
 53
82.88
 43
180.6664303509
 44
872.8341150296
 45
-0.0005752042
 46
11.4132675385
 79
2
 49
0.0355180341
 49
-91.9800499232
 53
82.88
 43
181.517741836
 44
869.3717786472
 45
-0.0005752042
 46
11.4132675385
 79
2
 49
0.3531208533
 49
-91.662447104
 53
63.44
 43
181.3085745632
 44
869.0513117189
 45
-0.001005376
 46
11.4127199151
 79
2
 49
0.3757632363
 49
-25.1449945664
 53
45.0
 43
180.98133854510002
 44
868.7967312832
 45
0.0
 46
11.4129572148
 79
2
 49
0.4074584637
 49
-15.7329004163
 53
7.13
 43
180.6170112016
 44
868.7540812237
 45
79.8907501616
 46
11.4196513195
 79
2
 49
0.3492963347
 49
-91.6662699107
 53
352.88
 43
179.981771324
 44
868.8032367312001
 45
79.89274205
 46
-11.4057075793
 79
2
 49
0.390155684
 49
-91.6254122733
 53
315.0
 43
179.6860353699
 44
869.0865883667
 45
11.4129572148
 46
-0.0
 79
2
 49
0.3981796405
 49
-15.7421792395
 53
296.57
 43
179.4785235624
 44
869.3909748547
 45
11.4137049049
 46
-11.4117341631
 79
2
 49
0.377315984
 49
-25.1434418187
 53
277.13
 43
179.3989054387
 44
869.6968918349
 45
11.4196513195
 46
-79.8907501616
 79
2
 49
0.3237658752
 49
-91.6918020821
 53
262.88
 43
179.3940674397
 44
869.9485841941
 45
0.0005752042
 46
-11.4132675385
 79
2
 49
0.2581858235
 49
-91.7573804219
 53
262.88
 43
179.4427778376
 44
870.2960658512
 45
0.0005752042
 46
-11.4132675385
 79
2
 49
0.3531208533
 49
-91.662447104
 53
243.44
 43
179.6519451104
 44
870.6165447632
 45
0.001005376
 46
-11.4127199151
 79
2
 49
0.3757632363
 49
-25.1449945664
 53
225.0
 43
179.9787805299
 44
870.8707708232
 45
-0.0
 46
-11.4129572148
 79
2
 49
0.406932892
 49
-15.733425988
 53
187.13
 43
180.3435427112
 44
870.9135818069
 45
-79.8907501616
 46
-11.4196513195
 79
2
 49
0.3524805803
 49
-91.6630856651
 53
172.88
 43
180.5949269176
 44
870.9201214941
 45
-79.89274205
 46
11.4057075793
 79
2
 49
0.2581858235
 49
-91.7573804219
 53
172.88
 43
180.97874834959998
 44
870.8646197509
 45
-79.89274205
 46
11.4057075793
 79
2
 49
0.390155684
 49
-91.6254122733
 53
135.0
 43
181.2744843037
 44
870.5812664035
 45
-11.4129572148
 46
0.0
 79
2
 49
0.3981796405
 49
-15.7421792395
 53
116.57
 43
181.4819961112
 44
870.2768799155
 45
-11.4137049049
 46
11.4117341631
 79
2
 49
0.377315984
 49
-25.1434418187
 53
97.13
 43
181.5628691016
 44
869.9642417803
 45
-11.4196513195
 46
79.8907501616
 79
2
 49
0.3306256989
 49
-91.6849422584
 53
82.88
 43
181.5669778056
 44
869.7192260651
 45
-0.0005752042
 46
11.4132675385
 79
2
 49
0.2496260235
 49
-91.7659402219
 98
0
  0
TEXT
  5
138
330
17
100
AcDbEntity
  8
LABEL
100
AcDbText
 10
240.0
 20
883.0
 30
0.0
 40
3.0
  1
CONC_DEMOLITION
  7
OpenSans
 11
240.0
 21
883.0
 31
0.0
100
AcDbText
  0
LWPOLYLINE
  5
139
330
17
100
AcDbEntity
  8
FRAME
100
AcDbPolyline
 90
4
 70
1
 10
240.0
 20
832.0
 10
332.0
 20
832.0
 10
332.0
 20
880.0
 10
240.0
 20
880.0
  0
HATCH
  5
13A
330
17
100
AcDbEntity
  8
HATCH
 62
7
100
AcDbHatch
 10
0.0
 20
0.0
 30
0.0
210
0.0
220
0.0
230
1.0
  2
CONC_DEMOLITION
 70
0
 71
0
 91
1
 92
3
 72
0
 73
1
 93
4
 10
240.0
 20
832.0
 10
332.0
 20
832.0
 10
332.0
 20
880.0
 10
240.0
 20
880.0
 97
0
 75
0
 76
1
 52
0.0
 41
1.0
 77
0
 78
4
 53
45.0
 43
240.0
 44
832.0
 45
-5.3881536726
 46
5.3881536726
 79
2
 49
2.54
 49
-2.54
 53
45.0
 43
241.796034
 44
832.0
 45
-5.3881536726
 46
5.3881536726
 79
2
 49
2.54
 49
-2.54
 53
-45.0
 43
240.0
 44
832.0
 45
5.3881536726
 46
5.3881536726
 79
2
 49
2.54
 49
-2.54
 53
-45.0
 43
241.796034
 44
832.0
 45
5.3881536726
 46
5.3881536726
 79
2
 49
2.54
 49
-2.54
 98
0
  0
TEXT
  5
13B
330
17
100
AcDbEntity
  8
LABEL
100
AcDbText
 10
360.0
 20
883.0
 30
0.0
 40
3.0
  1
CONC_EXISTING
  7
OpenSans
 11
360.0
 21
883.0
 31
0.0
100
AcDbText
  0
LWPOLYLINE
  5
13C
330
17
100
AcDbEntity
  8
FRAME
100
AcDbPolyline
 90
4
 70
1
 10
360.0
 20
832.0
 10
452.0
 20
832.0
 10
452.0
 20
880.0
 10
360.0
 20
880.0
  0
HATCH
  5
13D
330
17
100
AcDbEntity
  8
HATCH
 62
7
100
AcDbHatch
 10
0.0
 20
0.0
 30
0.0
210
0.0
220
0.0
230
1.0
  2
CONC_EXISTING
 70
0
 71
0
 91
1
 92
3
 72
0
 73
1
 93
4
 10
360.0
 20
832.0
 10
452.0
 20
832.0
 10
452.0
 20
880.0
 10
360.0
 20
880.0
 97
0
 75
0
 76
1
 52
0.0
 41
1.0
 77
0
 78
4
 53
45.0
 43
360.0
 44
832.0
 45
-5.3881536726
 46
5.3881536726
 79
0
 53
45.0
 43
361.7960467
 44
832.0
 45
-5.3881536726
 46
5.3881536726
 79
0
 53
-45.0
 43
360.0
 44
832.0
 45
5.3881536726
 46
5.3881536726
 79
0
 53
-45.0
 43
361.7960467
 44
832.0
 45
5.3881536726
 46
5.3881536726
 79
0
 98
0
  0
TEXT
  5
13E
330
17
100
AcDbEntity
  8
LABEL
100
AcDbText
 10
480.0
 20
883.0
 30
0.0
 40
3.0
  1
CONC_PRECAST
  7
OpenSans
 11
480.0
 21
883.0
 31
0.0
100
AcDbText
  0
LWPOLYLINE
  5
13F
330
17
100
AcDbEntity
  8
FRAME
100
AcDbPolyline
 90
4
 70
1
 10
480.0
 20
832.0
 10
572.0
 20
832.0
 10
572.0
 20
880.0
 10
480.0
 20
880.0
  0
HATCH
  5
140
330
17
100
AcDbEntity
  8
HATCH
 62
7
100
AcDbHatch
 10
0.0
 20
0.0
 30
0.0
210
0.0
220
0.0
230
1.0
  2
CONC_PRECAST
 70
0
 71
0
 91
1
 92
3
 72
0
 73
1
 93
4
 10
480.0
 20
832.0
 10
572.0
 20
832.0
 10
572.0
 20
880.0
 10
480.0
 20
880.0
 97
0
 75
0
 76
1
 52
0.0
 41
1.0
 77
0
 78
2
 53
45.0
 43
480.0
 44
832.0
 45
-2.6940768363
 46
2.6940768363
 79
0
 53
-45.0
 43
480.0
 44
832.0
 45
5.3881536726
 46
5.3881536726
 79
0
 98
0
  0
TEXT
  5
141
330
17
100
AcDbEntity
  8
LABEL
100
AcDbText
 10
600.0
 20
883.0
 30
0.0
 40
3.0
  1
CORK
  7
OpenSans
 11
600.0
 21
883.0
 31
0.0
100
AcDbText
  0
LWPOLYLINE
  5
142
330
17
100
AcDbEntity
  8
FRAME
100
AcDbPolyline
 90
4
 70
1
 10
600.0
 20
832.0
 10
692.0
 20
832.0
 10
692.0
 20
880.0
 10
600.0
 20
880.0
  0
HATCH
  5
143
330
17
100
AcDbEntity
  8
HATCH
 62
7
100
AcDbHatch
 10
0.0
 20
0.0
 30
0.0
210
0.0
220
0.0
230
1.0
  2
CORK
 70
0
 71
0
 91
1
 92
3
 72
0
 73
1
 93
4
 10
600.0
 20
832.0
 10
692.0
 20
832.0
 10
692.0
 20
880.0
 10
600.0
 20
880.0
 97
0
 75
0
 76
1
 52
0.0
 41
1.0
 77
0
 78
4
 53
0.0
 43
600.0
 44
832.0
 45
0.0
 46
3.81
 79
0
 53
135.0
 43
601.905
 44
830.095
 45
-7.6199999872
 46
-7.6199999872
 79
2
 49
5.3881536941
 49
-5.3881536941
 53
135.0
 43
602.8575
 44
830.095
 45
-7.6199999872
 46
-7.6199999872
 79
2
 49
5.3881536941
 49
-5.3881536941
 53
135.0
 43
603.81
 44
830.095
 45
-7.6199999872
 46
-7.6199999872
 79
2
 49
5.3881536941
 49
-5.3881536941
 98
0
  0
TEXT
  5
144
330
17
100
AcDbEntity
  8
LABEL
100
AcDbText
 10
0.0
 20
971.0
 30
0.0
 40
3.0
  1
CROSS
  7
OpenSans
 11
0.0
 21
971.0
 31
0.0
100
AcDbText
  0
LWPOLYLINE
  5
145
330
17
100
AcDbEntity
  8
FRAME
100
AcDbPolyline
 90
4
 70
1
 10
0.0
 20
920.0
 10
92.0
 20
920.0
 10
92.0
 20
968.0
 10
0.0
 20
968.0
  0
HATCH
  5
146
330
17
100
AcDbEntity
  8
HATCH
 62
7
100
AcDbHatch
 10
0.0
 20
0.0
 30
0.0
210
0.0
220
0.0
230
1.0
  2
CROSS
 70
0
 71
0
 91
1
 92
3
 72
0
 73
1
 93
4
 10
0.0
 20
920.0
 10
92.0
 20
920.0
 10
92.0
 20
968.0
 10
0.0
 20
968.0
 97
0
 75
0
 76
1
 52
0.0
 41
1.0
 77
0
 78
2
 53
0.0
 43
0.0
 44
920.0
 45
6.35
 46
6.35
 79
2
 49
3.175
 49
-9.525
 53
90.0
 43
1.5875
 44
918.4125
 45
-6.35
 46
6.35
 79
2
 49
3.175
 49
-9.525
 98
0
  0
TEXT
  5
147
330
17
100
AcDbEntity
  8
LABEL
100
AcDbText
 10
120.0
 20
971.0
 30
0.0
 40
3.0
  1
CROSSES
  7
OpenSans
 11
120.0
 21
971.0
 31
0.0
100
AcDbText
  0
LWPOLYLINE
  5
148
330
17
100
AcDbEntity
  8
FRAME
100
AcDbPolyline
 90
4
 70
1
 10
120.0
 20
920.0
 10
212.0
 20
920.0
 10
212.0
 20
968.0
 10
120.0
 20
968.0
  0
HATCH
  5
149
330
17
100
AcDbEntity
  8
HATCH
 62
7
100
AcDbHatch
 10
0.0
 20
0.0
 30
0.0
210
0.0
220
0.0
230
1.0
  2
CROSSES
 70
0
 71
0
 91
1
 92
3
 72
0
 73
1
 93
4
 10
120.0
 20
920.0
 10
212.0
 20
920.0
 10
212.0
 20
968.0
 10
120.0
 20
968.0
 97
0
 75
0
 76
1
 52
0.0
 41
1.0
 77
0
 78
2
 53
45.0
 43
115.51055
 44
920.0
 45
-8.9802561211
 46
8.9802561211
 79
2
 49
6.35
 49
-6.35
 53
135.0
 43
120.0
 44
920.0
 45
-8.9802561211
 46
-8.9802561211
 79
2
 49
6.35
 49
-6.35
 98
0
  0
TEXT
  5
14A
330
17
100
AcDbEntity
  8
LABEL
100
AcDbText
 10
240.0
 20
971.0
 30
0.0
 40
3.0
  1
DASH
  7
OpenSans
 11
240.0
 21
971.0
 31
0.0
100
AcDbText
  0
LWPOLYLINE
  5
14B
330
17
100
AcDbEntity
  8
FRAME
100
AcDbPolyline
 90
4
 70
1
 10
240.0
 20
920.0
 10
332.0
 20
920.0
 10
332.0
 20
968.0
 10
240.0
 20
968.0
  0
HATCH
  5
14C
330
17
100
AcDbEntity
  8
HATCH
 62
7
100
AcDbHatch
 10
0.0
 20
0.0
 30
0.0
210
0.0
220
0.0
230
1.0
  2
DASH
 70
0
 71
0
 91
1
 92
3
 72
0
 73
1
 93
4
 10
240.0
 20
920.0
 10
332.0
 20
920.0
 10
332.0
 20
968.0
 10
240.0
 20
968.0
 97
0
 75
0
 76
1
 52
0.0
 41
1.0
 77
0
 78
1
 53
0.0
 43
240.0
 44
920.0
 45
3.175
 46
3.175
 79
2
 49
3.175
 49
-3.175
 98
0
  0
TEXT
  5
14D
330
17
100
AcDbEntity
  8
LABEL
100
AcDbText
 10
360.0
 20
971.0
 30
0.0
 40
3.0
  1
DIAMONDS
  7
OpenSans
 11
360.0
 21
971.0
 31
0.0
100
AcDbText
  0
LWPOLYLINE
  5
14E
330
17
100
AcDbEntity
  8
FRAME
100
AcDbPolyline
 90
4
 70
1
 10
360.0
 20
920.0
 10
452.0
 20
920.0
 10
452.0
 20
968.0
 10
360.0
 20
968.0
  0
HATCH
  5
14F
330
17
100
AcDbEntity
  8
HATCH
 62
7
100
AcDbHatch
 10
0.0
 20
0.0
 30
0.0
210
0.0
220
0.0
230
1.0
  2
DIAMONDS
 70
0
 71
0
 91
1
 92
3
 72
0
 73
1
 93
4
 10
360.0
 20
920.0
 10
452.0
 20
920.0
 10
452.0
 20
968.0
 10
360.0
 20
968.0
 97
0
 75
0
 76
1
 52
0.0
 41
1.0
 77
0
 78
2
 53
60.0
 43
360.0
 44
920.0
 45
-5.499261314
 46
3.175
 79
0
 53
120.0
 43
360.0
 44
920.0
 45
-5.499261314
 46
-3.175
 79
0
 98
0
  0
TEXT
  5
150
330
17
100
AcDbEntity
  8
LABEL
100
AcDbText
 10
480.0
 20
971.0
 30
0.0
 40
3.0
  1
DOLMIT
  7
OpenSans
 11
480.0
 21
971.0
 31
0.0
100
AcDbText
  0
LWPOLYLINE
  5
151
330
17
100
AcDbEntity
  8
FRAME
100
AcDbPolyline
 90
4
 70
1
 10
480.0
 20
920.0
 10
572.0
 20
920.0
 10
572.0
 20
968.0
 10
480.0
 20
968.0
  0
HATCH
  5
152
330
17
100
AcDbEntity
  8
HATCH
 62
7
100
AcDbHatch
 10
0.0
 20
0.0
 30
0.0
210
0.0
220
0.0
230
1.0
  2
DOLMIT
 70
0
 71
0
 91
1
 92
3
 72
0
 73
1
 93
4
 10
480.0
 20
920.0
 10
572.0
 20
920.0
 10
572.0
 20
968.0
 10
480.0
 20
968.0
 97
0
 75
0
 76
1
 52
0.0
 41
1.0
 77
0
 78
2
 53
0.0
 43
480.0
 44
920.0
 45
0.0
 46
6.35
 79
0
 53
45.0
 43
480.0
 44
920.0
 45
-12.6999913435
 46
12.6999913435
 79
2
 49
8.9802561211
 49
-17.9605122421
 98
0
  0
TEXT
  5
153
330
17
100
AcDbEntity
  8
LABEL
100
AcDbText
 10
600.0
 20
971.0
 30
0.0
 40
3.0
  1
DOTGRID
  7
OpenSans
 11
600.0
 21
971.0
 31
0.0
100
AcDbText
  0
LWPOLYLINE
  5
154
330
17
100
AcDbEntity
  8
FRAME
100
AcDbPolyline
 90
4
 70
1
 10
600.0
 20
920.0
 10
692.0
 20
920.0
 10
692.0
 20
968.0
 10
600.0
 20
968.0
  0
HATCH
  5
155
330
17
100
AcDbEntity
  8
HATCH
 62
7
100
AcDbHatch
 10
0.0
 20
0.0
 30
0.0
210
0.0
220
0.0
230
1.0
  2
DOTGRID
 70
0
 71
0
 91
1
 92
3
 72
0
 73
1
 93
4
 10
600.0
 20
920.0
 10
692.0
 20
920.0
 10
692.0
 20
968.0
 10
600.0
 20
968.0
 97
0
 75
0
 76
1
 52
0.0
 41
1.0
 77
0
 78
1
 53
0.0
 43
600.0
 44
920.0
 45
0.0
 46
25.4
 79
2
 49
0.0
 49
-25.4
 98
0
  0
TEXT
  5
156
330
17
100
AcDbEntity
  8
LABEL
100
AcDbText
 10
0.0
 20
1059.0
 30
0.0
 40
3.0
  1
DOTS
  7
OpenSans
 11
0.0
 21
1059.0
 31
0.0
100
AcDbText
  0
LWPOLYLINE
  5
157
330
17
100
AcDbEntity
  8
FRAME
100
AcDbPolyline
 90
4
 70
1
 10
0.0
 20
1008.0
 10
92.0
 20
1008.0
 10
92.0
 20
1056.0
 10
0.0
 20
1056.0
  0
HATCH
  5
158
330
17
100
AcDbEntity
  8
HATCH
 62
7
100
AcDbHatch
 10
0.0
 20
0.0
 30
0.0
210
0.0
220
0.0
230
1.0
  2
DOTS
 70
0
 71
0
 91
1
 92
3
 72
0
 73
1
 93
4
 10
0.0
 20
1008.0
 10
92.0
 20
1008.0
 10
92.0
 20
1056.0
 10
0.0
 20
1056.0
 97
0
 75
0
 76
1
 52
0.0
 41
1.0
 77
0
 78
1
 53
0.0
 43
0.0
 44
1008.0
 45
0.79375
 46
1.5875
 79
2
 49
0.0
 49
-1.5875
 98
0
  0
TEXT
  5
159
330
17
100
AcDbEntity
  8
LABEL
100
AcDbText
 10
120.0
 20
1059.0
 30
0.0
 40
3.0
  1
DOTS1
  7
OpenSans
 11
120.0
 21
1059.0
 31
0.0
100
AcDbText
  0
LWPOLYLINE
  5
15A
330
17
100
AcDbEntity
  8
FRAME
100
AcDbPolyline
 90
4
 70
1
 10
120.0
 20
1008.0
 10
212.0
 20
1008.0
 10
212.0
 20
1056.0
 10
120.0
 20
1056.0
  0
HATCH
  5
15B
330
17
100
AcDbEntity
  8
HATCH
 62
7
100
AcDbHatch
 10
0.0
 20
0.0
 30
0.0
210
0.0
220
0.0
230
1.0
  2
DOTS1
 70
0
 71
0
 91
1
 92
3
 72
0
 73
1
 93
4
 10
120.0
 20
1008.0
 10
212.0
 20
1008.0
 10
212.0
 20
1056.0
 10
120.0
 20
1056.0
 97
0
 75
0
 76
1
 52
0.0
 41
1.0
 77
0
 78
1
 53
0.0
 43
120.0
 44
1008.0
 45
0.79375
 46
1.5875
 79
2
 49
0.0
 49
-1.5875
 98
0
  0
TEXT
  5
15C
330
17
100
AcDbEntity
  8
LABEL
100
AcDbText
 10
240.0
 20
1059.0
 30
0.0
 40
3.0
  1
DOTS2
  7
OpenSans
 11
240.0
 21
1059.0
 31
0.0
100
AcDbText
  0
LWPOLYLINE
  5
15D
330
17
100
AcDbEntity
  8
FRAME
100
AcDbPolyline
 90
4
 70
1
 10
240.0
 20
1008.0
 10
332.0
 20
1008.0
 10
332.0
 20
1056.0
 10
240.0
 20
1056.0
  0
HATCH
  5
15E
330
17
100
AcDbEntity
  8
HATCH
 62
7
100
AcDbHatch
 10
0.0
 20
0.0
 30
0.0
210
0.0
220
0.0
230
1.0
  2
DOTS2
 70
0
 71
0
 91
1
 92
3
 72
0
 73
1
 93
4
 10
240.0
 20
1008.0
 10
332.0
 20
1008.0
 10
332.0
 20
1056.0
 10
240.0
 20
1056.0
 97
0
 75
0
 76
1
 52
0.0
 41
1.0
 77
0
 78
17
 53
0.0
 43
241.016
 44
1008.508
 45
0.0
 46
25.4
 79
2
 49
0.0
 49
-25.4
 53
0.0
 43
249.144
 44
1009.016
 45
0.0
 46
25.4
 79
2
 49
0.0
 49
-25.4
 53
0.0
 43
244.572
 44
1014.604
 45
0.0
 46
25.4
 79
2
 49
0.0
 49
-25.4
 53
0.0
 43
250.16
 44
1018.668
 45
0.0
 46
25.4
 79
2
 49
0.0
 49
-25.4
 53
0.0
 43
243.556
 44
1020.192
 45
0.0
 46
25.4
 79
2
 49
0.0
 49
-25.4
 53
0.0
 43
245.588
 44
1026.288
 45
0.0
 46
25.4
 79
2
 49
0.0
 49
-25.4
 53
0.0
 43
242.032
 44
1030.86
 45
0.0
 46
25.4
 79
2
 49
0.0
 49
-25.4
 53
0.0
 43
250.16
 44
1030.352
 45
0.0
 46
25.4
 79
2
 49
0.0
 49
-25.4
 53
0.0
 43
256.256
 44
1031.368
 45
0.0
 46
25.4
 79
2
 49
0.0
 49
-25.4
 53
0.0
 43
259.304
 44
1025.272
 45
0.0
 46
25.4
 79
2
 49
0.0
 49
-25.4
 53
0.0
 43
264.384
 44
1024.764
 45
0.0
 46
25.4
 79
2
 49
0.0
 49
-25.4
 53
0.0
 43
264.384
 44
1015.62
 45
0.0
 46
25.4
 79
2
 49
0.0
 49
-25.4
 53
0.0
 43
259.812
 44
1012.572
 45
0.0
 46
25.4
 79
2
 49
0.0
 49
-25.4
 53
0.0
 43
252.7
 44
1014.096
 45
0.0
 46
25.4
 79
2
 49
0.0
 49
-25.4
 53
0.0
 43
257.272
 44
1018.668
 45
0.0
 46
25.4
 79
2
 49
0.0
 49
-25.4
 53
0.0
 43
252.7
 44
1023.24
 45
0.0
 46
25.4
 79
2
 49
0.0
 49
-25.4
 53
0.0
 43
263.368
 44
1009.016
 45
0.0
 46
25.4
 79
2
 49
0.0
 49
-25.4
 98
0
  0
TEXT
  5
15F
330
17
100
AcDbEntity
  8
LABEL
100
AcDbText
 10
360.0
 20
1059.0
 30
0.0
 40
3.0
  1
EARTH
  7
OpenSans
 11
360.0
 21
1059.0
 31
0.0
100
AcDbText
  0
LWPOLYLINE
  5
160
330
17
100
AcDbEntity
  8
FRAME
100
AcDbPolyline
 90
4
 70
1
 10
360.0
 20
1008.0
 10
452.0
 20
1008.0
 10
452.0
 20
1056.0
 10
360.0
 20
1056.0
  0
HATCH
  5
161
330
17
100
AcDbEntity
  8
HATCH
 62
7
100
AcDbHatch
 10
0.0
 20
0.0
 30
0.0
210
0.0
220
0.0
230
1.0
  2
EARTH
 70
0
 71
0
 91
1
 92
3
 72
0
 73
1
 93
4
 10
360.0
 20
1008.0
 10
452.0
 20
1008.0
 10
452.0
 20
1056.0
 10
360.0
 20
1056.0
 97
0
 75
0
 76
1
 52
0.0
 41
1.0
 77
0
 78
6
 53
0.0
 43
360.0
 44
1008.0
 45
6.35
 46
6.35
 79
2
 49
6.35
 49
-6.35
 53
0.0
 43
360.0
 44
1010.38125
 45
6.35
 46
6.35
 79
2
 49
6.35
 49
-6.35
 53
0.0
 43
360.0
 44
1012.7625
 45
6.35
 46
6.35
 79
2
 49
6.35
 49
-6.35
 53
90.0
 43
360.79375
 44
1013.55625
 45
-6.35
 46
6.35
 79
2
 49
6.35
 49
-6.35
 53
90.0
 43
363.175
 44
1013.55625
 45
-6.35
 46
6.35
 79
2
 49
6.35
 49
-6.35
 53
90.0
 43
365.55625
 44
1013.55625
 45
-6.35
 46
6.35
 79
2
 49
6.35
 49
-6.35
 98
0
  0
TEXT
  5
162
330
17
100
AcDbEntity
  8
LABEL
100
AcDbText
 10
480.0
 20
1059.0
 30
0.0
 40
3.0
  1
EARTH1
  7
OpenSans
 11
480.0
 21
1059.0
 31
0.0
100
AcDbText
  0
LWPOLYLINE
  5
163
330
17
100
AcDbEntity
  8
FRAME
100
AcDbPolyline
 90
4
 70
1
 10
480.0
 20
1008.0
 10
572.0
 20
1008.0
 10
572.0
 20
1056.0
 10
480.0
 20
1056.0
  0
HATCH
  5
164
330
17
100
AcDbEntity
  8
HATCH
 62
7
100
AcDbHatch
 10
0.0
 20
0.0
 30
0.0
210
0.0
220
0.0
230
1.0
  2
EARTH1
 70
0
 71
0
 91
1
 92
3
 72
0
 73
1
 93
4
 10
480.0
 20
1008.0
 10
572.0
 20
1008.0
 10
572.0
 20
1056.0
 10
480.0
 20
1056.0
 97
0
 75
0
 76
1
 52
0.0
 41
1.0
 77
0
 78
6
 53
0.0
 43
480.0
 44
1008.0
 45
6.35
 46
6.35
 79
2
 49
6.35
 49
-6.35
 53
0.0
 43
480.0
 44
1010.38125
 45
6.35
 46
6.35
 79
2
 49
6.35
 49
-6.35
 53
0.0
 43
480.0
 44
1012.7625
 45
6.35
 46
6.35
 79
2
 49
6.35
 49
-6.35
 53
90.0
 43
480.79375
 44
1013.55625
 45
-6.35
 46
6.35
 79
2
 49
6.35
 49
-6.35
 53
90.0
 43
483.175
 44
1013.55625
 45
-6.35
 46
6.35
 79
2
 49
6.35
 49
-6.35
 53
90.0
 43
485.55625
 44
1013.55625
 45
-6.35
 46
6.35
 79
2
 49
6.35
 49
-6.35
 98
0
  0
TEXT
  5
165
330
17
100
AcDbEntity
  8
LABEL
100
AcDbText
 10
600.0
 20
1059.0
 30
0.0
 40
3.0
  1
EARTH2
  7
OpenSans
 11
600.0
 21
1059.0
 31
0.0
100
AcDbText
  0
LWPOLYLINE
  5
166
330
17
100
AcDbEntity
  8
FRAME
100
AcDbPolyline
 90
4
 70
1
 10
600.0
 20
1008.0
 10
692.0
 20
1008.0
 10
692.0
 20
1056.0
 10
600.0
 20
1056.0
  0
HATCH
  5
167
330
17
100
AcDbEntity
  8
HATCH
 62
7
100
AcDbHatch
 10
0.0
 20
0.0
 30
0.0
210
0.0
220
0.0
230
1.0
  2
EARTH2
 70
0
 71
0
 91
1
 92
3
 72
0
 73
1
 93
4
 10
600.0
 20
1008.0
 10
692.0
 20
1008.0
 10
692.0
 20
1056.0
 10
600.0
 20
1056.0
 97
0
 75
0
 76
1
 52
0.0
 41
1.0
 77
0
 78
12
 53
45.0
 43
600.0
 44
1008.0
 45
0.0
 46
13.4703841816
 79
2
 49
9.525
 49
-9.525
 53
45.0
 43
598.6529615841
 44
1009.3470384159
 45
0.0
 46
13.4703841816
 79
2
 49
9.525
 49
-9.525
 53
45.0
 43
597.3059231872
 44
1010.6940768128
 45
0.0
 46
13.4703841816
 79
2
 49
9.525
 49
-9.525
 53
45.0
 43
595.9588847332
 44
1012.0411152668
 45
0.0
 46
13.4703841816
 79
2
 49
9.525
 49
-9.525
 53
45.0
 43
594.611846565
 44
1013.388153435
 45
0.0
 46
13.4703841816
 79
2
 49
9.525
 49
-9.525
 53
45.0
 43
593.26480773
 44
1014.73519227
 45
0.0
 46
13.4703841816
 79
2
 49
9.525
 49
-9.525
 53
135.0
 43
600.0
 44
1008.0
 45
-13.4703841816
 46
0.0
 79
2
 49
9.525
 49
-9.525
 53
135.0
 43
598.6529615841
 44
1006.6529615841
 45
-13.4703841816
 46
0.0
 79
2
 49
9.525
 49
-9.525
 53
135.0
 43
597.3059231872
 44
1005.3059231872
 45
-13.4703841816
 46
0.0
 79
2
 49
9.525
 49
-9.525
 53
135.0
 43
595.9588847332
 44
1003.9588847332
 45
-13.4703841816
 46
0.0
 79
2
 49
9.525
 49
-9.525
 53
135.0
 43
594.611846565
 44
1002.611846565
 45
-13.4703841816
 46
0.0
 79
2
 49
9.525
 49
-9.525
 53
135.0
 43
593.26480773
 44
1001.26480773
 45
-13.4703841816
 46
0.0
 79
2
 49
9.525
 49
-9.525
 98
0
  0
TEXT
  5
168
330
17
100
AcDbEntity
  8
LABEL
100
AcDbText
 10
0.0
 20
1147.0
 30
0.0
 40
3.0
  1
EGYPTIAN
  7
OpenSans
 11
0.0
 21
1147.0
 31
0.0
100
AcDbText
  0
LWPOLYLINE
  5
169
330
17
100
AcDbEntity
  8
FRAME
100
AcDbPolyline
 90
4
 70
1
 10
0.0
 20
1096.0
 10
92.0
 20
1096.0
 10
92.0
 20
1144.0
 10
0.0
 20
1144.0
  0
HATCH
  5
16A
330
17
100
AcDbEntity
  8
HATCH
 62
7
100
AcDbHatch
 10
0.0
 20
0.0
 30
0.0
210
0.0
220
0.0
230
1.0
  2
EGYPTIAN
 70
0
 71
0
 91
1
 92
3
 72
0
 73
1
 93
4
 10
0.0
 20
1096.0
 10
92.0
 20
1096.0
 10
92.0
 20
1144.0
 10
0.0
 20
1144.0
 97
0
 75
0
 76
1
 52
0.0
 41
1.0
 77
0
 78
10
 53
0.0
 43
0.0
 44
1096.0
 45
0.0
 46
31.75
 79
3
 49
6.35
 49
-6.35
 49
19.05
 53
0.0
 43
0.0
 44
1102.35
 45
0.0
 46
31.75
 79
2
 49
-19.05
 49
12.7
 53
0.0
 43
0.0
 44
1108.7
 45
0.0
 46
31.75
 79
3
 49
-19.05
 49
6.35
 49
-6.35
 53
0.0
 43
0.0
 44
1115.05
 45
0.0
 46
31.75
 79
3
 49
-12.7
 49
12.7
 49
-6.35
 53
0.0
 43
0.0
 44
1121.4
 45
0.0
 46
31.75
 79
2
 49
-6.35
 49
25.4
 53
90.0
 43
6.35
 44
1096.0
 45
-31.75
 46
0.0
 79
2
 49
25.4
 49
-6.35
 53
90.0
 43
12.7
 44
1096.0
 45
-31.75
 46
0.0
 79
2
 49
19.05
 49
-12.7
 53
90.0
 43
19.05
 44
1096.0
 45
-31.75
 46
0.0
 79
3
 49
-6.35
 49
6.35
 49
-19.05
 53
90.0
 43
25.4
 44
1096.0
 45
-31.75
 46
0.0
 79
3
 49
-12.7
 49
6.35
 49
-12.7
 53
90.0
 43
31.75
 44
1096.0
 45
-31.75
 46
0.0
 79
3
 49
-6.35
 49
19.05
 49
-6.35
 98
0
  0
TEXT
  5
16B
330
17
100
AcDbEntity
  8
LABEL
100
AcDbText
 10
120.0
 20
1147.0
 30
0.0
 40
3.0
  1
ESCHER
  7
OpenSans
 11
120.0
 21
1147.0
 31
0.0
100
AcDbText
  0
LWPOLYLINE
  5
16C
330
17
100
AcDbEntity
  8
FRAME
100
AcDbPolyline
 90
4
 70
1
 10
120.0
 20
1096.0
 10
212.0
 20
1096.0
 10
212.0
 20
1144.0
 10
120.0
 20
1144.0
  0
HATCH
  5
16D
330
17
100
AcDbEntity
  8
HATCH
 62
7
100
AcDbHatch
 10
0.0
 20
0.0
 30
0.0
210
0.0
220
0.0
230
1.0
  2
ESCHER
 70
0
 71
0
 91
1
 92
3
 72
0
 73
1
 93
4
 10
120.0
 20
1096.0
 10
212.0
 20
1096.0
 10
212.0
 20
1144.0
 10
120.0
 20
1144.0
 97
0
 75
0
 76
1
 52
0.0
 41
1.0
 77
0
 78
21
 53
60.0
 43
120.0
 44
1096.0
 45
-30.4799999881
 46
-6.9e-09
 79
2
 49
27.94
 49
-2.54
 53
180.0
 43
120.0
 44
1096.0
 45
15.24
 46
-26.3964542936
 79
2
 49
27.94
 49
-2.54
 53
300.0
 43
120.0
 44
1096.0
 45
30.4799999881
 46
-6.9e-09
 79
2
 49
27.94
 49
-2.54
 53
60.0
 43
122.54
 44
1096.0
 45
-30.4799999881
 46
-6.9e-09
 79
2
 49
5.08
 49
-25.4
 53
300.0
 43
122.54
 44
1096.0
 45
30.4799999881
 46
-6.9e-09
 79
2
 49
5.08
 49
-25.4
 53
60.0
 43
118.73
 44
1098.199704516
 45
-30.4799999881
 46
-6.9e-09
 79
2
 49
5.08
 49
-25.4
 53
180.0
 43
118.73
 44
1098.199704516
 45
15.24
 46
-26.3964542936
 79
2
 49
5.08
 49
-25.4
 53
300.0
 43
118.73
 44
1093.800295484
 45
30.4799999881
 46
-6.9e-09
 79
2
 49
5.08
 49
-25.4
 53
180.0
 43
118.73
 44
1093.800295484
 45
15.24
 46
-26.3964542936
 79
2
 49
5.08
 49
-25.4
 53
60.0
 43
109.84
 44
1096.0
 45
-30.4799999881
 46
-6.9e-09
 79
2
 49
5.08
 49
-25.4
 53
300.0
 43
109.84
 44
1096.0
 45
30.4799999881
 46
-6.9e-09
 79
2
 49
5.08
 49
-25.4
 53
60.0
 43
125.08
 44
1087.2011819106
 45
-30.4799999881
 46
-6.9e-09
 79
2
 49
5.08
 49
-25.4
 53
180.0
 43
125.08
 44
1087.2011819106
 45
15.24
 46
-26.3964542936
 79
2
 49
5.08
 49
-25.4
 53
300.0
 43
125.08
 44
1104.7988180894
 45
30.4799999881
 46
-6.9e-09
 79
2
 49
5.08
 49
-25.4
 53
180.0
 43
125.08
 44
1104.7988180894
 45
15.24
 46
-26.3964542936
 79
2
 49
5.08
 49
-25.4
 53
0.0
 43
125.08
 44
1100.3994090574
 45
-15.24
 46
26.3964542936
 79
2
 49
17.78
 49
-12.7
 53
0.0
 43
125.08
 44
1091.6005909426
 45
-15.24
 46
26.3964542936
 79
2
 49
17.78
 49
-12.7
 53
120.0
 43
121.27
 44
1102.5991135734
 45
-30.4799999881
 46
6.9e-09
 79
2
 49
17.78
 49
-12.7
 53
120.0
 43
113.65
 44
1098.199704516
 45
-30.4799999881
 46
6.9e-09
 79
2
 49
17.78
 49
-12.7
 53
240.0
 43
113.65
 44
1093.800295484
 45
15.2399999881
 46
-26.3964543005
 79
2
 49
17.78
 49
-12.7
 53
240.0
 43
121.27
 44
1089.4008864266
 45
15.2399999881
 46
-26.3964543005
 79
2
 49
17.78
 49
-12.7
 98
0
  0
TEXT
  5
16E
330
17
100
AcDbEntity
  8
LABEL
100
AcDbText
 10
240.0
 20
1147.0
 30
0.0
 40
3.0
  1
FLEX
  7
OpenSans
 11
240.0
 21
1147.0
 31
0.0
100
AcDbText
  0
LWPOLYLINE
  5
16F
330
17
100
AcDbEntity
  8
FRAME
100
AcDbPolyline
 90
4
 70
1
 10
240.0
 20
1096.0
 10
332.0
 20
1096.0
 10
332.0
 20
1144.0
 10
240.0
 20
1144.0
  0
HATCH
  5
170
330
17
100
AcDbEntity
  8
HATCH
 62
7
100
AcDbHatch
 10
0.0
 20
0.0
 30
0.0
210
0.0
220
0.0
230
1.0
  2
FLEX
 70
0
 71
0
 91
1
 92
3
 72
0
 73
1
 93
4
 10
240.0
 20
1096.0
 10
332.0
 20
1096.0
 10
332.0
 20
1144.0
 10
240.0
 20
1144.0
 97
0
 75
0
 76
1
 52
0.0
 41
1.0
 77
0
 78
2
 53
0.0
 43
240.0
 44
1096.0
 45
0.0
 46
6.35
 79
2
 49
6.35
 49
-6.35
 53
45.0
 43
246.35
 44
1096.0
 45
0.0
 46
6.3499999893
 79
4
 49
1.5875
 49
-5.8052561314
 49
1.5875
 49
-8.9802561314
 98
0
  0
TEXT
  5
171
330
17
100
AcDbEntity
  8
LABEL
100
AcDbText
 10
360.0
 20
1147.0
 30
0.0
 40
3.0
  1
FLEXIBLE
  7
OpenSans
 11
360.0
 21
1147.0
 31
0.0
100
AcDbText
  0
LWPOLYLINE
  5
172
330
17
100
AcDbEntity
  8
FRAME
100
AcDbPolyline
 90
4
 70
1
 10
360.0
 20
1096.0
 10
452.0
 20
1096.0
 10
452.0
 20
1144.0
 10
360.0
 20
1144.0
  0
HATCH
  5
173
330
17
100
AcDbEntity
  8
HATCH
 62
7
100
AcDbHatch
 10
0.0
 20
0.0
 30
0.0
210
0.0
220
0.0
230
1.0
  2
FLEXIBLE
 70
0
 71
0
 91
1
 92
3
 72
0
 73
1
 93
4
 10
360.0
 20
1096.0
 10
452.0
 20
1096.0
 10
452.0
 20
1144.0
 10
360.0
 20
1144.0
 97
0
 75
0
 76
1
 52
0.0
 41
1.0
 77
0
 78
2
 53
0.0
 43
360.0
 44
1096.0
 45
0.0
 46
7.62
 79
2
 49
7.62
 49
-7.62
 53
45.0
 43
367.62
 44
1096.0
 45
0.0
 46
7.6199999872
 79
4
 49
1.905
 49
-6.9663073577
 49
1.905
 49
-10.7763073577
 98
0
  0
TEXT
  5
174
330
17
100
AcDbEntity
  8
LABEL
100
AcDbText
 10
480.0
 20
1147.0
 30
0.0
 40
3.0
  1
GLASS
  7
OpenSans
 11
480.0
 21
1147.0
 31
0.0
100
AcDbText
  0
LWPOLYLINE
  5
175
330
17
100
AcDbEntity
  8
FRAME
100
AcDbPolyline
 90
4
 70
1
 10
480.0
 20
1096.0
 10
572.0
 20
1096.0
 10
572.0
 20
1144.0
 10
480.0
 20
1144.0
  0
HATCH
  5
176
330
17
100
AcDbEntity
  8
HATCH
 62
7
100
AcDbHatch
 10
0.0
 20
0.0
 30
0.0
210
0.0
220
0.0
230
1.0
  2
GLASS
 70
0
 71
0
 91
1
 92
3
 72
0
 73
1
 93
4
 10
480.0
 20
1096.0
 10
572.0
 20
1096.0
 10
572.0
 20
1144.0
 10
480.0
 20
1144.0
 97
0
 75
0
 76
1
 52
0.0
 41
1.0
 77
0
 78
3
 53
236.3099
 43
492.192
 44
1110.224
 45
-20.3200271172
 46
-40.6399910139
 79
2
 49
7.3264776
 49
-65.93831872
 53
236.3099
 43
492.5984
 44
1109.0048
 45
-20.3200271172
 46
-40.6399910139
 79
2
 49
4.39588656
 49
-68.86890976
 53
236.3099
 43
490.16
 44
1109.0048
 45
-20.3200271172
 46
-40.6399910139
 79
2
 49
4.39588656
 49
-68.86890976
 98
0
  0
TEXT
  5
177
330
17
100
AcDbEntity
  8
LABEL
100
AcDbText
 10
600.0
 20
1147.0
 30
0.0
 40
3.0
  1
GOST_GLASS
  7
OpenSans
 11
600.0
 21
1147.0
 31
0.0
100
AcDbText
  0
LWPOLYLINE
  5
178
330
17
100
AcDbEntity
  8
FRAME
100
AcDbPolyline
 90
4
 70
1
 10
600.0
 20
1096.0
 10
692.0
 20
1096.0
 10
692.0
 20
1144.0
 10
600.0
 20
1144.0
  0
HATCH
  5
179
330
17
100
AcDbEntity
  8
HATCH
 62
7
100
AcDbHatch
 10
0.0
 20
0.0
 30
0.0
210
0.0
220
0.0
230
1.0
  2
GOST_GLASS
 70
0
 71
0
 91
1
 92
3
 72
0
 73
1
 93
4
 10
600.0
 20
1096.0
 10
692.0
 20
1096.0
 10
692.0
 20
1144.0
 10
600.0
 20
1144.0
 97
0
 75
0
 76
1
 52
0.0
 41
1.0
 77
0
 78
3
 53
45.0
 43
600.0
 44
1096.0
 45
8.4852813742
 46
0.0
 79
2
 49
5.0
 49
-7.0
 53
45.0
 43
602.12132
 44
1096.0
 45
8.4852813742
 46
0.0
 79
2
 49
2.0
 49
-10.0
 53
45.0
 43
600.0
 44
1098.12132
 45
8.4852813742
 46
0.0
 79
2
 49
2.0
 49
-10.0
 98
0
  0
TEXT
  5
17A
330
17
100
AcDbEntity
  8
LABEL
100
AcDbText
 10
0.0
 20
1235.0
 30
0.0
 40
3.0
  1
GOST_GROUND
  7
OpenSans
 11
0.0
 21
1235.0
 31
0.0
100
AcDbText
  0
LWPOLYLINE
  5
17B
330
17
100
AcDbEntity
  8
FRAME
100
AcDbPolyline
 90
4
 70
1
 10
0.0
 20
1184.0
 10
92.0
 20
1184.0
 10
92.0
 20
1232.0
 10
0.0
 20
1232.0
  0
HATCH
  5
17C
330
17
100
AcDbEntity
  8
HATCH
 62
7
100
AcDbHatch
 10
0.0
 20
0.0
 30
0.0
210
0.0
220
0.0
230
1.0
  2
GOST_GROUND
 70
0
 71
0
 91
1
 92
3
 72
0
 73
1
 93
4
 10
0.0
 20
1184.0
 10
92.0
 20
1184.0
 10
92.0
 20
1232.0
 10
0.0
 20
1232.0
 97
0
 75
0
 76
1
 52
0.0
 41
1.0
 77
0
 78
3
 53
45.0
 43
0.0
 44
1184.0
 45
14.1421356237
 46
0.0
 79
1
 49
20.0
 53
45.0
 43
3.0
 44
1184.0
 45
14.1421356237
 46
0.0
 79
1
 49
20.0
 53
45.0
 43
6.0
 44
1184.0
 45
14.1421356237
 46
0.0
 79
1
 49
20.0
 98
0
  0
TEXT
  5
17D
330
17
100
AcDbEntity
  8
LABEL
100
AcDbText
 10
120.0
 20
1235.0
 30
0.0
 40
3.0
  1
GOST_WOOD
  7
OpenSans
 11
120.0
 21
1235.0
 31
0.0
100
AcDbText
  0
LWPOLYLINE
  5
17E
330
17
100
AcDbEntity
  8
FRAME
100
AcDbPolyline
 90
4
 70
1
 10
120.0
 20
1184.0
 10
212.0
 20
1184.0
 10
212.0
 20
1232.0
 10
120.0
 20
1232.0
  0
HATCH
  5
17F
330
17
100
AcDbEntity
  8
HATCH
 62
7
100
AcDbHatch
 10
0.0
 20
0.0
 30
0.0
210
0.0
220
0.0
230
1.0
  2
GOST_WOOD
 70
0
 71
0
 91
1
 92
3
 72
0
 73
1
 93
4
 10
120.0
 20
1184.0
 10
212.0
 20
1184.0
 10
212.0
 20
1232.0
 10
120.0
 20
1232.0
 97
0
 75
0
 76
1
 52
0.0
 41
1.0
 77
0
 78
3
 53
90.0
 43
120.0
 44
1184.0
 45
6.0
 46
0.0
 79
2
 49
10.0
 49
-2.0
 53
90.0
 43
122.0
 44
1182.0
 45
6.0
 46
0.0
 79
4
 49
6.0
 49
-1.5
 49
3.0
 49
-1.5
 53
90.0
 43
124.0
 44
1179.0
 45
6.0
 46
0.0
 79
2
 49
10.0
 49
-2.0
 98
0
  0
TEXT
  5
180
330
17
100
AcDbEntity
  8
LABEL
100
AcDbText
 10
240.0
 20
1235.0
 30
0.0
 40
3.0
  1
GRASS
  7
OpenSans
 11
240.0
 21
1235.0
 31
0.0
100
AcDbText
  0
LWPOLYLINE
  5
181
330
17
100
AcDbEntity
  8
FRAME
100
AcDbPolyline
 90
4
 70
1
 10
240.0
 20
1184.0
 10
332.0
 20
1184.0
 10
332.0
 20
1232.0
 10
240.0
 20
1232.0
  0
HATCH
  5
182
330
17
100
AcDbEntity
  8
HATCH
 62
7
100
AcDbHatch
 10
0.0
 20
0.0
 30
0.0
210
0.0
220
0.0
230
1.0
  2
GRASS
 70
0
 71
0
 91
1
 92
3
 72
0
 73
1
 93
4
 10
240.0
 20
1184.0
 10
332.0
 20
1184.0
 10
332.0
 20
1232.0
 10
240.0
 20
1232.0
 97
0
 75
0
 76
1
 52
0.0
 41
1.0
 77
0
 78
3
 53
90.0
 43
240.0
 44
1184.0
 45
-17.96051224
 46
17.96051224
 79
2
 49
4.7625
 49
-31.15852448
 53
45.0
 43
240.0
 44
1184.0
 45
-17.9605122421
 46
17.9605122421
 79
2
 49
4.7625
 49
-20.6375
 53
135.0
 43
240.0
 44
1184.0
 45
-17.9605122421
 46
-17.9605122421
 79
2
 49
4.7625
 49
-20.6375
 98
0
  0
TEXT
  5
183
330
17
100
AcDbEntity
  8
LABEL
100
AcDbText
 10
360.0
 20
1235.0
 30
0.0
 40
3.0
  1
GRASS1
  7
OpenSans
 11
360.0
 21
1235.0
 31
0.0
100
AcDbText
  0
LWPOLYLINE
  5
184
330
17
100
AcDbEntity
  8
FRAME
100
AcDbPolyline
 90
4
 70
1
 10
360.0
 20
1184.0
 10
452.0
 20
1184.0
 10
452.0
 20
1232.0
 10
360.0
 20
1232.0
  0
HATCH
  5
185
330
17
100
AcDbEntity
  8
HATCH
 62
7
100
AcDbHatch
 10
0.0
 20
0.0
 30
0.0
210
0.0
220
0.0
230
1.0
  2
GRASS1
 70
0
 71
0
 91
1
 92
3
 72
0
 73
1
 93
4
 10
360.0
 20
1184.0
 10
452.0
 20
1184.0
 10
452.0
 20
1232.0
 10
360.0
 20
1232.0
 97
0
 75
0
 76
1
 52
0.0
 41
1.0
 77
0
 78
3
 53
90.0
 43
360.0
 44
1184.0
 45
-14.3684097899
 46
14.3684097899
 79
2
 49
3.81
 49
-24.9268196002
 53
45.0
 43
360.0
 44
1184.0
 45
-14.3684097937
 46
14.3684097937
 79
2
 49
3.81
 49
-16.51
 53
135.0
 43
360.0
 44
1184.0
 45
-14.3684097937
 46
-14.3684097937
 79
2
 49
3.81
 49
-16.51
 98
0
  0
TEXT
  5
186
330
17
100
AcDbEntity
  8
LABEL
100
AcDbText
 10
480.0
 20
1235.0
 30
0.0
 40
3.0
  1
GRASS2
  7
OpenSans
 11
480.0
 21
1235.0
 31
0.0
100
AcDbText
  0
LWPOLYLINE
  5
187
330
17
100
AcDbEntity
  8
FRAME
100
AcDbPolyline
 90
4
 70
1
 10
480.0
 20
1184.0
 10
572.0
 20
1184.0
 10
572.0
 20
1232.0
 10
480.0
 20
1232.0
  0
HATCH
  5
188
330
17
100
AcDbEntity
  8
HATCH
 62
7
100
AcDbHatch
 10
0.0
 20
0.0
 30
0.0
210
0.0
220
0.0
230
1.0
  2
GRASS2
 70
0
 71
0
 91
1
 92
3
 72
0
 73
1
 93
4
 10
480.0
 20
1184.0
 10
572.0
 20
1184.0
 10
572.0
 20
1232.0
 10
480.0
 20
1232.0
 97
0
 75
0
 76
1
 52
0.0
 41
1.0
 77
0
 78
6
 53
0.0
 43
480.0
 44
1184.0
 45
10.16
 46
17.597636189
 79
2
 49
2.54
 49
-17.78
 53
90.0
 43
481.27
 44
1184.0
 45
-10.16
 46
17.597636189
 79
2
 49
1.27
 49
-33.9252723779
 53
90.0
 43
481.5875
 44
1184.0
 45
-10.16
 46
17.597636189
 79
2
 49
1.016
 49
-34.1792723779
 53
90.0
 43
480.9525
 44
1184.0
 45
-10.16
 46
17.597636189
 79
2
 49
1.016
 49
-34.1792723779
 53
60.0
 43
481.905
 44
1184.0
 45
-10.1599999862
 46
17.5976361969
 79
2
 49
0.8128
 49
-19.5072
 53
120.0
 43
480.635
 44
1184.0
 45
-20.3199999862
 46
8e-09
 79
2
 49
0.8128
 49
-19.5072
 98
0
  0
TEXT
  5
189
330
17
100
AcDbEntity
  8
LABEL
100
AcDbText
 10
600.0
 20
1235.0
 30
0.0
 40
3.0
  1
GRATE
  7
OpenSans
 11
600.0
 21
1235.0
 31
0.0
100
AcDbText
  0
LWPOLYLINE
  5
18A
330
17
100
AcDbEntity
  8
FRAME
100
AcDbPolyline
 90
4
 70
1
 10
600.0
 20
1184.0
 10
692.0
 20
1184.0
 10
692.0
 20
1232.0
 10
600.0
 20
1232.0
  0
HATCH
  5
18B
330
17
100
AcDbEntity
  8
HATCH
 62
7
100
AcDbHatch
 10
0.0
 20
0.0
 30
0.0
210
0.0
220
0.0
230
1.0
  2
GRATE
 70
0
 71
0
 91
1
 92
3
 72
0
 73
1
 93
4
 10
600.0
 20
1184.0
 10
692.0
 20
1184.0
 10
692.0
 20
1232.0
 10
600.0
 20
1232.0
 97
0
 75
0
 76
1
 52
0.0
 41
1.0
 77
0
 78
2
 53
0.0
 43
600.0
 44
1184.0
 45
0.0
 46
0.79375
 79
0
 53
90.0
 43
600.0
 44
1184.0
 45
-3.175
 46
0.0
 79
0
 98
0
  0
TEXT
  5
18C
330
17
100
AcDbEntity
  8
LABEL
100
AcDbText
 10
0.0
 20
1323.0
 30
0.0
 40
3.0
  1
GRAVEL  s=0.116
  7
OpenSans
 11
0.0
 21
1323.0
 31
0.0
100
AcDbText
  0
LWPOLYLINE
  5
18D
330
17
100
AcDbEntity
  8
FRAME
100
AcDbPolyline
 90
4
 70
1
 10
0.0
 20
1272.0
 10
92.0
 20
1272.0
 10
92.0
 20
1320.0
 10
0.0
 20
1320.0
  0
HATCH
  5
18E
330
17
100
AcDbEntity
  8
HATCH
 62
7
100
AcDbHatch
 10
0.0
 20
0.0
 30
0.0
210
0.0
220
0.0
230
1.0
  2
GRAVEL
 70
0
 71
0
 91
1
 92
3
 72
0
 73
1
 93
4
 10
0.0
 20
1272.0
 10
92.0
 20
1272.0
 10
92.0
 20
1320.0
 10
0.0
 20
1320.0
 97
0
 75
0
 76
1
 52
0.0
 41
0.116
 77
0
 78
41
 53
228.0127875
 43
2.121408
 44
1274.9464
 45
-23.5712000019
 46
-26.5175999984
 79
2
 49
0.3963968704
 49
-39.2433610219
 53
184.969741
 43
1.856232
 44
1274.65176
 45
35.356799986
 46
2.9464001679
 79
2
 49
0.6802294752
 49
-67.3426967165
 53
132.5104471
 43
1.17856
 44
1274.592832
 45
29.4640000124
 46
-32.4103999887
 79
2
 49
0.4796385632
 49
-47.4842784412
 53
267.273689
 43
0.029464
 44
1273.856232
 45
2.9464000062
 46
58.9279999997
 79
2
 49
0.6194452432
 49
-61.3250674139
 53
292.83365418
 43
0.0
 44
1273.237488
 45
-14.7320000012
 46
35.3567999995
 79
2
 49
0.607415092
 49
-60.1341769846
 53
357.273689
 43
0.235712
 44
1272.677672
 45
-58.9279999997
 46
2.9464000062
 79
2
 49
0.6194452432
 49
-61.3250674139
 53
37.69424047
 43
0.854456
 44
1272.648208
 45
-38.3031999983
 46
-29.4640000022
 79
2
 49
0.8191846456
 49
-81.0992137645
 53
72.25532837
 43
1.502664
 44
1273.149096
 45
20.6248000055
 46
64.8207999982
 79
2
 49
0.7733946432
 49
-76.5660976582
 53
121.42956562
 43
1.738376
 44
1273.885696
 45
-23.5712000033
 46
38.3031999979
 79
2
 49
0.62154308
 49
-61.5328330105
 53
175.2363583
 43
1.414272
 44
1274.416048
 45
32.4103999995
 46
-2.9464000051
 79
2
 49
0.7095874048
 49
-34.769766862
 53
222.3974378
 43
0.707136
 44
1274.474976
 45
-35.3567999989
 46
-32.4104000012
 79
2
 49
0.9176503872
 49
-90.8474561141
 53
138.81407483
 43
2.9464
 44
1273.826768
 45
-20.6247999988
 46
17.6784000014
 79
2
 49
0.3132052664
 49
-31.0074563562
 53
171.4692344
 43
2.710688
 44
1274.033016
 45
38.303200001
 46
-5.8927999933
 79
2
 49
0.5958710968
 49
-58.9913812366
 53
225.0
 43
2.121408
 44
1274.121408
 45
-0.0
 46
-2.9464
 79
2
 49
0.4166828344
 49
-3.7501560058
 53
203.19859051
 43
1.91516
 44
1274.474976
 45
14.7320000004
 46
5.892799999
 79
2
 49
0.2243919312
 49
-22.2147219479
 53
291.80140949
 43
1.708912
 44
1274.386584
 45
-2.9464000006
 46
8.8391999998
 79
2
 49
0.3173361192
 49
-15.5495134684
 53
30.96375653
 43
1.826768
 44
1274.091944
 45
8.8392000002
 46
5.8927999997
 79
2
 49
0.5154108056
 49
-16.6649058574
 53
161.56505118
 43
2.268728
 44
1274.35712
 45
5.8928000002
 46
-2.9463999997
 79
2
 49
0.3726930824
 49
-8.9446418155
 53
16.389540334
 43
0.0
 44
1274.386584
 45
29.464
 46
8.8392
 79
2
 49
0.52210208
 49
-51.6882389401
 53
70.34617594
 43
0.500888
 44
1274.533904
 45
-11.7856000011
 46
-32.4103999996
 79
2
 49
0.4380147704
 49
-43.3633701867
 53
293.19859051
 43
2.268728
 44
1274.9464
 45
-5.892799999
 46
14.7320000004
 79
2
 49
0.448780916
 49
-21.9903329631
 53
343.61045967
 43
2.445512
 44
1274.533904
 45
-29.4640000006
 46
8.8391999979
 79
2
 49
0.52210208
 49
-51.6882389401
 53
339.44395478
 43
0.0
 44
1272.559816
 45
-14.732
 46
5.8928
 79
2
 49
0.503480832
 49
-24.6705718032
 53
294.7751406
 43
0.471424
 44
1272.383032
 45
-14.7320000175
 46
32.410399992
 79
2
 49
0.4218596592
 49
-41.7641683216
 53
66.80140949
 43
2.298192
 44
1272.0
 45
5.8927999991
 46
14.7320000004
 79
2
 49
0.448780916
 49
-21.9903329631
 53
17.35402464
 43
2.474976
 44
1272.412496
 45
-38.3031999992
 46
-11.7856000025
 79
2
 49
0.4939079784
 49
-48.896756137
 53
69.44395478
 43
0.854456
 44
1272.0
 45
-5.8928000001
 46
-14.732
 79
2
 49
0.251740416
 49
-24.9223122192
 53
101.309932474
 43
2.121408
 44
1272.0
 45
-2.9464
 46
11.7856
 79
2
 49
0.150236936
 49
-14.8735141589
 53
165.963756532
 43
2.091944
 44
1272.14732
 45
8.8392
 46
-2.9464
 79
2
 49
0.607415092
 49
-11.5409033233
 53
186.00900596
 43
1.502664
 44
1272.29464
 45
29.4639999998
 46
2.9464000015
 79
2
 49
0.56290972
 49
-55.7279832415
 53
303.69006753
 43
1.826768
 44
1273.826768
 45
-2.9464000004
 46
5.8927999998
 79
2
 49
0.4249357008
 49
-10.1984605772
 53
353.15722659
 43
2.06248
 44
1273.4732
 45
50.0888000003
 46
-5.8927999974
 79
2
 49
0.7418858416
 49
-73.4465705154
 53
60.9453959
 43
2.79908
 44
1273.384808
 45
-11.7856000003
 46
-20.6247999998
 79
2
 49
0.3033495584
 49
-30.031695089
 53
90.0
 43
2.9464
 44
1273.649984
 45
-2.9464
 46
2.9464
 79
2
 49
0.176784
 49
-2.769616
 53
120.25643716
 43
1.443736
 44
1272.383032
 45
11.7855999986
 46
-20.6248000008
 79
2
 49
0.4093256736
 49
-40.5233712969
 53
48.0127875
 43
1.237488
 44
1272.7366
 45
23.5712000019
 46
26.5175999983
 79
2
 49
0.7927937408
 49
-38.8469641515
 53
0.0
 43
1.76784
 44
1273.32588
 45
2.9464
 46
2.9464
 79
2
 49
0.766064
 49
-2.180336
 53
325.3048465
 43
2.533904
 44
1273.32588
 45
29.4640000112
 46
-20.6247999841
 79
2
 49
0.4658670896
 49
-46.1208074
 53
254.0546041
 43
2.916936
 44
1273.060704
 45
-2.9463999998
 46
-11.7856
 79
2
 49
0.4290017328
 49
-21.021114045
 53
207.64597536
 43
2.79908
 44
1272.648208
 45
-55.9816000021
 46
-29.4639999961
 79
2
 49
0.698488316
 49
-69.1504587306
 53
175.42607874
 43
2.180336
 44
1272.324104
 45
-38.3032
 46
2.9464
 79
2
 49
0.7389541736
 49
-73.1563818892
 98
0
  0
TEXT
  5
18F
330
17
100
AcDbEntity
  8
LABEL
100
AcDbText
 10
120.0
 20
1323.0
 30
0.0
 40
3.0
  1
GRAVEL1  s=0.164
  7
OpenSans
 11
120.0
 21
1323.0
 31
0.0
100
AcDbText
  0
LWPOLYLINE
  5
190
330
17
100
AcDbEntity
  8
FRAME
100
AcDbPolyline
 90
4
 70
1
 10
120.0
 20
1272.0
 10
212.0
 20
1272.0
 10
212.0
 20
1320.0
 10
120.0
 20
1320.0
  0
HATCH
  5
191
330
17
100
AcDbEntity
  8
HATCH
 62
7
100
AcDbHatch
 10
0.0
 20
0.0
 30
0.0
210
0.0
220
0.0
230
1.0
  2
GRAVEL1
 70
0
 71
0
 91
1
 92
3
 72
0
 73
1
 93
4
 10
120.0
 20
1272.0
 10
212.0
 20
1272.0
 10
212.0
 20
1320.0
 10
120.0
 20
1320.0
 97
0
 75
0
 76
1
 52
0.0
 41
0.164
 77
0
 78
41
 53
228.0128
 43
122.1254400005
 44
1274.951999997
 45
-23.6159947809
 46
-26.5680039619
 79
2
 49
0.397150271
 49
-39.3179477755
 53
184.9697
 43
121.8597599995
 44
1274.6568000025
 45
35.4240031013
 46
2.9519743351
 79
2
 49
0.6815223331
 49
-67.4706905978
 53
132.5104
 43
121.1808000003
 44
1274.5977600007
 45
29.5199726033
 46
-32.4720256041
 79
2
 49
0.4805501777
 49
-47.5745264626
 53
267.2737
 43
120.029520001
 44
1273.8597599995
 45
2.9519882446
 46
59.0400008688
 79
2
 49
0.6206225749
 49
-61.4416232143
 53
292.8337
 43
120.0
 44
1273.2398400022
 45
-14.7600292411
 46
35.4239894063
 79
2
 49
0.6085695613
 49
-60.2484690925
 53
357.2737
 43
120.2361600001
 44
1272.6789599992
 45
-59.0400008688
 46
2.9519882446
 79
2
 49
0.6206225749
 49
-61.4416232143
 53
37.6942
 43
120.8560799974
 44
1272.6494399983
 45
-38.3760216828
 46
-29.5199716741
 79
2
 49
0.8207416063
 49
-81.2533542149
 53
72.2553
 43
121.5055200032
 44
1273.1512799993
 45
20.6640317702
 46
64.9439888731
 79
2
 49
0.7748645739
 49
-76.7116195967
 53
121.4296
 43
121.7416800032
 44
1273.8892800005
 45
-23.6160243088
 46
38.3759853476
 79
2
 49
0.6227243992
 49
-61.6497834941
 53
175.2364
 43
121.4169600004
 44
1274.4206400025
 45
32.4720027921
 46
-2.9519750051
 79
2
 49
0.7109360638
 49
-34.8358523757
 53
222.3974
 43
120.7084800002
 44
1274.4796799969
 45
-35.4240216984
 46
-32.4719766255
 79
2
 49
0.9193944972
 49
-91.0201230319
 53
138.8141
 43
122.951999997
 44
1273.8302399986
 45
-20.6640086989
 46
17.7119920736
 79
2
 49
0.313800549
 49
-31.0663874858
 53
171.4692
 43
122.7158399969
 44
1274.0368799977
 45
38.375994939
 46
-5.904023352
 79
2
 49
0.5970036229
 49
-59.1035004745
 53
225.0
 43
122.1254400005
 44
1274.1254400005
 45
-0.0
 46
-2.9520009169
 79
2
 49
0.4174747916
 49
-3.757281987
 53
203.1986
 43
121.9188000014
 44
1274.4796799969
 45
14.7599992073
 46
5.9040039099
 79
2
 49
0.2248184192
 49
-22.2569434785
 53
291.8014
 43
121.7121600023
 44
1274.3911200015
 45
-2.9519997327
 46
8.856000804
 79
2
 49
0.3179392567
 49
-15.5790678249
 53
30.9638
 43
121.8302399986
 44
1274.0959199996
 45
8.8559941644
 46
5.90400733
 79
2
 49
0.5163904077
 49
-16.6965798985
 53
161.5651
 43
122.2730399978
 44
1274.3616000006
 45
5.9040012835
 46
-2.9519952897
 79
2
 49
0.3734014298
 49
-8.9616432219
 53
16.3895
 43
120.0
 44
1274.3911200015
 45
29.5200064859
 46
8.8559784819
 79
2
 49
0.5230944035
 49
-51.7864784418
 53
70.3462
 43
120.5018400011
 44
1274.5387199988
 45
-11.8079859711
 46
-32.4720063036
 79
2
 49
0.4388472738
 49
-43.4457884152
 53
293.1986
 43
122.2730399978
 44
1274.951999997
 45
-5.9040039099
 46
14.7599992073
 79
2
 49
0.4496338768
 49
-22.0321280135
 53
343.6105
 43
122.4501600034
 44
1274.5387199988
 45
-29.5200064859
 46
8.8559784819
 79
2
 49
0.5230944035
 49
-51.7864784418
 53
339.444
 43
120.0
 44
1272.560880003
 45
-14.760005442
 46
5.9039881814
 79
2
 49
0.5044377634
 49
-24.7174620494
 53
294.7751
 43
120.4723200001
 44
1272.3837599973
 45
-14.7599769438
 46
32.472010102
 79
2
 49
0.4226614535
 49
-41.8435461342
 53
66.8014
 43
122.3025599987
 44
1272.0
 45
5.9040039099
 46
14.7599992073
 79
2
 49
0.4496338768
 49
-22.0321280135
 53
17.354
 43
122.4796799969
 44
1272.4132799982
 45
-38.3760059614
 46
-11.8079837747
 79
2
 49
0.4948467143
 49
-48.9896916475
 53
69.444
 43
120.8560799974
 44
1272.0
 45
-5.9039881814
 46
-14.760005442
 79
2
 49
0.2522188779
 49
-24.9696809273
 53
101.3099
 43
122.1254400005
 44
1272.0
 45
-2.9519930127
 46
11.8080022188
 79
2
 49
0.1505224789
 49
-14.901781607
 53
165.9638
 43
122.0959199996
 44
1272.1475999972
 45
8.8560016139
 46
-2.9519942645
 79
2
 49
0.6085695613
 49
-11.5628363984
 53
186.009
 43
121.5055200032
 44
1272.295200002
 45
29.5199992614
 46
2.9519979819
 79
2
 49
0.5639795968
 49
-55.8339006964
 53
303.6901
 43
121.8302399986
 44
1273.8302399986
 45
-2.9520039428
 46
5.9039986943
 79
2
 49
0.4257433443
 49
-10.2178432098
 53
353.1572
 43
122.0663999986
 44
1273.4760000022
 45
50.183998127
 46
-5.9040236082
 79
2
 49
0.7432958875
 49
-73.5861659752
 53
60.9454
 43
122.8043999998
 44
1273.3874399994
 45
-11.8080000822
 46
-20.6640011353
 79
2
 49
0.30392611
 49
-30.0887736515
 53
90.0
 43
122.951999997
 44
1273.6531200004
 45
-2.951999997
 46
2.951999997
 79
2
 49
0.1771199982
 49
-2.7748799988
 53
120.2564
 43
121.4464800013
 44
1272.3837599973
 45
11.8079849057
 46
-20.6640072482
 79
2
 49
0.4101036466
 49
-40.6003910434
 53
48.0128
 43
121.2398400022
 44
1272.7380000011
 45
23.6159947809
 46
26.5680039619
 79
2
 49
0.794300542
 49
-38.9207975045
 53
0.0
 43
121.7711999967
 44
1273.3283999975
 45
2.951999997
 46
2.951999997
 79
2
 49
0.7675200021
 49
-2.1844800024
 53
325.3048
 43
122.5387199988
 44
1273.3283999975
 45
-29.5199830542
 46
20.6640254167
 79
2
 49
0.4667525258
 49
-46.2084648464
 53
254.0546
 43
122.9224800035
 44
1273.0627199965
 45
-2.9519996729
 46
-11.8080003768
 79
2
 49
0.4298171036
 49
-21.0610676136
 53
207.646
 43
122.8043999998
 44
1272.6494399983
 45
-56.0879876182
 46
-29.5200227701
 79
2
 49
0.6998158788
 49
-69.2818872502
 53
175.4261
 43
122.1844811713
 44
1272.324720267
 45
-38.3759649618
 46
2.9519836266
 79
2
 49
0.7403589612
 49
-73.2953545012
 98
0
  0
TEXT
  5
192
330
17
100
AcDbEntity
  8
LABEL
100
AcDbText
 10
240.0
 20
1323.0
 30
0.0
 40
3.0
  1
GRID
  7
OpenSans
 11
240.0
 21
1323.0
 31
0.0
100
AcDbText
  0
LWPOLYLINE
  5
193
330
17
100
AcDbEntity
  8
FRAME
100
AcDbPolyline
 90
4
 70
1
 10
240.0
 20
1272.0
 10
332.0
 20
1272.0
 10
332.0
 20
1320.0
 10
240.0
 20
1320.0
  0
HATCH
  5
194
330
17
100
AcDbEntity
  8
HATCH
 62
7
100
AcDbHatch
 10
0.0
 20
0.0
 30
0.0
210
0.0
220
0.0
230
1.0
  2
GRID
 70
0
 71
0
 91
1
 92
3
 72
0
 73
1
 93
4
 10
240.0
 20
1272.0
 10
332.0
 20
1272.0
 10
332.0
 20
1320.0
 10
240.0
 20
1320.0
 97
0
 75
0
 76
1
 52
0.0
 41
1.0
 77
0
 78
2
 53
0.0
 43
240.0
 44
1272.0
 45
0.0
 46
25.4
 79
0
 53
90.0
 43
240.0
 44
1272.0
 45
-25.4
 46
0.0
 79
0
 98
0
  0
TEXT
  5
195
330
17
100
AcDbEntity
  8
LABEL
100
AcDbText
 10
360.0
 20
1323.0
 30
0.0
 40
3.0
  1
GROUT
  7
OpenSans
 11
360.0
 21
1323.0
 31
0.0
100
AcDbText
  0
LWPOLYLINE
  5
196
330
17
100
AcDbEntity
  8
FRAME
100
AcDbPolyline
 90
4
 70
1
 10
360.0
 20
1272.0
 10
452.0
 20
1272.0
 10
452.0
 20
1320.0
 10
360.0
 20
1320.0
  0
HATCH
  5
197
330
17
100
AcDbEntity
  8
HATCH
 62
7
100
AcDbHatch
 10
0.0
 20
0.0
 30
0.0
210
0.0
220
0.0
230
1.0
  2
GROUT
 70
0
 71
0
 91
1
 92
3
 72
0
 73
1
 93
4
 10
360.0
 20
1272.0
 10
452.0
 20
1272.0
 10
452.0
 20
1320.0
 10
360.0
 20
1320.0
 97
0
 75
0
 76
1
 52
0.0
 41
1.0
 77
0
 78
8
 53
0.0
 43
365.08
 44
1274.54
 45
1.27
 46
10.16
 79
2
 49
1.27
 49
-8.89
 53
0.0
 43
366.35
 44
1278.35
 45
0.0
 46
10.16
 79
2
 49
0.0
 49
-10.16
 53
0.0
 43
362.54
 44
1274.54
 45
3.81
 46
10.16
 79
2
 49
0.0
 49
-10.16
 53
0.0
 43
362.54
 44
1282.16
 45
10.16
 46
10.16
 79
2
 49
2.54
 49
-17.78
 53
0.0
 43
370.16
 44
1275.81
 45
0.0
 46
10.16
 79
2
 49
0.0
 49
-10.16
 53
0.0
 43
367.62
 44
1274.54
 45
2.54
 46
10.16
 79
2
 49
0.0
 49
-10.16
 53
0.0
 43
368.89
 44
1275.81
 45
0.0
 46
10.16
 79
2
 49
0.0
 49
-10.16
 53
0.0
 43
363.81
 44
1282.16
 45
0.0
 46
10.16
 79
2
 49
0.0
 49
-10.16
 98
0
  0
TEXT
  5
198
330
17
100
AcDbEntity
  8
LABEL
100
AcDbText
 10
480.0
 20
1323.0
 30
0.0
 40
3.0
  1
HERRING_45  s=0.906
  7
OpenSans
 11
480.0
 21
1323.0
 31
0.0
100
AcDbText
  0
LWPOLYLINE
  5
199
330
17
100
AcDbEntity
  8
FRAME
100
AcDbPolyline
 90
4
 70
1
 10
480.0
 20
1272.0
 10
572.0
 20
1272.0
 10
572.0
 20
1320.0
 10
480.0
 20
1320.0
  0
HATCH
  5
19A
330
17
100
AcDbEntity
  8
HATCH
 62
7
100
AcDbHatch
 10
0.0
 20
0.0
 30
0.0
210
0.0
220
0.0
230
1.0
  2
HERRING_45
 70
0
 71
0
 91
1
 92
3
 72
0
 73
1
 93
4
 10
480.0
 20
1272.0
 10
572.0
 20
1272.0
 10
572.0
 20
1320.0
 10
480.0
 20
1320.0
 97
0
 75
0
 76
1
 52
0.0
 41
0.906
 77
0
 78
2
 53
0.0
 43
480.0
 44
1272.0
 45
23.0124
 46
23.0124
 79
2
 49
69.0372
 49
-23.0124
 53
90.0
 43
503.0124
 44
1272.0
 45
-23.0124
 46
-23.0124
 79
2
 49
69.0372
 49
-23.0124
 98
0
  0
TEXT
  5
19B
330
17
100
AcDbEntity
  8
LABEL
100
AcDbText
 10
600.0
 20
1323.0
 30
0.0
 40
3.0
  1
HERRING_H
  7
OpenSans
 11
600.0
 21
1323.0
 31
0.0
100
AcDbText
  0
LWPOLYLINE
  5
19C
330
17
100
AcDbEntity
  8
FRAME
100
AcDbPolyline
 90
4
 70
1
 10
600.0
 20
1272.0
 10
692.0
 20
1272.0
 10
692.0
 20
1320.0
 10
600.0
 20
1320.0
  0
HATCH
  5
19D
330
17
100
AcDbEntity
  8
HATCH
 62
7
100
AcDbHatch
 10
0.0
 20
0.0
 30
0.0
210
0.0
220
0.0
230
1.0
  2
HERRING_H
 70
0
 71
0
 91
1
 92
3
 72
0
 73
1
 93
4
 10
600.0
 20
1272.0
 10
692.0
 20
1272.0
 10
692.0
 20
1320.0
 10
600.0
 20
1320.0
 97
0
 75
0
 76
1
 52
0.0
 41
1.0
 77
0
 78
3
 53
0.0
 43
600.0
 44
1272.0
 45
0.0
 46
20.32
 79
0
 53
315.0
 43
600.0
 44
1272.0
 45
20.3199999946
 46
-0.0
 79
2
 49
28.7368196002
 49
-28.7368196002
 53
45.0
 43
600.0
 44
1272.0
 45
20.3199999946
 46
0.0
 79
2
 49
28.7368196002
 49
-28.7368196002
 98
0
  0
TEXT
  5
19E
330
17
100
AcDbEntity
  8
LABEL
100
AcDbText
 10
0.0
 20
1411.0
 30
0.0
 40
3.0
  1
HERRING_UNI  s=0.41
  7
OpenSans
 11
0.0
 21
1411.0
 31
0.0
100
AcDbText
  0
LWPOLYLINE
  5
19F
330
17
100
AcDbEntity
  8
FRAME
100
AcDbPolyline
 90
4
 70
1
 10
0.0
 20
1360.0
 10
92.0
 20
1360.0
 10
92.0
 20
1408.0
 10
0.0
 20
1408.0
  0
HATCH
  5
1A0
330
17
100
AcDbEntity
  8
HATCH
 62
7
100
AcDbHatch
 10
0.0
 20
0.0
 30
0.0
210
0.0
220
0.0
230
1.0
  2
HERRING_UNI
 70
0
 71
0
 91
1
 92
3
 72
0
 73
1
 93
4
 10
0.0
 20
1360.0
 10
92.0
 20
1360.0
 10
92.0
 20
1408.0
 10
0.0
 20
1408.0
 97
0
 75
0
 76
1
 52
0.0
 41
0.41
 77
0
 78
13
 53
18.435
 43
0.0
 44
1360.0
 45
10.2912281681
 46
10.2912465525
 79
4
 49
3.254375
 49
-26.035
 49
6.50875
 49
-29.289375
 53
18.435
 43
7.203858465
 44
1358.97088852
 45
10.2912281681
 46
10.2912465525
 79
4
 49
6.50875
 49
-26.035
 49
3.254375
 49
-29.289375
 53
108.435
 43
1.02911148
 44
1356.912639525
 45
10.2912281681
 46
10.2912465525
 79
4
 49
6.50875
 49
-26.035
 49
6.50875
 49
-26.035
 53
108.435
 43
1.02911148
 44
1367.203858465
 45
10.2912281681
 46
10.2912465525
 79
4
 49
6.50875
 49
-26.035
 49
6.50875
 49
-26.035
 53
108.435
 43
10.29121894
 44
1360.0
 45
10.2912281681
 46
10.2912465525
 79
2
 49
3.254375
 49
-29.289375
 53
108.435
 43
-9.262133495
 44
1367.203858465
 45
10.2912281681
 46
10.2912465525
 79
2
 49
3.254375
 49
-29.289375
 53
333.435
 43
3.087370889
 44
1361.029127101
 45
10.2912342635
 46
10.2912410047
 79
4
 49
4.602389195
 49
-41.4214324605
 49
4.602389195
 49
-41.4214324605
 53
333.435
 43
-17.495113854
 44
1371.320346041
 45
10.2912342635
 46
10.2912410047
 79
2
 49
4.6023813845
 49
-87.445243702
 53
333.435
 43
13.37860545
 44
1361.0291349115
 45
10.2912342635
 46
10.2912410047
 79
4
 49
4.602389195
 49
-18.4252475538
 49
4.602389195
 49
-64.4333367795
 53
333.435
 43
-7.2038766895
 44
1371.3203538515
 45
10.2912342635
 46
10.2912410047
 79
2
 49
4.6023813845
 49
-87.445243702
 53
333.435
 43
23.669850425
 44
1361.029137515
 45
10.2912342635
 46
10.2912410047
 79
4
 49
4.602389195
 49
-41.4214324605
 49
4.602389195
 49
-41.4214324605
 53
333.435
 43
44.252329961
 44
1350.7379263855
 45
10.2912342635
 46
10.2912410047
 79
2
 49
4.6023813845
 49
-87.445243702
 53
63.435
 43
-1.02916355
 44
1363.08749065
 45
-10.2913041228
 46
-10.2912060752
 79
6
 49
4.6024673
 49
-18.4093485
 49
4.6024673
 49
-41.421685
 49
4.6024673
 49
-18.4093485
 98
0
  0
TEXT
  5
1A1
330
17
100
AcDbEntity
  8
LABEL
100
AcDbText
 10
120.0
 20
1411.0
 30
0.0
 40
3.0
  1
HERRING_V  s=0.906
  7
OpenSans
 11
120.0
 21
1411.0
 31
0.0
100
AcDbText
  0
LWPOLYLINE
  5
1A2
330
17
100
AcDbEntity
  8
FRAME
100
AcDbPolyline
 90
4
 70
1
 10
120.0
 20
1360.0
 10
212.0
 20
1360.0
 10
212.0
 20
1408.0
 10
120.0
 20
1408.0
  0
HATCH
  5
1A3
330
17
100
AcDbEntity
  8
HATCH
 62
7
100
AcDbHatch
 10
0.0
 20
0.0
 30
0.0
210
0.0
220
0.0
230
1.0
  2
HERRING_V
 70
0
 71
0
 91
1
 92
3
 72
0
 73
1
 93
4
 10
120.0
 20
1360.0
 10
212.0
 20
1360.0
 10
212.0
 20
1408.0
 10
120.0
 20
1408.0
 97
0
 75
0
 76
1
 52
0.0
 41
0.906
 77
0
 78
2
 53
45.0
 43
120.0
 44
1360.0
 45
0.0
 46
32.5444481828
 79
2
 49
69.0372
 49
-23.0124
 53
135.0
 43
136.2722240928
 44
1376.2722240928
 45
0.0
 46
32.5444481828
 79
2
 49
69.0372
 49
-23.0124
 98
0
  0
TEXT
  5
1A4
330
17
100
AcDbEntity
  8
LABEL
100
AcDbText
 10
240.0
 20
1411.0
 30
0.0
 40
3.0
  1
HEX
  7
OpenSans
 11
240.0
 21
1411.0
 31
0.0
100
AcDbText
  0
LWPOLYLINE
  5
1A5
330
17
100
AcDbEntity
  8
FRAME
100
AcDbPolyline
 90
4
 70
1
 10
240.0
 20
1360.0
 10
332.0
 20
1360.0
 10
332.0
 20
1408.0
 10
240.0
 20
1408.0
  0
HATCH
  5
1A6
330
17
100
AcDbEntity
  8
HATCH
 62
7
100
AcDbHatch
 10
0.0
 20
0.0
 30
0.0
210
0.0
220
0.0
230
1.0
  2
HEX
 70
0
 71
0
 91
1
 92
3
 72
0
 73
1
 93
4
 10
240.0
 20
1360.0
 10
332.0
 20
1360.0
 10
332.0
 20
1408.0
 10
240.0
 20
1408.0
 97
0
 75
0
 76
1
 52
0.0
 41
1.0
 77
0
 78
3
 53
0.0
 43
240.0
 44
1360.0
 45
0.0
 46
5.4992613154
 79
2
 49
3.175
 49
-6.35
 53
120.0
 43
240.0
 44
1360.0
 45
-4.7625000012
 46
-2.7496306577
 79
2
 49
3.175
 49
-6.35
 53
60.0
 43
243.175
 44
1360.0
 45
-4.7625000012
 46
2.7496306577
 79
2
 49
3.175
 49
-6.35
 98
0
  0
TEXT
  5
1A7
330
17
100
AcDbEntity
  8
LABEL
100
AcDbText
 10
360.0
 20
1411.0
 30
0.0
 40
3.0
  1
HEXAGONS
  7
OpenSans
 11
360.0
 21
1411.0
 31
0.0
100
AcDbText
  0
LWPOLYLINE
  5
1A8
330
17
100
AcDbEntity
  8
FRAME
100
AcDbPolyline
 90
4
 70
1
 10
360.0
 20
1360.0
 10
452.0
 20
1360.0
 10
452.0
 20
1408.0
 10
360.0
 20
1408.0
  0
HATCH
  5
1A9
330
17
100
AcDbEntity
  8
HATCH
 62
7
100
AcDbHatch
 10
0.0
 20
0.0
 30
0.0
210
0.0
220
0.0
230
1.0
  2
HEXAGONS
 70
0
 71
0
 91
1
 92
3
 72
0
 73
1
 93
4
 10
360.0
 20
1360.0
 10
452.0
 20
1360.0
 10
452.0
 20
1408.0
 10
360.0
 20
1408.0
 97
0
 75
0
 76
1
 52
0.0
 41
1.0
 77
0
 78
3
 53
0.0
 43
360.0
 44
1360.0
 45
0.0
 46
6.5991135785
 79
2
 49
3.81
 49
-7.62
 53
120.0
 43
360.0
 44
1360.0
 45
-5.7150000014
 46
-3.2995567892
 79
2
 49
3.81
 49
-7.62
 53
60.0
 43
363.81
 44
1360.0
 45
-5.7150000014
 46
3.2995567892
 79
2
 49
3.81
 49
-7.62
 98
0
  0
TEXT
  5
1AA
330
17
100
AcDbEntity
  8
LABEL
100
AcDbText
 10
480.0
 20
1411.0
 30
0.0
 40
3.0
  1
HONEY
  7
OpenSans
 11
480.0
 21
1411.0
 31
0.0
100
AcDbText
  0
LWPOLYLINE
  5
1AB
330
17
100
AcDbEntity
  8
FRAME
100
AcDbPolyline
 90
4
 70
1
 10
480.0
 20
1360.0
 10
572.0
 20
1360.0
 10
572.0
 20
1408.0
 10
480.0
 20
1408.0
  0
HATCH
  5
1AC
330
17
100
AcDbEntity
  8
HATCH
 62
7
100
AcDbHatch
 10
0.0
 20
0.0
 30
0.0
210
0.0
220
0.0
230
1.0
  2
HONEY
 70
0
 71
0
 91
1
 92
3
 72
0
 73
1
 93
4
 10
480.0
 20
1360.0
 10
572.0
 20
1360.0
 10
572.0
 20
1408.0
 10
480.0
 20
1408.0
 97
0
 75
0
 76
1
 52
0.0
 41
1.0
 77
0
 78
3
 53
0.0
 43
480.0
 44
1360.0
 45
4.7625
 46
2.749630645
 79
2
 49
3.175
 49
-6.35
 53
120.0
 43
480.0
 44
1360.0
 45
-4.7624999896
 46
2.749630663
 79
2
 49
3.175
 49
-6.35
 53
60.0
 43
480.0
 44
1360.0
 45
1.04e-08
 46
5.499261308
 79
2
 49
-6.35
 49
3.175
 98
0
  0
TEXT
  5
1AD
330
17
100
AcDbEntity
  8
LABEL
100
AcDbText
 10
600.0
 20
1411.0
 30
0.0
 40
3.0
  1
HONEYCOMB
  7
OpenSans
 11
600.0
 21
1411.0
 31
0.0
100
AcDbText
  0
LWPOLYLINE
  5
1AE
330
17
100
AcDbEntity
  8
FRAME
100
AcDbPolyline
 90
4
 70
1
 10
600.0
 20
1360.0
 10
692.0
 20
1360.0
 10
692.0
 20
1408.0
 10
600.0
 20
1408.0
  0
HATCH
  5
1AF
330
17
100
AcDbEntity
  8
HATCH
 62
7
100
AcDbHatch
 10
0.0
 20
0.0
 30
0.0
210
0.0
220
0.0
230
1.0
  2
HONEYCOMB
 70
0
 71
0
 91
1
 92
3
 72
0
 73
1
 93
4
 10
600.0
 20
1360.0
 10
692.0
 20
1360.0
 10
692.0
 20
1408.0
 10
600.0
 20
1408.0
 97
0
 75
0
 76
1
 52
0.0
 41
1.0
 77
0
 78
3
 53
0.0
 43
600.0
 44
1360.0
 45
5.715
 46
3.299556774
 79
2
 49
3.81
 49
-7.62
 53
120.0
 43
600.0
 44
1360.0
 45
-5.7149999875
 46
3.2995567956
 79
2
 49
3.81
 49
-7.62
 53
60.0
 43
600.0
 44
1360.0
 45
1.25e-08
 46
6.5991135696
 79
2
 49
-7.62
 49
3.81
 98
0
  0
TEXT
  5
1B0
330
17
100
AcDbEntity
  8
LABEL
100
AcDbText
 10
0.0
 20
1499.0
 30
0.0
 40
3.0
  1
HOUND
  7
OpenSans
 11
0.0
 21
1499.0
 31
0.0
100
AcDbText
  0
LWPOLYLINE
  5
1B1
330
17
100
AcDbEntity
  8
FRAME
100
AcDbPolyline
 90
4
 70
1
 10
0.0
 20
1448.0
 10
92.0
 20
1448.0
 10
92.0
 20
1496.0
 10
0.0
 20
1496.0
  0
HATCH
  5
1B2
330
17
100
AcDbEntity
  8
HATCH
 62
7
100
AcDbHatch
 10
0.0
 20
0.0
 30
0.0
210
0.0
220
0.0
230
1.0
  2
HOUND
 70
0
 71
0
 91
1
 92
3
 72
0
 73
1
 93
4
 10
0.0
 20
1448.0
 10
92.0
 20
1448.0
 10
92.0
 20
1496.0
 10
0.0
 20
1496.0
 97
0
 75
0
 76
1
 52
0.0
 41
1.0
 77
0
 78
2
 53
0.0
 43
0.0
 44
1448.0
 45
6.35
 46
1.5875
 79
2
 49
25.4
 49
-12.7
 53
90.0
 43
0.0
 44
1448.0
 45
-1.5875
 46
-6.35
 79
2
 49
25.4
 49
-12.7
 98
0
  0
TEXT
  5
1B3
330
17
100
AcDbEntity
  8
LABEL
100
AcDbText
 10
120.0
 20
1499.0
 30
0.0
 40
3.0
  1
INSUL
  7
OpenSans
 11
120.0
 21
1499.0
 31
0.0
100
AcDbText
  0
LWPOLYLINE
  5
1B4
330
17
100
AcDbEntity
  8
FRAME
100
AcDbPolyline
 90
4
 70
1
 10
120.0
 20
1448.0
 10
212.0
 20
1448.0
 10
212.0
 20
1496.0
 10
120.0
 20
1496.0
  0
HATCH
  5
1B5
330
17
100
AcDbEntity
  8
HATCH
 62
7
100
AcDbHatch
 10
0.0
 20
0.0
 30
0.0
210
0.0
220
0.0
230
1.0
  2
INSUL
 70
0
 71
0
 91
1
 92
3
 72
0
 73
1
 93
4
 10
120.0
 20
1448.0
 10
212.0
 20
1448.0
 10
212.0
 20
1496.0
 10
120.0
 20
1496.0
 97
0
 75
0
 76
1
 52
0.0
 41
1.0
 77
0
 78
3
 53
0.0
 43
120.0
 44
1448.0
 45
0.0
 46
9.525
 79
0
 53
0.0
 43
120.0
 44
1451.175
 45
0.0
 46
9.525
 79
2
 49
3.175
 49
-3.175
 53
0.0
 43
120.0
 44
1454.35
 45
0.0
 46
9.525
 79
2
 49
3.175
 49
-3.175
 98
0
  0
TEXT
  5
1B6
330
17
100
AcDbEntity
  8
LABEL
100
AcDbText
 10
240.0
 20
1499.0
 30
0.0
 40
3.0
  1
INSULATION
  7
OpenSans
 11
240.0
 21
1499.0
 31
0.0
100
AcDbText
  0
LWPOLYLINE
  5
1B7
330
17
100
AcDbEntity
  8
FRAME
100
AcDbPolyline
 90
4
 70
1
 10
240.0
 20
1448.0
 10
332.0
 20
1448.0
 10
332.0
 20
1496.0
 10
240.0
 20
1496.0
  0
HATCH
  5
1B8
330
17
100
AcDbEntity
  8
HATCH
 62
7
100
AcDbHatch
 10
0.0
 20
0.0
 30
0.0
210
0.0
220
0.0
230
1.0
  2
INSULATION
 70
0
 71
0
 91
1
 92
3
 72
0
 73
1
 93
4
 10
240.0
 20
1448.0
 10
332.0
 20
1448.0
 10
332.0
 20
1496.0
 10
240.0
 20
1496.0
 97
0
 75
0
 76
1
 52
0.0
 41
1.0
 77
0
 78
2
 53
45.0
 43
240.0
 44
1448.0
 45
-2.5144717139
 46
2.5144717139
 79
0
 53
135.0
 43
240.0
 44
1448.0
 45
-2.5144717139
 46
-2.5144717139
 79
0
 98
0
  0
TEXT
  5
1B9
330
17
100
AcDbEntity
  8
LABEL
100
AcDbText
 10
360.0
 20
1499.0
 30
0.0
 40
3.0
  1
ISO02W100
  7
OpenSans
 11
360.0
 21
1499.0
 31
0.0
100
AcDbText
  0
LWPOLYLINE
  5
1BA
330
17
100
AcDbEntity
  8
FRAME
100
AcDbPolyline
 90
4
 70
1
 10
360.0
 20
1448.0
 10
452.0
 20
1448.0
 10
452.0
 20
1496.0
 10
360.0
 20
1496.0
  0
HATCH
  5
1BB
330
17
100
AcDbEntity
  8
HATCH
 62
7
100
AcDbHatch
 10
0.0
 20
0.0
 30
0.0
210
0.0
220
0.0
230
1.0
  2
ISO02W100
 70
0
 71
0
 91
1
 92
3
 72
0
 73
1
 93
4
 10
360.0
 20
1448.0
 10
452.0
 20
1448.0
 10
452.0
 20
1496.0
 10
360.0
 20
1496.0
 97
0
 75
0
 76
1
 52
0.0
 41
1.0
 77
0
 78
1
 53
0.0
 43
360.0
 44
1448.0
 45
0.0
 46
5.0
 79
2
 49
12.0
 49
-3.0
 98
0
  0
TEXT
  5
1BC
330
17
100
AcDbEntity
  8
LABEL
100
AcDbText
 10
480.0
 20
1499.0
 30
0.0
 40
3.0
  1
ISO03W100
  7
OpenSans
 11
480.0
 21
1499.0
 31
0.0
100
AcDbText
  0
LWPOLYLINE
  5
1BD
330
17
100
AcDbEntity
  8
FRAME
100
AcDbPolyline
 90
4
 70
1
 10
480.0
 20
1448.0
 10
572.0
 20
1448.0
 10
572.0
 20
1496.0
 10
480.0
 20
1496.0
  0
HATCH
  5
1BE
330
17
100
AcDbEntity
  8
HATCH
 62
7
100
AcDbHatch
 10
0.0
 20
0.0
 30
0.0
210
0.0
220
0.0
230
1.0
  2
ISO03W100
 70
0
 71
0
 91
1
 92
3
 72
0
 73
1
 93
4
 10
480.0
 20
1448.0
 10
572.0
 20
1448.0
 10
572.0
 20
1496.0
 10
480.0
 20
1496.0
 97
0
 75
0
 76
1
 52
0.0
 41
1.0
 77
0
 78
1
 53
0.0
 43
480.0
 44
1448.0
 45
0.0
 46
5.0
 79
2
 49
12.0
 49
-18.0
 98
0
  0
TEXT
  5
1BF
330
17
100
AcDbEntity
  8
LABEL
100
AcDbText
 10
600.0
 20
1499.0
 30
0.0
 40
3.0
  1
ISO04W100
  7
OpenSans
 11
600.0
 21
1499.0
 31
0.0
100
AcDbText
  0
LWPOLYLINE
  5
1C0
330
17
100
AcDbEntity
  8
FRAME
100
AcDbPolyline
 90
4
 70
1
 10
600.0
 20
1448.0
 10
692.0
 20
1448.0
 10
692.0
 20
1496.0
 10
600.0
 20
1496.0
  0
HATCH
  5
1C1
330
17
100
AcDbEntity
  8
HATCH
 62
7
100
AcDbHatch
 10
0.0
 20
0.0
 30
0.0
210
0.0
220
0.0
230
1.0
  2
ISO04W100
 70
0
 71
0
 91
1
 92
3
 72
0
 73
1
 93
4
 10
600.0
 20
1448.0
 10
692.0
 20
1448.0
 10
692.0
 20
1496.0
 10
600.0
 20
1496.0
 97
0
 75
0
 76
1
 52
0.0
 41
1.0
 77
0
 78
1
 53
0.0
 43
600.0
 44
1448.0
 45
0.0
 46
5.0
 79
4
 49
24.0
 49
-3.0
 49
0.5
 49
-3.0
 98
0
  0
TEXT
  5
1C2
330
17
100
AcDbEntity
  8
LABEL
100
AcDbText
 10
0.0
 20
1587.0
 30
0.0
 40
3.0
  1
ISO05W100
  7
OpenSans
 11
0.0
 21
1587.0
 31
0.0
100
AcDbText
  0
LWPOLYLINE
  5
1C3
330
17
100
AcDbEntity
  8
FRAME
100
AcDbPolyline
 90
4
 70
1
 10
0.0
 20
1536.0
 10
92.0
 20
1536.0
 10
92.0
 20
1584.0
 10
0.0
 20
1584.0
  0
HATCH
  5
1C4
330
17
100
AcDbEntity
  8
HATCH
 62
7
100
AcDbHatch
 10
0.0
 20
0.0
 30
0.0
210
0.0
220
0.0
230
1.0
  2
ISO05W100
 70
0
 71
0
 91
1
 92
3
 72
0
 73
1
 93
4
 10
0.0
 20
1536.0
 10
92.0
 20
1536.0
 10
92.0
 20
1584.0
 10
0.0
 20
1584.0
 97
0
 75
0
 76
1
 52
0.0
 41
1.0
 77
0
 78
1
 53
0.0
 43
0.0
 44
1536.0
 45
0.0
 46
5.0
 79
6
 49
24.0
 49
-3.0
 49
0.5
 49
-3.0
 49
0.5
 49
-3.0
 98
0
  0
TEXT
  5
1C5
330
17
100
AcDbEntity
  8
LABEL
100
AcDbText
 10
120.0
 20
1587.0
 30
0.0
 40
3.0
  1
ISO06W100
  7
OpenSans
 11
120.0
 21
1587.0
 31
0.0
100
AcDbText
  0
LWPOLYLINE
  5
1C6
330
17
100
AcDbEntity
  8
FRAME
100
AcDbPolyline
 90
4
 70
1
 10
120.0
 20
1536.0
 10
212.0
 20
1536.0
 10
212.0
 20
1584.0
 10
120.0
 20
1584.0
  0
HATCH
  5
1C7
330
17
100
AcDbEntity
  8
HATCH
 62
7
100
AcDbHatch
 10
0.0
 20
0.0
 30
0.0
210
0.0
220
0.0
230
1.0
  2
ISO06W100
 70
0
 71
0
 91
1
 92
3
 72
0
 73
1
 93
4
 10
120.0
 20
1536.0
 10
212.0
 20
1536.0
 10
212.0
 20
1584.0
 10
120.0
 20
1584.0
 97
0
 75
0
 76
1
 52
0.0
 41
1.0
 77
0
 78
2
 53
0.0
 43
120.0
 44
1536.0
 45
0.0
 46
5.0
 79
6
 49
24.0
 49
-3.0
 49
0.5
 49
-3.0
 49
0.5
 49
-6.5
 53
0.0
 43
120.0
 44
1536.0
 45
0.0
 46
5.0
 79
3
 49
-34.0
 49
0.5
 49
-3.0
 98
0
  0
TEXT
  5
1C8
330
17
100
AcDbEntity
  8
LABEL
100
AcDbText
 10
240.0
 20
1587.0
 30
0.0
 40
3.0
  1
ISO07W100
  7
OpenSans
 11
240.0
 21
1587.0
 31
0.0
100
AcDbText
  0
LWPOLYLINE
  5
1C9
330
17
100
AcDbEntity
  8
FRAME
100
AcDbPolyline
 90
4
 70
1
 10
240.0
 20
1536.0
 10
332.0
 20
1536.0
 10
332.0
 20
1584.0
 10
240.0
 20
1584.0
  0
HATCH
  5
1CA
330
17
100
AcDbEntity
  8
HATCH
 62
7
100
AcDbHatch
 10
0.0
 20
0.0
 30
0.0
210
0.0
220
0.0
230
1.0
  2
ISO07W100
 70
0
 71
0
 91
1
 92
3
 72
0
 73
1
 93
4
 10
240.0
 20
1536.0
 10
332.0
 20
1536.0
 10
332.0
 20
1584.0
 10
240.0
 20
1584.0
 97
0
 75
0
 76
1
 52
0.0
 41
1.0
 77
0
 78
1
 53
0.0
 43
240.0
 44
1536.0
 45
0.0
 46
5.0
 79
2
 49
0.5
 49
-3.0
 98
0
  0
TEXT
  5
1CB
330
17
100
AcDbEntity
  8
LABEL
100
AcDbText
 10
360.0
 20
1587.0
 30
0.0
 40
3.0
  1
ISO08W100
  7
OpenSans
 11
360.0
 21
1587.0
 31
0.0
100
AcDbText
  0
LWPOLYLINE
  5
1CC
330
17
100
AcDbEntity
  8
FRAME
100
AcDbPolyline
 90
4
 70
1
 10
360.0
 20
1536.0
 10
452.0
 20
1536.0
 10
452.0
 20
1584.0
 10
360.0
 20
1584.0
  0
HATCH
  5
1CD
330
17
100
AcDbEntity
  8
HATCH
 62
7
100
AcDbHatch
 10
0.0
 20
0.0
 30
0.0
210
0.0
220
0.0
230
1.0
  2
ISO08W100
 70
0
 71
0
 91
1
 92
3
 72
0
 73
1
 93
4
 10
360.0
 20
1536.0
 10
452.0
 20
1536.0
 10
452.0
 20
1584.0
 10
360.0
 20
1584.0
 97
0
 75
0
 76
1
 52
0.0
 41
1.0
 77
0
 78
1
 53
0.0
 43
360.0
 44
1536.0
 45
0.0
 46
5.0
 79
4
 49
24.0
 49
-3.0
 49
6.0
 49
-3.0
 98
0
  0
TEXT
  5
1CE
330
17
100
AcDbEntity
  8
LABEL
100
AcDbText
 10
480.0
 20
1587.0
 30
0.0
 40
3.0
  1
ISO09W100
  7
OpenSans
 11
480.0
 21
1587.0
 31
0.0
100
AcDbText
  0
LWPOLYLINE
  5
1CF
330
17
100
AcDbEntity
  8
FRAME
100
AcDbPolyline
 90
4
 70
1
 10
480.0
 20
1536.0
 10
572.0
 20
1536.0
 10
572.0
 20
1584.0
 10
480.0
 20
1584.0
  0
HATCH
  5
1D0
330
17
100
AcDbEntity
  8
HATCH
 62
7
100
AcDbHatch
 10
0.0
 20
0.0
 30
0.0
210
0.0
220
0.0
230
1.0
  2
ISO09W100
 70
0
 71
0
 91
1
 92
3
 72
0
 73
1
 93
4
 10
480.0
 20
1536.0
 10
572.0
 20
1536.0
 10
572.0
 20
1584.0
 10
480.0
 20
1584.0
 97
0
 75
0
 76
1
 52
0.0
 41
1.0
 77
0
 78
1
 53
0.0
 43
480.0
 44
1536.0
 45
0.0
 46
5.0
 79
6
 49
24.0
 49
-3.0
 49
6.0
 49
-3.0
 49
6.0
 49
-3.0
 98
0
  0
TEXT
  5
1D1
330
17
100
AcDbEntity
  8
LABEL
100
AcDbText
 10
600.0
 20
1587.0
 30
0.0
 40
3.0
  1
ISO10W100
  7
OpenSans
 11
600.0
 21
1587.0
 31
0.0
100
AcDbText
  0
LWPOLYLINE
  5
1D2
330
17
100
AcDbEntity
  8
FRAME
100
AcDbPolyline
 90
4
 70
1
 10
600.0
 20
1536.0
 10
692.0
 20
1536.0
 10
692.0
 20
1584.0
 10
600.0
 20
1584.0
  0
HATCH
  5
1D3
330
17
100
AcDbEntity
  8
HATCH
 62
7
100
AcDbHatch
 10
0.0
 20
0.0
 30
0.0
210
0.0
220
0.0
230
1.0
  2
ISO10W100
 70
0
 71
0
 91
1
 92
3
 72
0
 73
1
 93
4
 10
600.0
 20
1536.0
 10
692.0
 20
1536.0
 10
692.0
 20
1584.0
 10
600.0
 20
1584.0
 97
0
 75
0
 76
1
 52
0.0
 41
1.0
 77
0
 78
1
 53
0.0
 43
600.0
 44
1536.0
 45
0.0
 46
5.0
 79
4
 49
12.0
 49
-3.0
 49
0.5
 49
-3.0
 98
0
  0
TEXT
  5
1D4
330
17
100
AcDbEntity
  8
LABEL
100
AcDbText
 10
0.0
 20
1675.0
 30
0.0
 40
3.0
  1
ISO11W100
  7
OpenSans
 11
0.0
 21
1675.0
 31
0.0
100
AcDbText
  0
LWPOLYLINE
  5
1D5
330
17
100
AcDbEntity
  8
FRAME
100
AcDbPolyline
 90
4
 70
1
 10
0.0
 20
1624.0
 10
92.0
 20
1624.0
 10
92.0
 20
1672.0
 10
0.0
 20
1672.0
  0
HATCH
  5
1D6
330
17
100
AcDbEntity
  8
HATCH
 62
7
100
AcDbHatch
 10
0.0
 20
0.0
 30
0.0
210
0.0
220
0.0
230
1.0
  2
ISO11W100
 70
0
 71
0
 91
1
 92
3
 72
0
 73
1
 93
4
 10
0.0
 20
1624.0
 10
92.0
 20
1624.0
 10
92.0
 20
1672.0
 10
0.0
 20
1672.0
 97
0
 75
0
 76
1
 52
0.0
 41
1.0
 77
0
 78
1
 53
0.0
 43
0.0
 44
1624.0
 45
0.0
 46
5.0
 79
6
 49
12.0
 49
-3.0
 49
12.0
 49
-3.0
 49
0.5
 49
-3.0
 98
0
  0
TEXT
  5
1D7
330
17
100
AcDbEntity
  8
LABEL
100
AcDbText
 10
120.0
 20
1675.0
 30
0.0
 40
3.0
  1
ISO12W100
  7
OpenSans
 11
120.0
 21
1675.0
 31
0.0
100
AcDbText
  0
LWPOLYLINE
  5
1D8
330
17
100
AcDbEntity
  8
FRAME
100
AcDbPolyline
 90
4
 70
1
 10
120.0
 20
1624.0
 10
212.0
 20
1624.0
 10
212.0
 20
1672.0
 10
120.0
 20
1672.0
  0
HATCH
  5
1D9
330
17
100
AcDbEntity
  8
HATCH
 62
7
100
AcDbHatch
 10
0.0
 20
0.0
 30
0.0
210
0.0
220
0.0
230
1.0
  2
ISO12W100
 70
0
 71
0
 91
1
 92
3
 72
0
 73
1
 93
4
 10
120.0
 20
1624.0
 10
212.0
 20
1624.0
 10
212.0
 20
1672.0
 10
120.0
 20
1672.0
 97
0
 75
0
 76
1
 52
0.0
 41
1.0
 77
0
 78
1
 53
0.0
 43
120.0
 44
1624.0
 45
0.0
 46
5.0
 79
6
 49
12.0
 49
-3.0
 49
0.5
 49
-3.0
 49
0.5
 49
-3.0
 98
0
  0
TEXT
  5
1DA
330
17
100
AcDbEntity
  8
LABEL
100
AcDbText
 10
240.0
 20
1675.0
 30
0.0
 40
3.0
  1
ISO13W100
  7
OpenSans
 11
240.0
 21
1675.0
 31
0.0
100
AcDbText
  0
LWPOLYLINE
  5
1DB
330
17
100
AcDbEntity
  8
FRAME
100
AcDbPolyline
 90
4
 70
1
 10
240.0
 20
1624.0
 10
332.0
 20
1624.0
 10
332.0
 20
1672.0
 10
240.0
 20
1672.0
  0
HATCH
  5
1DC
330
17
100
AcDbEntity
  8
HATCH
 62
7
100
AcDbHatch
 10
0.0
 20
0.0
 30
0.0
210
0.0
220
0.0
230
1.0
  2
ISO13W100
 70
0
 71
0
 91
1
 92
3
 72
0
 73
1
 93
4
 10
240.0
 20
1624.0
 10
332.0
 20
1624.0
 10
332.0
 20
1672.0
 10
240.0
 20
1672.0
 97
0
 75
0
 76
1
 52
0.0
 41
1.0
 77
0
 78
2
 53
0.0
 43
240.0
 44
1624.0
 45
0.0
 46
5.0
 79
6
 49
12.0
 49
-3.0
 49
12.0
 49
-3.0
 49
0.5
 49
-6.5
 53
0.0
 43
240.0
 44
1624.0
 45
0.0
 46
5.0
 79
3
 49
-33.5
 49
0.5
 49
-3.0
 98
0
  0
TEXT
  5
1DD
330
17
100
AcDbEntity
  8
LABEL
100
AcDbText
 10
360.0
 20
1675.0
 30
0.0
 40
3.0
  1
ISO14W100
  7
OpenSans
 11
360.0
 21
1675.0
 31
0.0
100
AcDbText
  0
LWPOLYLINE
  5
1DE
330
17
100
AcDbEntity
  8
FRAME
100
AcDbPolyline
 90
4
 70
1
 10
360.0
 20
1624.0
 10
452.0
 20
1624.0
 10
452.0
 20
1672.0
 10
360.0
 20
1672.0
  0
HATCH
  5
1DF
330
17
100
AcDbEntity
  8
HATCH
 62
7
100
AcDbHatch
 10
0.0
 20
0.0
 30
0.0
210
0.0
220
0.0
230
1.0
  2
ISO14W100
 70
0
 71
0
 91
1
 92
3
 72
0
 73
1
 93
4
 10
360.0
 20
1624.0
 10
452.0
 20
1624.0
 10
452.0
 20
1672.0
 10
360.0
 20
1672.0
 97
0
 75
0
 76
1
 52
0.0
 41
1.0
 77
0
 78
2
 53
0.0
 43
360.0
 44
1624.0
 45
0.0
 46
5.0
 79
6
 49
12.0
 49
-3.0
 49
0.5
 49
-3.0
 49
0.5
 49
-6.5
 53
0.0
 43
360.0
 44
1624.0
 45
0.0
 46
5.0
 79
3
 49
-22.0
 49
0.5
 49
-3.0
 98
0
  0
TEXT
  5
1E0
330
17
100
AcDbEntity
  8
LABEL
100
AcDbText
 10
480.0
 20
1675.0
 30
0.0
 40
3.0
  1
ISO15W100
  7
OpenSans
 11
480.0
 21
1675.0
 31
0.0
100
AcDbText
  0
LWPOLYLINE
  5
1E1
330
17
100
AcDbEntity
  8
FRAME
100
AcDbPolyline
 90
4
 70
1
 10
480.0
 20
1624.0
 10
572.0
 20
1624.0
 10
572.0
 20
1672.0
 10
480.0
 20
1672.0
  0
HATCH
  5
1E2
330
17
100
AcDbEntity
  8
HATCH
 62
7
100
AcDbHatch
 10
0.0
 20
0.0
 30
0.0
210
0.0
220
0.0
230
1.0
  2
ISO15W100
 70
0
 71
0
 91
1
 92
3
 72
0
 73
1
 93
4
 10
480.0
 20
1624.0
 10
572.0
 20
1624.0
 10
572.0
 20
1672.0
 10
480.0
 20
1672.0
 97
0
 75
0
 76
1
 52
0.0
 41
1.0
 77
0
 78
2
 53
0.0
 43
480.0
 44
1624.0
 45
0.0
 46
5.0
 79
6
 49
12.0
 49
-3.0
 49
12.0
 49
-3.0
 49
0.5
 49
-10.0
 53
0.0
 43
480.0
 44
1624.0
 45
0.0
 46
5.0
 79
5
 49
-33.5
 49
0.5
 49
-3.0
 49
0.5
 49
-3.0
 98
0
  0
TEXT
  5
1E3
330
17
100
AcDbEntity
  8
LABEL
100
AcDbText
 10
600.0
 20
1675.0
 30
0.0
 40
3.0
  1
JIS_LC_20
  7
OpenSans
 11
600.0
 21
1675.0
 31
0.0
100
AcDbText
  0
LWPOLYLINE
  5
1E4
330
17
100
AcDbEntity
  8
FRAME
100
AcDbPolyline
 90
4
 70
1
 10
600.0
 20
1624.0
 10
692.0
 20
1624.0
 10
692.0
 20
1672.0
 10
600.0
 20
1672.0
  0
HATCH
  5
1E5
330
17
100
AcDbEntity
  8
HATCH
 62
7
100
AcDbHatch
 10
0.0
 20
0.0
 30
0.0
210
0.0
220
0.0
230
1.0
  2
JIS_LC_20
 70
0
 71
0
 91
1
 92
3
 72
0
 73
1
 93
4
 10
600.0
 20
1624.0
 10
692.0
 20
1624.0
 10
692.0
 20
1672.0
 10
600.0
 20
1672.0
 97
0
 75
0
 76
1
 52
0.0
 41
1.0
 77
0
 78
2
 53
45.0
 43
600.0
 44
1624.0
 45
-14.1421356237
 46
14.1421356237
 79
0
 53
45.0
 43
600.4
 44
1624.0
 45
-14.1421356237
 46
14.1421356237
 79
0
 98
0
  0
TEXT
  5
1E6
330
17
100
AcDbEntity
  8
LABEL
100
AcDbText
 10
0.0
 20
1763.0
 30
0.0
 40
3.0
  1
JIS_LC_20A
  7
OpenSans
 11
0.0
 21
1763.0
 31
0.0
100
AcDbText
  0
LWPOLYLINE
  5
1E7
330
17
100
AcDbEntity
  8
FRAME
100
AcDbPolyline
 90
4
 70
1
 10
0.0
 20
1712.0
 10
92.0
 20
1712.0
 10
92.0
 20
1760.0
 10
0.0
 20
1760.0
  0
HATCH
  5
1E8
330
17
100
AcDbEntity
  8
HATCH
 62
7
100
AcDbHatch
 10
0.0
 20
0.0
 30
0.0
210
0.0
220
0.0
230
1.0
  2
JIS_LC_20A
 70
0
 71
0
 91
1
 92
3
 72
0
 73
1
 93
4
 10
0.0
 20
1712.0
 10
92.0
 20
1712.0
 10
92.0
 20
1760.0
 10
0.0
 20
1760.0
 97
0
 75
0
 76
1
 52
0.0
 41
1.0
 77
0
 78
2
 53
45.0
 43
0.0
 44
1712.0
 45
-14.1421356237
 46
14.1421356237
 79
0
 53
45.0
 43
1.0
 44
1712.0
 45
-14.1421356237
 46
14.1421356237
 79
0
 98
0
  0
TEXT
  5
1E9
330
17
100
AcDbEntity
  8
LABEL
100
AcDbText
 10
120.0
 20
1763.0
 30
0.0
 40
3.0
  1
JIS_LC_8
  7
OpenSans
 11
120.0
 21
1763.0
 31
0.0
100
AcDbText
  0
LWPOLYLINE
  5
1EA
330
17
100
AcDbEntity
  8
FRAME
100
AcDbPolyline
 90
4
 70
1
 10
120.0
 20
1712.0
 10
212.0
 20
1712.0
 10
212.0
 20
1760.0
 10
120.0
 20
1760.0
  0
HATCH
  5
1EB
330
17
100
AcDbEntity
  8
HATCH
 62
7
100
AcDbHatch
 10
0.0
 20
0.0
 30
0.0
210
0.0
220
0.0
230
1.0
  2
JIS_LC_8
 70
0
 71
0
 91
1
 92
3
 72
0
 73
1
 93
4
 10
120.0
 20
1712.0
 10
212.0
 20
1712.0
 10
212.0
 20
1760.0
 10
120.0
 20
1760.0
 97
0
 75
0
 76
1
 52
0.0
 41
1.0
 77
0
 78
2
 53
45.0
 43
120.0
 44
1712.0
 45
-5.5154328933
 46
5.5154328933
 79
0
 53
45.0
 43
120.4
 44
1712.0
 45
-5.5154328933
 46
5.5154328933
 79
0
 98
0
  0
TEXT
  5
1EC
330
17
100
AcDbEntity
  8
LABEL
100
AcDbText
 10
240.0
 20
1763.0
 30
0.0
 40
3.0
  1
JIS_LC_8A
  7
OpenSans
 11
240.0
 21
1763.0
 31
0.0
100
AcDbText
  0
LWPOLYLINE
  5
1ED
330
17
100
AcDbEntity
  8
FRAME
100
AcDbPolyline
 90
4
 70
1
 10
240.0
 20
1712.0
 10
332.0
 20
1712.0
 10
332.0
 20
1760.0
 10
240.0
 20
1760.0
  0
HATCH
  5
1EE
330
17
100
AcDbEntity
  8
HATCH
 62
7
100
AcDbHatch
 10
0.0
 20
0.0
 30
0.0
210
0.0
220
0.0
230
1.0
  2
JIS_LC_8A
 70
0
 71
0
 91
1
 92
3
 72
0
 73
1
 93
4
 10
240.0
 20
1712.0
 10
332.0
 20
1712.0
 10
332.0
 20
1760.0
 10
240.0
 20
1760.0
 97
0
 75
0
 76
1
 52
0.0
 41
1.0
 77
0
 78
2
 53
45.0
 43
240.0
 44
1712.0
 45
-5.5154328933
 46
5.5154328933
 79
0
 53
45.0
 43
241.0
 44
1712.0
 45
-5.5154328933
 46
5.5154328933
 79
0
 98
0
  0
TEXT
  5
1EF
330
17
100
AcDbEntity
  8
LABEL
100
AcDbText
 10
360.0
 20
1763.0
 30
0.0
 40
3.0
  1
JIS_RC_10
  7
OpenSans
 11
360.0
 21
1763.0
 31
0.0
100
AcDbText
  0
LWPOLYLINE
  5
1F0
330
17
100
AcDbEntity
  8
FRAME
100
AcDbPolyline
 90
4
 70
1
 10
360.0
 20
1712.0
 10
452.0
 20
1712.0
 10
452.0
 20
1760.0
 10
360.0
 20
1760.0
  0
HATCH
  5
1F1
330
17
100
AcDbEntity
  8
HATCH
 62
7
100
AcDbHatch
 10
0.0
 20
0.0
 30
0.0
210
0.0
220
0.0
230
1.0
  2
JIS_RC_10
 70
0
 71
0
 91
1
 92
3
 72
0
 73
1
 93
4
 10
360.0
 20
1712.0
 10
452.0
 20
1712.0
 10
452.0
 20
1760.0
 10
360.0
 20
1760.0
 97
0
 75
0
 76
1
 52
0.0
 41
1.0
 77
0
 78
3
 53
45.0
 43
360.0
 44
1712.0
 45
-7.0710678119
 46
7.0710678119
 79
0
 53
45.0
 43
360.725
 44
1712.0
 45
-7.0710678119
 46
7.0710678119
 79
0
 53
45.0
 43
361.45
 44
1712.0
 45
-7.0710678119
 46
7.0710678119
 79
0
 98
0
  0
TEXT
  5
1F2
330
17
100
AcDbEntity
  8
LABEL
100
AcDbText
 10
480.0
 20
1763.0
 30
0.0
 40
3.0
  1
JIS_RC_15
  7
OpenSans
 11
480.0
 21
1763.0
 31
0.0
100
AcDbText
  0
LWPOLYLINE
  5
1F3
330
17
100
AcDbEntity
  8
FRAME
100
AcDbPolyline
 90
4
 70
1
 10
480.0
 20
1712.0
 10
572.0
 20
1712.0
 10
572.0
 20
1760.0
 10
480.0
 20
1760.0
  0
HATCH
  5
1F4
330
17
100
AcDbEntity
  8
HATCH
 62
7
100
AcDbHatch
 10
0.0
 20
0.0
 30
0.0
210
0.0
220
0.0
230
1.0
  2
JIS_RC_15
 70
0
 71
0
 91
1
 92
3
 72
0
 73
1
 93
4
 10
480.0
 20
1712.0
 10
572.0
 20
1712.0
 10
572.0
 20
1760.0
 10
480.0
 20
1760.0
 97
0
 75
0
 76
1
 52
0.0
 41
1.0
 77
0
 78
3
 53
45.0
 43
480.0
 44
1712.0
 45
-10.6066017178
 46
10.6066017178
 79
0
 53
45.0
 43
480.725
 44
1712.0
 45
-10.6066017178
 46
10.6066017178
 79
0
 53
45.0
 43
481.45
 44
1712.0
 45
-10.6066017178
 46
10.6066017178
 79
0
 98
0
  0
TEXT
  5
1F5
330
17
100
AcDbEntity
  8
LABEL
100
AcDbText
 10
600.0
 20
1763.0
 30
0.0
 40
3.0
  1
JIS_RC_18
  7
OpenSans
 11
600.0
 21
1763.0
 31
0.0
100
AcDbText
  0
LWPOLYLINE
  5
1F6
330
17
100
AcDbEntity
  8
FRAME
100
AcDbPolyline
 90
4
 70
1
 10
600.0
 20
1712.0
 10
692.0
 20
1712.0
 10
692.0
 20
1760.0
 10
600.0
 20
1760.0
  0
HATCH
  5
1F7
330
17
100
AcDbEntity
  8
HATCH
 62
7
100
AcDbHatch
 10
0.0
 20
0.0
 30
0.0
210
0.0
220
0.0
230
1.0
  2
JIS_RC_18
 70
0
 71
0
 91
1
 92
3
 72
0
 73
1
 93
4
 10
600.0
 20
1712.0
 10
692.0
 20
1712.0
 10
692.0
 20
1760.0
 10
600.0
 20
1760.0
 97
0
 75
0
 76
1
 52
0.0
 41
1.0
 77
0
 78
3
 53
45.0
 43
600.0
 44
1712.0
 45
-12.7279220614
 46
12.7279220614
 79
0
 53
45.0
 43
601.0
 44
1712.0
 45
-12.7279220614
 46
12.7279220614
 79
0
 53
45.0
 43
602.0
 44
1712.0
 45
-12.7279220614
 46
12.7279220614
 79
0
 98
0
  0
TEXT
  5
1F8
330
17
100
AcDbEntity
  8
LABEL
100
AcDbText
 10
0.0
 20
1851.0
 30
0.0
 40
3.0
  1
JIS_RC_30
  7
OpenSans
 11
0.0
 21
1851.0
 31
0.0
100
AcDbText
  0
LWPOLYLINE
  5
1F9
330
17
100
AcDbEntity
  8
FRAME
100
AcDbPolyline
 90
4
 70
1
 10
0.0
 20
1800.0
 10
92.0
 20
1800.0
 10
92.0
 20
1848.0
 10
0.0
 20
1848.0
  0
HATCH
  5
1FA
330
17
100
AcDbEntity
  8
HATCH
 62
7
100
AcDbHatch
 10
0.0
 20
0.0
 30
0.0
210
0.0
220
0.0
230
1.0
  2
JIS_RC_30
 70
0
 71
0
 91
1
 92
3
 72
0
 73
1
 93
4
 10
0.0
 20
1800.0
 10
92.0
 20
1800.0
 10
92.0
 20
1848.0
 10
0.0
 20
1848.0
 97
0
 75
0
 76
1
 52
0.0
 41
1.0
 77
0
 78
3
 53
45.0
 43
0.0
 44
1800.0
 45
-21.2132034356
 46
21.2132034356
 79
0
 53
45.0
 43
1.0
 44
1800.0
 45
-21.2132034356
 46
21.2132034356
 79
0
 53
45.0
 43
2.0
 44
1800.0
 45
-21.2132034356
 46
21.2132034356
 79
0
 98
0
  0
TEXT
  5
1FB
330
17
100
AcDbEntity
  8
LABEL
100
AcDbText
 10
120.0
 20
1851.0
 30
0.0
 40
3.0
  1
JIS_STN_1E
  7
OpenSans
 11
120.0
 21
1851.0
 31
0.0
100
AcDbText
  0
LWPOLYLINE
  5
1FC
330
17
100
AcDbEntity
  8
FRAME
100
AcDbPolyline
 90
4
 70
1
 10
120.0
 20
1800.0
 10
212.0
 20
1800.0
 10
212.0
 20
1848.0
 10
120.0
 20
1848.0
  0
HATCH
  5
1FD
330
17
100
AcDbEntity
  8
HATCH
 62
7
100
AcDbHatch
 10
0.0
 20
0.0
 30
0.0
210
0.0
220
0.0
230
1.0
  2
JIS_STN_1E
 70
0
 71
0
 91
1
 92
3
 72
0
 73
1
 93
4
 10
120.0
 20
1800.0
 10
212.0
 20
1800.0
 10
212.0
 20
1848.0
 10
120.0
 20
1848.0
 97
0
 75
0
 76
1
 52
0.0
 41
1.0
 77
0
 78
2
 53
45.0
 43
120.0
 44
1800.0
 45
-0.7071067812
 46
0.7071067812
 79
0
 53
45.0
 43
120.705
 44
1800.0
 45
-0.7071067812
 46
0.7071067812
 79
2
 49
1.0
 49
-0.5
 98
0
  0
TEXT
  5
1FE
330
17
100
AcDbEntity
  8
LABEL
100
AcDbText
 10
240.0
 20
1851.0
 30
0.0
 40
3.0
  1
JIS_STN_2.5
  7
OpenSans
 11
240.0
 21
1851.0
 31
0.0
100
AcDbText
  0
LWPOLYLINE
  5
1FF
330
17
100
AcDbEntity
  8
FRAME
100
AcDbPolyline
 90
4
 70
1
 10
240.0
 20
1800.0
 10
332.0
 20
1800.0
 10
332.0
 20
1848.0
 10
240.0
 20
1848.0
  0
HATCH
  5
200
330
17
100
AcDbEntity
  8
HATCH
 62
7
100
AcDbHatch
 10
0.0
 20
0.0
 30
0.0
210
0.0
220
0.0
230
1.0
  2
JIS_STN_2.5
 70
0
 71
0
 91
1
 92
3
 72
0
 73
1
 93
4
 10
240.0
 20
1800.0
 10
332.0
 20
1800.0
 10
332.0
 20
1848.0
 10
240.0
 20
1848.0
 97
0
 75
0
 76
1
 52
0.0
 41
1.0
 77
0
 78
2
 53
45.0
 43
240.0
 44
1800.0
 45
-1.767766953
 46
1.767766953
 79
0
 53
45.0
 43
241.765
 44
1800.0
 45
-1.767766953
 46
1.767766953
 79
2
 49
1.2
 49
-0.5
 98
0
  0
TEXT
  5
201
330
17
100
AcDbEntity
  8
LABEL
100
AcDbText
 10
360.0
 20
1851.0
 30
0.0
 40
3.0
  1
JIS_WOOD
  7
OpenSans
 11
360.0
 21
1851.0
 31
0.0
100
AcDbText
  0
LWPOLYLINE
  5
202
330
17
100
AcDbEntity
  8
FRAME
100
AcDbPolyline
 90
4
 70
1
 10
360.0
 20
1800.0
 10
452.0
 20
1800.0
 10
452.0
 20
1848.0
 10
360.0
 20
1848.0
  0
HATCH
  5
203
330
17
100
AcDbEntity
  8
HATCH
 62
7
100
AcDbHatch
 10
0.0
 20
0.0
 30
0.0
210
0.0
220
0.0
230
1.0
  2
JIS_WOOD
 70
0
 71
0
 91
1
 92
3
 72
0
 73
1
 93
4
 10
360.0
 20
1800.0
 10
452.0
 20
1800.0
 10
452.0
 20
1848.0
 10
360.0
 20
1848.0
 97
0
 75
0
 76
1
 52
0.0
 41
1.0
 77
0
 78
1
 53
45.0
 43
360.0
 44
1800.0
 45
-0.4999999992
 46
0.4999999992
 79
0
 98
0
  0
TEXT
  5
204
330
17
100
AcDbEntity
  8
LABEL
100
AcDbText
 10
480.0
 20
1851.0
 30
0.0
 40
3.0
  1
LINE
  7
OpenSans
 11
480.0
 21
1851.0
 31
0.0
100
AcDbText
  0
LWPOLYLINE
  5
205
330
17
100
AcDbEntity
  8
FRAME
100
AcDbPolyline
 90
4
 70
1
 10
480.0
 20
1800.0
 10
572.0
 20
1800.0
 10
572.0
 20
1848.0
 10
480.0
 20
1848.0
  0
HATCH
  5
206
330
17
100
AcDbEntity
  8
HATCH
 62
7
100
AcDbHatch
 10
0.0
 20
0.0
 30
0.0
210
0.0
220
0.0
230
1.0
  2
LINE
 70
0
 71
0
 91
1
 92
3
 72
0
 73
1
 93
4
 10
480.0
 20
1800.0
 10
572.0
 20
1800.0
 10
572.0
 20
1848.0
 10
480.0
 20
1848.0
 97
0
 75
0
 76
1
 52
0.0
 41
1.0
 77
0
 78
1
 53
0.0
 43
480.0
 44
1800.0
 45
0.0
 46
3.175
 79
0
 98
0
  0
TEXT
  5
207
330
17
100
AcDbEntity
  8
LABEL
100
AcDbText
 10
600.0
 20
1851.0
 30
0.0
 40
3.0
  1
LINES
  7
OpenSans
 11
600.0
 21
1851.0
 31
0.0
100
AcDbText
  0
LWPOLYLINE
  5
208
330
17
100
AcDbEntity
  8
FRAME
100
AcDbPolyline
 90
4
 70
1
 10
600.0
 20
1800.0
 10
692.0
 20
1800.0
 10
692.0
 20
1848.0
 10
600.0
 20
1848.0
  0
HATCH
  5
209
330
17
100
AcDbEntity
  8
HATCH
 62
7
100
AcDbHatch
 10
0.0
 20
0.0
 30
0.0
210
0.0
220
0.0
230
1.0
  2
LINES
 70
0
 71
0
 91
1
 92
3
 72
0
 73
1
 93
4
 10
600.0
 20
1800.0
 10
692.0
 20
1800.0
 10
692.0
 20
1848.0
 10
600.0
 20
1848.0
 97
0
 75
0
 76
1
 52
0.0
 41
1.0
 77
0
 78
1
 53
0.0
 43
600.0
 44
1800.0
 45
0.0
 46
2.54
 79
0
 98
0
  0
TEXT
  5
20A
330
17
100
AcDbEntity
  8
LABEL
100
AcDbText
 10
0.0
 20
1939.0
 30
0.0
 40
3.0
  1
MUDST
  7
OpenSans
 11
0.0
 21
1939.0
 31
0.0
100
AcDbText
  0
LWPOLYLINE
  5
20B
330
17
100
AcDbEntity
  8
FRAME
100
AcDbPolyline
 90
4
 70
1
 10
0.0
 20
1888.0
 10
92.0
 20
1888.0
 10
92.0
 20
1936.0
 10
0.0
 20
1936.0
  0
HATCH
  5
20C
330
17
100
AcDbEntity
  8
HATCH
 62
7
100
AcDbHatch
 10
0.0
 20
0.0
 30
0.0
210
0.0
220
0.0
230
1.0
  2
MUDST
 70
0
 71
0
 91
1
 92
3
 72
0
 73
1
 93
4
 10
0.0
 20
1888.0
 10
92.0
 20
1888.0
 10
92.0
 20
1936.0
 10
0.0
 20
1936.0
 97
0
 75
0
 76
1
 52
0.0
 41
1.0
 77
0
 78
1
 53
0.0
 43
0.0
 44
1888.0
 45
12.7
 46
6.35
 79
6
 49
6.35
 49
-6.35
 49
0.0
 49
-6.35
 49
0.0
 49
-6.35
 98
0
  0
TEXT
  5
20D
330
17
100
AcDbEntity
  8
LABEL
100
AcDbText
 10
120.0
 20
1939.0
 30
0.0
 40
3.0
  1
NATURAL
  7
OpenSans
 11
120.0
 21
1939.0
 31
0.0
100
AcDbText
  0
LWPOLYLINE
  5
20E
330
17
100
AcDbEntity
  8
FRAME
100
AcDbPolyline
 90
4
 70
1
 10
120.0
 20
1888.0
 10
212.0
 20
1888.0
 10
212.0
 20
1936.0
 10
120.0
 20
1936.0
  0
HATCH
  5
20F
330
17
100
AcDbEntity
  8
HATCH
 62
7
100
AcDbHatch
 10
0.0
 20
0.0
 30
0.0
210
0.0
220
0.0
230
1.0
  2
NATURAL
 70
0
 71
0
 91
1
 92
3
 72
0
 73
1
 93
4
 10
120.0
 20
1888.0
 10
212.0
 20
1888.0
 10
212.0
 20
1936.0
 10
120.0
 20
1936.0
 97
0
 75
0
 76
1
 52
0.0
 41
1.0
 77
0
 78
3
 53
45.0
 43
120.0
 44
1888.0
 45
-5.3881536726
 46
5.3881536726
 79
0
 53
45.0
 43
123.5920934
 44
1888.0
 45
-5.3881536726
 46
5.3881536726
 79
2
 49
1.27
 49
-1.27
 53
45.0
 43
127.1841868
 44
1888.0
 45
-5.3881536726
 46
5.3881536726
 79
2
 49
1.27
 49
-1.27
 98
0
  0
TEXT
  5
210
330
17
100
AcDbEntity
  8
LABEL
100
AcDbText
 10
240.0
 20
1939.0
 30
0.0
 40
3.0
  1
NET
  7
OpenSans
 11
240.0
 21
1939.0
 31
0.0
100
AcDbText
  0
LWPOLYLINE
  5
211
330
17
100
AcDbEntity
  8
FRAME
100
AcDbPolyline
 90
4
 70
1
 10
240.0
 20
1888.0
 10
332.0
 20
1888.0
 10
332.0
 20
1936.0
 10
240.0
 20
1936.0
  0
HATCH
  5
212
330
17
100
AcDbEntity
  8
HATCH
 62
7
100
AcDbHatch
 10
0.0
 20
0.0
 30
0.0
210
0.0
220
0.0
230
1.0
  2
NET
 70
0
 71
0
 91
1
 92
3
 72
0
 73
1
 93
4
 10
240.0
 20
1888.0
 10
332.0
 20
1888.0
 10
332.0
 20
1936.0
 10
240.0
 20
1936.0
 97
0
 75
0
 76
1
 52
0.0
 41
1.0
 77
0
 78
2
 53
0.0
 43
240.0
 44
1888.0
 45
0.0
 46
3.175
 79
0
 53
90.0
 43
240.0
 44
1888.0
 45
-3.175
 46
0.0
 79
0
 98
0
  0
TEXT
  5
213
330
17
100
AcDbEntity
  8
LABEL
100
AcDbText
 10
360.0
 20
1939.0
 30
0.0
 40
3.0
  1
NET3
  7
OpenSans
 11
360.0
 21
1939.0
 31
0.0
100
AcDbText
  0
LWPOLYLINE
  5
214
330
17
100
AcDbEntity
  8
FRAME
100
AcDbPolyline
 90
4
 70
1
 10
360.0
 20
1888.0
 10
452.0
 20
1888.0
 10
452.0
 20
1936.0
 10
360.0
 20
1936.0
  0
HATCH
  5
215
330
17
100
AcDbEntity
  8
HATCH
 62
7
100
AcDbHatch
 10
0.0
 20
0.0
 30
0.0
210
0.0
220
0.0
230
1.0
  2
NET3
 70
0
 71
0
 91
1
 92
3
 72
0
 73
1
 93
4
 10
360.0
 20
1888.0
 10
452.0
 20
1888.0
 10
452.0
 20
1936.0
 10
360.0
 20
1936.0
 97
0
 75
0
 76
1
 52
0.0
 41
1.0
 77
0
 78
3
 53
0.0
 43
360.0
 44
1888.0
 45
0.0
 46
3.175
 79
0
 53
60.0
 43
360.0
 44
1888.0
 45
-2.749630657
 46
1.5875
 79
0
 53
120.0
 43
360.0
 44
1888.0
 45
-2.749630657
 46
-1.5875
 79
0
 98
0
  0
TEXT
  5
216
330
17
100
AcDbEntity
  8
LABEL
100
AcDbText
 10
480.0
 20
1939.0
 30
0.0
 40
3.0
  1
OCTAGONS
  7
OpenSans
 11
480.0
 21
1939.0
 31
0.0
100
AcDbText
  0
LWPOLYLINE
  5
217
330
17
100
AcDbEntity
  8
FRAME
100
AcDbPolyline
 90
4
 70
1
 10
480.0
 20
1888.0
 10
572.0
 20
1888.0
 10
572.0
 20
1936.0
 10
480.0
 20
1936.0
  0
HATCH
  5
218
330
17
100
AcDbEntity
  8
HATCH
 62
7
100
AcDbHatch
 10
0.0
 20
0.0
 30
0.0
210
0.0
220
0.0
230
1.0
  2
OCTAGONS
 70
0
 71
0
 91
1
 92
3
 72
0
 73
1
 93
4
 10
480.0
 20
1888.0
 10
572.0
 20
1888.0
 10
572.0
 20
1936.0
 10
480.0
 20
1936.0
 97
0
 75
0
 76
1
 52
0.0
 41
1.0
 77
0
 78
6
 53
315.0
 43
480.0
 44
1896.8392
 45
30.480009432
 46
-0.0
 79
2
 49
12.50051856
 49
-30.60472416
 53
0.0
 43
488.8392
 44
1888.0
 45
30.48
 46
30.48
 79
2
 49
12.8016
 49
-17.6784
 53
45.0
 43
501.6408
 44
1888.0
 45
0.0
 46
30.480009432
 79
2
 49
12.50051856
 49
-30.60472416
 53
135.0
 43
510.48
 44
1909.6408
 45
-30.480009432
 46
0.0
 79
2
 49
12.50051856
 49
-30.60472416
 53
225.0
 43
488.8392
 44
1918.48
 45
-0.0
 46
-30.480009432
 79
2
 49
12.50051856
 49
-30.60472416
 53
270.0
 43
480.0
 44
1909.6408
 45
30.48
 46
-30.48
 79
2
 49
12.8016
 49
-17.6784
 98
0
  0
TEXT
  5
219
330
17
100
AcDbEntity
  8
LABEL
100
AcDbText
 10
600.0
 20
1939.0
 30
0.0
 40
3.0
  1
PLAST
  7
OpenSans
 11
600.0
 21
1939.0
 31
0.0
100
AcDbText
  0
LWPOLYLINE
  5
21A
330
17
100
AcDbEntity
  8
FRAME
100
AcDbPolyline
 90
4
 70
1
 10
600.0
 20
1888.0
 10
692.0
 20
1888.0
 10
692.0
 20
1936.0
 10
600.0
 20
1936.0
  0
HATCH
  5
21B
330
17
100
AcDbEntity
  8
HATCH
 62
7
100
AcDbHatch
 10
0.0
 20
0.0
 30
0.0
210
0.0
220
0.0
230
1.0
  2
PLAST
 70
0
 71
0
 91
1
 92
3
 72
0
 73
1
 93
4
 10
600.0
 20
1888.0
 10
692.0
 20
1888.0
 10
692.0
 20
1936.0
 10
600.0
 20
1936.0
 97
0
 75
0
 76
1
 52
0.0
 41
1.0
 77
0
 78
3
 53
0.0
 43
600.0
 44
1888.0
 45
0.0
 46
6.35
 79
0
 53
0.0
 43
600.0
 44
1888.79375
 45
0.0
 46
6.35
 79
0
 53
0.0
 43
600.0
 44
1889.5875
 45
0.0
 46
6.35
 79
0
 98
0
  0
TEXT
  5
21C
330
17
100
AcDbEntity
  8
LABEL
100
AcDbText
 10
0.0
 20
2027.0
 30
0.0
 40
3.0
  1
PLASTI
  7
OpenSans
 11
0.0
 21
2027.0
 31
0.0
100
AcDbText
  0
LWPOLYLINE
  5
21D
330
17
100
AcDbEntity
  8
FRAME
100
AcDbPolyline
 90
4
 70
1
 10
0.0
 20
1976.0
 10
92.0
 20
1976.0
 10
92.0
 20
2024.0
 10
0.0
 20
2024.0
  0
HATCH
  5
21E
330
17
100
AcDbEntity
  8
HATCH
 62
7
100
AcDbHatch
 10
0.0
 20
0.0
 30
0.0
210
0.0
220
0.0
230
1.0
  2
PLASTI
 70
0
 71
0
 91
1
 92
3
 72
0
 73
1
 93
4
 10
0.0
 20
1976.0
 10
92.0
 20
1976.0
 10
92.0
 20
2024.0
 10
0.0
 20
2024.0
 97
0
 75
0
 76
1
 52
0.0
 41
1.0
 77
0
 78
4
 53
0.0
 43
0.0
 44
1976.0
 45
0.0
 46
6.35
 79
0
 53
0.0
 43
0.0
 44
1976.79375
 45
0.0
 46
6.35
 79
0
 53
0.0
 43
0.0
 44
1977.5875
 45
0.0
 46
6.35
 79
0
 53
0.0
 43
0.0
 44
1979.96875
 45
0.0
 46
6.35
 79
0
 98
0
  0
TEXT
  5
21F
330
17
100
AcDbEntity
  8
LABEL
100
AcDbText
 10
120.0
 20
2027.0
 30
0.0
 40
3.0
  1
PLUSSES
  7
OpenSans
 11
120.0
 21
2027.0
 31
0.0
100
AcDbText
  0
LWPOLYLINE
  5
220
330
17
100
AcDbEntity
  8
FRAME
100
AcDbPolyline
 90
4
 70
1
 10
120.0
 20
1976.0
 10
212.0
 20
1976.0
 10
212.0
 20
2024.0
 10
120.0
 20
2024.0
  0
HATCH
  5
221
330
17
100
AcDbEntity
  8
HATCH
 62
7
100
AcDbHatch
 10
0.0
 20
0.0
 30
0.0
210
0.0
220
0.0
230
1.0
  2
PLUSSES
 70
0
 71
0
 91
1
 92
3
 72
0
 73
1
 93
4
 10
120.0
 20
1976.0
 10
212.0
 20
1976.0
 10
212.0
 20
2024.0
 10
120.0
 20
2024.0
 97
0
 75
0
 76
1
 52
0.0
 41
1.0
 77
0
 78
2
 53
0.0
 43
120.0
 44
1976.0
 45
7.62
 46
7.62
 79
2
 49
3.81
 49
-11.43
 53
90.0
 43
121.905
 44
1974.095
 45
-7.62
 46
7.62
 79
2
 49
3.81
 49
-11.43
 98
0
  0
TEXT
  5
222
330
17
100
AcDbEntity
  8
LABEL
100
AcDbText
 10
240.0
 20
2027.0
 30
0.0
 40
3.0
  1
ROCK
  7
OpenSans
 11
240.0
 21
2027.0
 31
0.0
100
AcDbText
  0
LWPOLYLINE
  5
223
330
17
100
AcDbEntity
  8
FRAME
100
AcDbPolyline
 90
4
 70
1
 10
240.0
 20
1976.0
 10
332.0
 20
1976.0
 10
332.0
 20
2024.0
 10
240.0
 20
2024.0
  0
HATCH
  5
224
330
17
100
AcDbEntity
  8
HATCH
 62
7
100
AcDbHatch
 10
0.0
 20
0.0
 30
0.0
210
0.0
220
0.0
230
1.0
  2
ROCK
 70
0
 71
0
 91
1
 92
3
 72
0
 73
1
 93
4
 10
240.0
 20
1976.0
 10
332.0
 20
1976.0
 10
332.0
 20
2024.0
 10
240.0
 20
2024.0
 97
0
 75
0
 76
1
 52
0.0
 41
1.0
 77
0
 78
2
 53
0.0
 43
240.0
 44
1976.0
 45
0.0
 46
5.08
 79
0
 53
45.0
 43
240.0
 44
1976.0
 45
-10.159999983
 46
10.159999983
 79
2
 49
7.1842048848
 49
-14.3684280576
 98
0
  0
TEXT
  5
225
330
17
100
AcDbEntity
  8
LABEL
100
AcDbText
 10
360.0
 20
2027.0
 30
0.0
 40
3.0
  1
SACNCR
  7
OpenSans
 11
360.0
 21
2027.0
 31
0.0
100
AcDbText
  0
LWPOLYLINE
  5
226
330
17
100
AcDbEntity
  8
FRAME
100
AcDbPolyline
 90
4
 70
1
 10
360.0
 20
1976.0
 10
452.0
 20
1976.0
 10
452.0
 20
2024.0
 10
360.0
 20
2024.0
  0
HATCH
  5
227
330
17
100
AcDbEntity
  8
HATCH
 62
7
100
AcDbHatch
 10
0.0
 20
0.0
 30
0.0
210
0.0
220
0.0
230
1.0
  2
SACNCR
 70
0
 71
0
 91
1
 92
3
 72
0
 73
1
 93
4
 10
360.0
 20
1976.0
 10
452.0
 20
1976.0
 10
452.0
 20
2024.0
 10
360.0
 20
2024.0
 97
0
 75
0
 76
1
 52
0.0
 41
1.0
 77
0
 78
2
 53
45.0
 43
360.0
 44
1976.0
 45
-1.6837980227
 46
1.6837980227
 79
0
 53
45.0
 43
361.6838
 44
1976.0
 45
-1.6837980227
 46
1.6837980227
 79
2
 49
0.0
 49
-2.38125
 98
0
  0
TEXT
  5
228
330
17
100
AcDbEntity
  8
LABEL
100
AcDbText
 10
480.0
 20
2027.0
 30
0.0
 40
3.0
  1
SAND
  7
OpenSans
 11
480.0
 21
2027.0
 31
0.0
100
AcDbText
  0
LWPOLYLINE
  5
229
330
17
100
AcDbEntity
  8
FRAME
100
AcDbPolyline
 90
4
 70
1
 10
480.0
 20
1976.0
 10
572.0
 20
1976.0
 10
572.0
 20
2024.0
 10
480.0
 20
2024.0
  0
HATCH
  5
22A
330
17
100
AcDbEntity
  8
HATCH
 62
7
100
AcDbHatch
 10
0.0
 20
0.0
 30
0.0
210
0.0
220
0.0
230
1.0
  2
SAND
 70
0
 71
0
 91
1
 92
3
 72
0
 73
1
 93
4
 10
480.0
 20
1976.0
 10
572.0
 20
1976.0
 10
572.0
 20
2024.0
 10
480.0
 20
2024.0
 97
0
 75
0
 76
1
 52
0.0
 41
1.0
 77
0
 78
4
 53
45.0
 43
480.0
 44
1976.0
 45
-4.0411152545
 46
4.0411152545
 79
3
 49
-1.905
 49
1.905
 49
-1.905
 53
45.0
 43
484.0386
 44
1976.0
 45
-4.0411152545
 46
4.0411152545
 79
3
 49
-1.905
 49
1.905
 49
-1.905
 53
135.0
 43
480.0
 44
1976.0
 45
-4.0411152545
 46
-4.0411152545
 79
3
 49
0.9525
 49
-3.81
 49
0.9525
 53
135.0
 43
484.0386
 44
1976.0
 45
-4.0411152545
 46
-4.0411152545
 79
3
 49
0.9525
 49
-3.81
 49
0.9525
 98
0
  0
TEXT
  5
22B
330
17
100
AcDbEntity
  8
LABEL
100
AcDbText
 10
600.0
 20
2027.0
 30
0.0
 40
3.0
  1
SCREED
  7
OpenSans
 11
600.0
 21
2027.0
 31
0.0
100
AcDbText
  0
LWPOLYLINE
  5
22C
330
17
100
AcDbEntity
  8
FRAME
100
AcDbPolyline
 90
4
 70
1
 10
600.0
 20
1976.0
 10
692.0
 20
1976.0
 10
692.0
 20
2024.0
 10
600.0
 20
2024.0
  0
HATCH
  5
22D
330
17
100
AcDbEntity
  8
HATCH
 62
7
100
AcDbHatch
 10
0.0
 20
0.0
 30
0.0
210
0.0
220
0.0
230
1.0
  2
SCREED
 70
0
 71
0
 91
1
 92
3
 72
0
 73
1
 93
4
 10
600.0
 20
1976.0
 10
692.0
 20
1976.0
 10
692.0
 20
2024.0
 10
600.0
 20
2024.0
 97
0
 75
0
 76
1
 52
0.0
 41
1.0
 77
0
 78
19
 53
0.0
 43
600.0
 44
1976.0
 45
50.8
 46
12.7
 79
4
 49
-6.35
 49
0.0
 49
-19.05
 49
0.0
 53
0.0
 43
600.0
 44
1976.635
 45
50.8
 46
12.7
 79
8
 49
-2.54
 49
0.0
 49
-8.89
 49
0.0
 49
-4.572
 49
0.0
 49
-19.05
 49
0.0
 53
0.0
 43
600.0
 44
1977.27
 45
50.8
 46
12.7
 79
10
 49
-1.27
 49
0.0
 49
-6.35
 49
0.0
 49
-6.35
 49
0.0
 49
-13.97
 49
0.0
 49
-4.572
 49
0.0
 53
0.0
 43
600.0
 44
1977.905
 45
50.8
 46
12.7
 79
4
 49
-4.572
 49
0.0
 49
-20.32
 49
0.0
 53
0.0
 43
600.0
 44
1978.54
 45
50.8
 46
12.7
 79
4
 49
-15.24
 49
0.0
 49
-15.24
 49
0.0
 53
0.0
 43
600.0
 44
1979.175
 45
50.8
 46
12.7
 79
2
 49
-21.59
 49
0.0
 53
0.0
 43
600.0
 44
1979.81
 45
50.8
 46
12.7
 79
4
 49
-6.35
 49
0.0
 49
-27.94
 49
0.0
 53
0.0
 43
600.0
 44
1980.445
 45
50.8
 46
12.7
 79
4
 49
-8.89
 49
0.0
 49
-5.08
 49
0.0
 53
0.0
 43
600.0
 44
1981.08
 45
50.8
 46
12.7
 79
2
 49
-12.7
 49
0.0
 53
0.0
 43
600.0
 44
1982.35
 45
50.8
 46
12.7
 79
6
 49
-1.778
 49
0.0
 49
-19.05
 49
0.0
 49
-11.43
 49
0.0
 53
0.0
 43
600.0
 44
1982.985
 45
50.8
 46
12.7
 79
6
 49
-2.54
 49
0.0
 49
-0.254
 49
0.0
 49
-6.35
 49
0.0
 53
0.0
 43
600.0
 44
1983.62
 45
50.8
 46
12.7
 79
6
 49
-1.27
 49
0.0
 49
-16.51
 49
0.0
 49
-19.05
 49
0.0
 53
0.0
 43
600.0
 44
1984.255
 45
50.8
 46
12.7
 79
2
 49
-12.7
 49
0.0
 53
0.0
 43
600.0
 44
1984.89
 45
50.8
 46
12.7
 79
4
 49
-6.35
 49
0.0
 49
-26.67
 49
0.0
 53
0.0
 43
600.0
 44
1986.16
 45
50.8
 46
12.7
 79
2
 49
-30.48
 49
0.0
 53
0.0
 43
600.0
 44
1986.795
 45
50.8
 46
12.7
 79
6
 49
-6.35
 49
0.0
 49
-0.508
 49
0.0
 49
-8.89
 49
0.0
 53
0.0
 43
600.0
 44
1987.43
 45
50.8
 46
12.7
 79
10
 49
-1.778
 49
0.0
 49
-12.7
 49
0.0
 49
-5.08
 49
0.0
 49
-8.89
 49
0.0
 49
-10.16
 49
0.0
 53
0.0
 43
600.0
 44
1988.065
 45
50.8
 46
12.7
 79
10
 49
-3.81
 49
0.0
 49
-5.08
 49
0.0
 49
-12.7
 49
0.0
 49
-0.508
 49
0.0
 49
-6.35
 49
0.0
 53
0.0
 43
600.0
 44
1988.7
 45
50.8
 46
12.7
 79
2
 49
-12.7
 49
0.0
 98
0
  0
TEXT
  5
22E
330
17
100
AcDbEntity
  8
LABEL
100
AcDbText
 10
0.0
 20
2115.0
 30
0.0
 40
3.0
  1
SHAKES  s=0.64
  7
OpenSans
 11
0.0
 21
2115.0
 31
0.0
100
AcDbText
  0
LWPOLYLINE
  5
22F
330
17
100
AcDbEntity
  8
FRAME
100
AcDbPolyline
 90
4
 70
1
 10
0.0
 20
2064.0
 10
92.0
 20
2064.0
 10
92.0
 20
2112.0
 10
0.0
 20
2112.0
  0
HATCH
  5
230
330
17
100
AcDbEntity
  8
HATCH
 62
7
100
AcDbHatch
 10
0.0
 20
0.0
 30
0.0
210
0.0
220
0.0
230
1.0
  2
SHAKES
 70
0
 71
0
 91
1
 92
3
 72
0
 73
1
 93
4
 10
0.0
 20
2064.0
 10
92.0
 20
2064.0
 10
92.0
 20
2112.0
 10
0.0
 20
2112.0
 97
0
 75
0
 76
1
 52
0.0
 41
0.64
 77
0
 78
27
 53
0.0
 43
0.0
 44
2065.95072
 45
65.024
 46
65.024
 79
2
 49
6.5024
 49
-58.5216
 53
0.0
 43
6.5024
 44
2064.0
 45
65.024
 46
65.024
 79
2
 49
19.5072
 49
-45.5168
 53
0.0
 43
26.0096
 44
2065.30048
 45
65.024
 46
65.024
 79
2
 49
9.7536
 49
-55.2704
 53
0.0
 43
35.7632
 44
2064.0
 45
65.024
 46
65.024
 79
2
 49
19.5072
 49
-45.5168
 53
0.0
 43
55.2704
 44
2065.95072
 45
65.024
 46
65.024
 79
2
 49
9.7536
 49
-55.2704
 53
0.0
 43
9.7536
 44
2085.45792
 45
65.024
 46
65.024
 79
2
 49
19.5072
 49
-45.5168
 53
0.0
 43
0.0
 44
2086.7584
 45
65.024
 46
65.024
 79
2
 49
9.7536
 49
-55.2704
 53
0.0
 43
29.2608
 44
2087.40864
 45
65.024
 46
65.024
 79
2
 49
13.0048
 49
-52.0192
 53
0.0
 43
42.2656
 44
2085.45792
 45
65.024
 46
65.024
 79
2
 49
22.7584
 49
-42.2656
 53
0.0
 43
0.0
 44
2107.56608
 45
65.024
 46
65.024
 79
2
 49
22.10816
 49
-42.91584
 53
0.0
 43
22.10816
 44
2108.86656
 45
65.024
 46
65.024
 79
2
 49
15.60576
 49
-49.41824
 53
0.0
 43
37.71392
 44
2106.91584
 45
65.024
 46
65.024
 79
2
 49
11.70432
 49
-53.31968
 53
0.0
 43
49.41824
 44
2109.5168
 45
65.024
 46
65.024
 79
2
 49
11.05408
 49
-53.96992
 53
180.0
 43
65.024
 44
2107.56608
 45
-65.024
 46
-65.024
 79
2
 49
4.55168
 49
-60.47232
 53
90.0
 43
6.5024
 44
2064.0
 45
-65.024
 46
65.024
 79
2
 49
22.7584
 49
-42.2656
 53
90.0
 43
26.0096
 44
2064.0
 45
-65.024
 46
65.024
 79
2
 49
21.45792
 49
-43.56608
 53
90.0
 43
35.7632
 44
2064.0
 45
-65.024
 46
65.024
 79
2
 49
23.40864
 49
-41.61536
 53
90.0
 43
55.2704
 44
2064.0
 45
-65.024
 46
65.024
 79
2
 49
21.45792
 49
-43.56608
 53
90.0
 43
29.2608
 44
2085.45792
 45
-65.024
 46
65.024
 79
2
 49
23.40864
 49
-41.61536
 53
90.0
 43
22.10816
 44
2107.56608
 45
-65.024
 46
65.024
 79
2
 49
21.45792
 49
-43.56608
 53
90.0
 43
37.71392
 44
2106.91584
 45
-65.024
 46
65.024
 79
2
 49
22.10816
 49
-42.91584
 53
270.0
 43
0.0
 44
2107.56608
 45
65.024
 46
-65.024
 79
2
 49
22.10816
 49
-42.91584
 53
270.0
 43
9.7536
 44
2107.56608
 45
65.024
 46
-65.024
 79
2
 49
22.10816
 49
-42.91584
 53
270.0
 43
42.2656
 44
2106.91584
 45
65.024
 46
-65.024
 79
2
 49
21.45792
 49
-43.56608
 53
90.0
 43
60.47232
 44
2107.56608
 45
-65.024
 46
65.024
 79
2
 49
21.45792
 49
-43.56608
 53
90.0
 43
49.41824
 44
2106.91584
 45
-65.024
 46
65.024
 79
2
 49
22.10816
 49
-42.91584
 53
270.0
 43
60.47232
 44
2065.95072
 45
65.024
 46
-65.024
 79
2
 49
1.95072
 49
-63.07328
 98
0
  0
TEXT
  5
231
330
17
100
AcDbEntity
  8
LABEL
100
AcDbText
 10
120.0
 20
2115.0
 30
0.0
 40
3.0
  1
SOLID
  7
OpenSans
 11
120.0
 21
2115.0
 31
0.0
100
AcDbText
  0
LWPOLYLINE
  5
232
330
17
100
AcDbEntity
  8
FRAME
100
AcDbPolyline
 90
4
 70
1
 10
120.0
 20
2064.0
 10
212.0
 20
2064.0
 10
212.0
 20
2112.0
 10
120.0
 20
2112.0
  0
HATCH
  5
233
330
17
100
AcDbEntity
  8
HATCH
 62
7
100
AcDbHatch
 10
0.0
 20
0.0
 30
0.0
210
0.0
220
0.0
230
1.0
  2
SOLID
 70
0
 71
0
 91
1
 92
3
 72
0
 73
1
 93
4
 10
120.0
 20
2064.0
 10
212.0
 20
2064.0
 10
212.0
 20
2112.0
 10
120.0
 20
2112.0
 97
0
 75
0
 76
1
 52
0.0
 41
1.0
 77
0
 78
1
 53
45.0
 43
120.0
 44
2064.0
 45
-0.0883883476
 46
0.0883883476
 79
0
 98
0
  0
TEXT
  5
234
330
17
100
AcDbEntity
  8
LABEL
100
AcDbText
 10
240.0
 20
2115.0
 30
0.0
 40
3.0
  1
SPANISH  s=0.114
  7
OpenSans
 11
240.0
 21
2115.0
 31
0.0
100
AcDbText
  0
LWPOLYLINE
  5
235
330
17
100
AcDbEntity
  8
FRAME
100
AcDbPolyline
 90
4
 70
1
 10
240.0
 20
2064.0
 10
332.0
 20
2064.0
 10
332.0
 20
2112.0
 10
240.0
 20
2112.0
  0
HATCH
  5
236
330
17
100
AcDbEntity
  8
HATCH
 62
7
100
AcDbHatch
 10
0.0
 20
0.0
 30
0.0
210
0.0
220
0.0
230
1.0
  2
SPANISH
 70
0
 71
0
 91
1
 92
3
 72
0
 73
1
 93
4
 10
240.0
 20
2064.0
 10
332.0
 20
2064.0
 10
332.0
 20
2112.0
 10
240.0
 20
2112.0
 97
0
 75
0
 76
1
 52
0.0
 41
0.114
 77
0
 78
16
 53
274.9697
 43
243.1967424
 44
2067.47472
 45
-3.4746897943
 46
41.6966436537
 79
2
 49
3.2088066278
 49
-77.0113347451
 53
180.0
 43
243.47472
 44
2064.2779776
 45
-3.47472
 46
-3.47472
 79
2
 49
0.2779776
 49
-3.1967424
 53
0.0
 43
240.0
 44
2064.0
 45
3.47472
 46
3.47472
 79
2
 49
0.9729216
 49
-2.5017984
 53
90.0
 43
240.9729216
 44
2064.0
 45
-3.47472
 46
3.47472
 79
2
 49
0.347472
 49
-3.127248
 53
270.0
 43
243.1967424
 44
2064.347472
 45
3.47472
 46
-3.47472
 79
2
 49
0.347472
 49
-3.127248
 53
0.0
 43
243.1967424
 44
2064.0
 45
3.47472
 46
3.47472
 79
2
 49
0.2779776
 49
-3.1967424
 53
0.0
 43
240.0
 44
2064.2779776
 45
3.47472
 46
3.47472
 79
2
 49
0.694944
 49
-2.779776
 53
85.0303
 43
240.694944
 44
2064.2779776
 45
3.4746897943
 46
41.6966436537
 79
2
 49
3.2088066278
 49
-77.0113347451
 53
52.6961
 43
240.694944
 44
2064.4517136
 45
-45.1713109713
 46
-59.0702773244
 79
2
 49
0.9173538778
 49
-90.81788796
 53
18.4349
 43
241.2508992
 44
2065.1814048
 45
6.9494415101
 46
3.4747144516
 79
2
 49
0.879041615
 49
-10.1089855224
 53
341.5651
 43
242.084832
 44
2065.4593824
 45
-6.9494415101
 46
3.4747144516
 79
2
 49
0.879041615
 49
-10.1089855224
 53
307.3039
 43
242.9187648
 44
2065.1814048
 45
45.1713109713
 46
-59.0702773244
 79
2
 49
0.9173538778
 49
-90.81788796
 53
20.2249
 43
241.4246352
 44
2064.9381744
 45
-38.2219104943
 46
-13.8989089639
 79
2
 49
0.7035786792
 49
-69.6541398278
 53
339.7751
 43
242.084832
 44
2065.1814048
 45
38.2219104943
 46
-13.8989089639
 79
2
 49
0.7035786792
 49
-69.6541398278
 53
307.4054
 43
242.7450288
 44
2064.9381744
 45
34.7472345825
 46
-45.1713338179
 79
2
 49
0.7436213525
 49
-73.618632036
 53
52.5946
 43
240.9729216
 44
2064.347472
 45
-34.7472345825
 46
-45.1713338179
 79
2
 49
0.7436213525
 49
-73.618632036
 98
0
  0
TEXT
  5
237
330
17
100
AcDbEntity
  8
LABEL
100
AcDbText
 10
360.0
 20
2115.0
 30
0.0
 40
3.0
  1
SQUARE
  7
OpenSans
 11
360.0
 21
2115.0
 31
0.0
100
AcDbText
  0
LWPOLYLINE
  5
238
330
17
100
AcDbEntity
  8
FRAME
100
AcDbPolyline
 90
4
 70
1
 10
360.0
 20
2064.0
 10
452.0
 20
2064.0
 10
452.0
 20
2112.0
 10
360.0
 20
2112.0
  0
HATCH
  5
239
330
17
100
AcDbEntity
  8
HATCH
 62
7
100
AcDbHatch
 10
0.0
 20
0.0
 30
0.0
210
0.0
220
0.0
230
1.0
  2
SQUARE
 70
0
 71
0
 91
1
 92
3
 72
0
 73
1
 93
4
 10
360.0
 20
2064.0
 10
452.0
 20
2064.0
 10
452.0
 20
2112.0
 10
360.0
 20
2112.0
 97
0
 75
0
 76
1
 52
0.0
 41
1.0
 77
0
 78
2
 53
0.0
 43
360.0
 44
2064.0
 45
0.0
 46
3.175
 79
2
 49
3.175
 49
-3.175
 53
90.0
 43
360.0
 44
2064.0
 45
-3.175
 46
0.0
 79
2
 49
3.175
 49
-3.175
 98
0
  0
TEXT
  5
23A
330
17
100
AcDbEntity
  8
LABEL
100
AcDbText
 10
480.0
 20
2115.0
 30
0.0
 40
3.0
  1
SQUARES
  7
OpenSans
 11
480.0
 21
2115.0
 31
0.0
100
AcDbText
  0
LWPOLYLINE
  5
23B
330
17
100
AcDbEntity
  8
FRAME
100
AcDbPolyline
 90
4
 70
1
 10
480.0
 20
2064.0
 10
572.0
 20
2064.0
 10
572.0
 20
2112.0
 10
480.0
 20
2112.0
  0
HATCH
  5
23C
330
17
100
AcDbEntity
  8
HATCH
 62
7
100
AcDbHatch
 10
0.0
 20
0.0
 30
0.0
210
0.0
220
0.0
230
1.0
  2
SQUARES
 70
0
 71
0
 91
1
 92
3
 72
0
 73
1
 93
4
 10
480.0
 20
2064.0
 10
572.0
 20
2064.0
 10
572.0
 20
2112.0
 10
480.0
 20
2112.0
 97
0
 75
0
 76
1
 52
0.0
 41
1.0
 77
0
 78
2
 53
0.0
 43
480.0
 44
2064.0
 45
0.0
 46
3.81
 79
2
 49
3.81
 49
-3.81
 53
90.0
 43
480.0
 44
2064.0
 45
-3.81
 46
0.0
 79
2
 49
3.81
 49
-3.81
 98
0
  0
TEXT
  5
23D
330
17
100
AcDbEntity
  8
LABEL
100
AcDbText
 10
600.0
 20
2115.0
 30
0.0
 40
3.0
  1
STARS
  7
OpenSans
 11
600.0
 21
2115.0
 31
0.0
100
AcDbText
  0
LWPOLYLINE
  5
23E
330
17
100
AcDbEntity
  8
FRAME
100
AcDbPolyline
 90
4
 70
1
 10
600.0
 20
2064.0
 10
692.0
 20
2064.0
 10
692.0
 20
2112.0
 10
600.0
 20
2112.0
  0
HATCH
  5
23F
330
17
100
AcDbEntity
  8
HATCH
 62
7
100
AcDbHatch
 10
0.0
 20
0.0
 30
0.0
210
0.0
220
0.0
230
1.0
  2
STARS
 70
0
 71
0
 91
1
 92
3
 72
0
 73
1
 93
4
 10
600.0
 20
2064.0
 10
692.0
 20
2064.0
 10
692.0
 20
2112.0
 10
600.0
 20
2112.0
 97
0
 75
0
 76
1
 52
0.0
 41
1.0
 77
0
 78
3
 53
0.0
 43
600.0
 44
2064.0
 45
0.0
 46
5.4992613154
 79
2
 49
3.175
 49
-3.175
 53
60.0
 43
600.0
 44
2064.0
 45
-4.7625000012
 46
2.7496306577
 79
2
 49
3.175
 49
-3.175
 53
120.0
 43
601.5875
 44
2066.7496306704
 45
-4.7625000012
 46
-2.7496306577
 79
2
 49
3.175
 49
-3.175
 98
0
  0
TEXT
  5
240
330
17
100
AcDbEntity
  8
LABEL
100
AcDbText
 10
0.0
 20
2203.0
 30
0.0
 40
3.0
  1
STEEL
  7
OpenSans
 11
0.0
 21
2203.0
 31
0.0
100
AcDbText
  0
LWPOLYLINE
  5
241
330
17
100
AcDbEntity
  8
FRAME
100
AcDbPolyline
 90
4
 70
1
 10
0.0
 20
2152.0
 10
92.0
 20
2152.0
 10
92.0
 20
2200.0
 10
0.0
 20
2200.0
  0
HATCH
  5
242
330
17
100
AcDbEntity
  8
HATCH
 62
7
100
AcDbHatch
 10
0.0
 20
0.0
 30
0.0
210
0.0
220
0.0
230
1.0
  2
STEEL
 70
0
 71
0
 91
1
 92
3
 72
0
 73
1
 93
4
 10
0.0
 20
2152.0
 10
92.0
 20
2152.0
 10
92.0
 20
2200.0
 10
0.0
 20
2200.0
 97
0
 75
0
 76
1
 52
0.0
 41
1.0
 77
0
 78
8
 53
45.0
 43
0.0
 44
2152.0
 45
-5.3881536726
 46
5.3881536726
 79
0
 53
45.0
 43
4.318
 44
2152.0
 45
-5.3881536726
 46
5.3881536726
 79
0
 53
45.0
 43
4.572
 44
2152.0
 45
-5.3881536726
 46
5.3881536726
 79
0
 53
45.0
 43
4.826
 44
2152.0
 45
-5.3881536726
 46
5.3881536726
 79
0
 53
45.0
 43
5.08
 44
2152.0
 45
-5.3881536726
 46
5.3881536726
 79
0
 53
45.0
 43
5.334
 44
2152.0
 45
-5.3881536726
 46
5.3881536726
 79
0
 53
45.0
 43
5.588
 44
2152.0
 45
-5.3881536726
 46
5.3881536726
 79
0
 53
45.0
 43
5.842
 44
2152.0
 45
-5.3881536726
 46
5.3881536726
 79
0
 98
0
  0
TEXT
  5
243
330
17
100
AcDbEntity
  8
LABEL
100
AcDbText
 10
120.0
 20
2203.0
 30
0.0
 40
3.0
  1
SWAMP
  7
OpenSans
 11
120.0
 21
2203.0
 31
0.0
100
AcDbText
  0
LWPOLYLINE
  5
244
330
17
100
AcDbEntity
  8
FRAME
100
AcDbPolyline
 90
4
 70
1
 10
120.0
 20
2152.0
 10
212.0
 20
2152.0
 10
212.0
 20
2200.0
 10
120.0
 20
2200.0
  0
HATCH
  5
245
330
17
100
AcDbEntity
  8
HATCH
 62
7
100
AcDbHatch
 10
0.0
 20
0.0
 30
0.0
210
0.0
220
0.0
230
1.0
  2
SWAMP
 70
0
 71
0
 91
1
 92
3
 72
0
 73
1
 93
4
 10
120.0
 20
2152.0
 10
212.0
 20
2152.0
 10
212.0
 20
2200.0
 10
120.0
 20
2200.0
 97
0
 75
0
 76
1
 52
0.0
 41
1.0
 77
0
 78
6
 53
0.0
 43
120.0
 44
2152.0
 45
12.7
 46
21.9970452362
 79
2
 49
3.175
 49
-22.225
 53
90.0
 43
121.5875
 44
2152.0
 45
-12.7
 46
21.9970452362
 79
2
 49
1.5875
 49
-42.4065904724
 53
90.0
 43
121.984375
 44
2152.0
 45
-12.7
 46
21.9970452362
 79
2
 49
1.27
 49
-42.7240904724
 53
90.0
 43
121.190625
 44
2152.0
 45
-12.7
 46
21.9970452362
 79
2
 49
1.27
 49
-42.7240904724
 53
60.0
 43
122.38125
 44
2152.0
 45
-12.6999999827
 46
21.9970452462
 79
2
 49
1.016
 49
-24.384
 53
120.0
 43
120.79375
 44
2152.0
 45
-25.3999999827
 46
1e-08
 79
2
 49
1.016
 49
-24.384
 98
0
  0
TEXT
  5
246
330
17
100
AcDbEntity
  8
LABEL
100
AcDbText
 10
240.0
 20
2203.0
 30
0.0
 40
3.0
  1
TILEPAT1
  7
OpenSans
 11
240.0
 21
2203.0
 31
0.0
100
AcDbText
  0
LWPOLYLINE
  5
247
330
17
100
AcDbEntity
  8
FRAME
100
AcDbPolyline
 90
4
 70
1
 10
240.0
 20
2152.0
 10
332.0
 20
2152.0
 10
332.0
 20
2200.0
 10
240.0
 20
2200.0
  0
HATCH
  5
248
330
17
100
AcDbEntity
  8
HATCH
 62
7
100
AcDbHatch
 10
0.0
 20
0.0
 30
0.0
210
0.0
220
0.0
230
1.0
  2
TILEPAT1
 70
0
 71
0
 91
1
 92
3
 72
0
 73
1
 93
4
 10
240.0
 20
2152.0
 10
332.0
 20
2152.0
 10
332.0
 20
2200.0
 10
240.0
 20
2200.0
 97
0
 75
0
 76
1
 52
0.0
 41
1.0
 77
0
 78
6
 53
0.0
 43
245.7473088
 44
2152.0
 45
24.384
 46
24.384
 79
2
 49
37.2731792
 49
-11.4948208
 53
90.0
 43
240.0
 44
2157.7473088
 45
-24.384
 46
24.384
 79
2
 49
37.2731792
 49
-11.4948208
 53
45.0
 43
258.6366912
 44
2176.384
 45
-24.3840535245
 46
24.3840535245
 79
2
 49
8.128
 49
-26.3562592
 53
315.0
 43
258.6366912
 44
2176.384
 45
24.3840535245
 46
24.3840535245
 79
2
 49
8.128
 49
-26.3562592
 53
45.0
 43
264.384
 44
2170.6366912
 45
-24.3840535245
 46
24.3840535245
 79
2
 49
8.128
 49
-26.3562592
 53
315.0
 43
264.384
 44
2182.1313088
 45
24.3840535245
 46
24.3840535245
 79
2
 49
8.128
 49
-26.3562592
 98
0
  0
TEXT
  5
249
330
17
100
AcDbEntity
  8
LABEL
100
AcDbText
 10
360.0
 20
2203.0
 30
0.0
 40
3.0
  1
TRANS
  7
OpenSans
 11
360.0
 21
2203.0
 31
0.0
100
AcDbText
  0
LWPOLYLINE
  5
24A
330
17
100
AcDbEntity
  8
FRAME
100
AcDbPolyline
 90
4
 70
1
 10
360.0
 20
2152.0
 10
452.0
 20
2152.0
 10
452.0
 20
2200.0
 10
360.0
 20
2200.0
  0
HATCH
  5
24B
330
17
100
AcDbEntity
  8
HATCH
 62
7
100
AcDbHatch
 10
0.0
 20
0.0
 30
0.0
210
0.0
220
0.0
230
1.0
  2
TRANS
 70
0
 71
0
 91
1
 92
3
 72
0
 73
1
 93
4
 10
360.0
 20
2152.0
 10
452.0
 20
2152.0
 10
452.0
 20
2200.0
 10
360.0
 20
2200.0
 97
0
 75
0
 76
1
 52
0.0
 41
1.0
 77
0
 78
2
 53
0.0
 43
360.0
 44
2152.0
 45
0.0
 46
6.35
 79
0
 53
0.0
 43
360.0
 44
2155.175
 45
0.0
 46
6.35
 79
2
 49
3.175
 49
-3.175
 98
0
  0
TEXT
  5
24C
330
17
100
AcDbEntity
  8
LABEL
100
AcDbText
 10
480.0
 20
2203.0
 30
0.0
 40
3.0
  1
TRIANG
  7
OpenSans
 11
480.0
 21
2203.0
 31
0.0
100
AcDbText
  0
LWPOLYLINE
  5
24D
330
17
100
AcDbEntity
  8
FRAME
100
AcDbPolyline
 90
4
 70
1
 10
480.0
 20
2152.0
 10
572.0
 20
2152.0
 10
572.0
 20
2200.0
 10
480.0
 20
2200.0
  0
HATCH
  5
24E
330
17
100
AcDbEntity
  8
HATCH
 62
7
100
AcDbHatch
 10
0.0
 20
0.0
 30
0.0
210
0.0
220
0.0
230
1.0
  2
TRIANG
 70
0
 71
0
 91
1
 92
3
 72
0
 73
1
 93
4
 10
480.0
 20
2152.0
 10
572.0
 20
2152.0
 10
572.0
 20
2200.0
 10
480.0
 20
2200.0
 97
0
 75
0
 76
1
 52
0.0
 41
1.0
 77
0
 78
3
 53
60.0
 43
480.0
 44
2152.0
 45
-4.7624999908
 46
8.2488919657
 79
2
 49
4.7625
 49
-4.7625
 53
120.0
 43
480.0
 44
2152.0
 45
-9.5249999908
 46
5.3e-09
 79
2
 49
4.7625
 49
-4.7625
 53
0.0
 43
477.61875
 44
2156.1244459802
 45
4.7625
 46
8.2488919604
 79
2
 49
4.7625
 49
-4.7625
 98
0
  0
TEXT
  5
24F
330
17
100
AcDbEntity
  8
LABEL
100
AcDbText
 10
600.0
 20
2203.0
 30
0.0
 40
3.0
  1
TRIANGLES
  7
OpenSans
 11
600.0
 21
2203.0
 31
0.0
100
AcDbText
  0
LWPOLYLINE
  5
250
330
17
100
AcDbEntity
  8
FRAME
100
AcDbPolyline
 90
4
 70
1
 10
600.0
 20
2152.0
 10
692.0
 20
2152.0
 10
692.0
 20
2200.0
 10
600.0
 20
2200.0
  0
HATCH
  5
251
330
17
100
AcDbEntity
  8
HATCH
 62
7
100
AcDbHatch
 10
0.0
 20
0.0
 30
0.0
210
0.0
220
0.0
230
1.0
  2
TRIANGLES
 70
0
 71
0
 91
1
 92
3
 72
0
 73
1
 93
4
 10
600.0
 20
2152.0
 10
692.0
 20
2152.0
 10
692.0
 20
2200.0
 10
600.0
 20
2200.0
 97
0
 75
0
 76
1
 52
0.0
 41
1.0
 77
0
 78
3
 53
60.0
 43
600.0
 44
2152.0
 45
-5.7149999889
 46
9.8986703589
 79
2
 49
5.715
 49
-5.715
 53
120.0
 43
600.0
 44
2152.0
 45
-11.4299999889
 46
6.4e-09
 79
2
 49
5.715
 49
-5.715
 53
0.0
 43
597.1425
 44
2156.9493351762
 45
5.715
 46
9.8986703525
 79
2
 49
5.715
 49
-5.715
 98
0
  0
TEXT
  5
252
330
17
100
AcDbEntity
  8
LABEL
100
AcDbText
 10
0.0
 20
2291.0
 30
0.0
 40
3.0
  1
TRIHEX
  7
OpenSans
 11
0.0
 21
2291.0
 31
0.0
100
AcDbText
  0
LWPOLYLINE
  5
253
330
17
100
AcDbEntity
  8
FRAME
100
AcDbPolyline
 90
4
 70
1
 10
0.0
 20
2240.0
 10
92.0
 20
2240.0
 10
92.0
 20
2288.0
 10
0.0
 20
2288.0
  0
HATCH
  5
254
330
17
100
AcDbEntity
  8
HATCH
 62
7
100
AcDbHatch
 10
0.0
 20
0.0
 30
0.0
210
0.0
220
0.0
230
1.0
  2
TRIHEX
 70
0
 71
0
 91
1
 92
3
 72
0
 73
1
 93
4
 10
0.0
 20
2240.0
 10
92.0
 20
2240.0
 10
92.0
 20
2288.0
 10
0.0
 20
2288.0
 97
0
 75
0
 76
1
 52
0.0
 41
1.0
 77
0
 78
6
 53
30.0
 43
0.0
 44
2240.0
 45
6.9e-09
 46
30.4799999881
 79
2
 49
10.16
 49
-20.32
 53
30.0
 43
-8.7988181148
 44
2255.24
 45
6.9e-09
 46
30.4799999881
 79
2
 49
10.16
 49
-20.32
 53
90.0
 43
0.0
 44
2260.32
 45
-26.3964542936
 46
15.24
 79
2
 49
10.16
 49
-20.32
 53
90.0
 43
17.5976362296
 44
2260.32
 45
-26.3964542936
 46
15.24
 79
2
 49
10.16
 49
-20.32
 53
150.0
 43
0.0
 44
2240.0
 45
-26.3964543005
 46
-15.2399999881
 79
2
 49
10.16
 49
-20.32
 53
150.0
 43
-8.7988181148
 44
2255.24
 45
-26.3964543005
 46
-15.2399999881
 79
2
 49
10.16
 49
-20.32
 98
0
  0
TEXT
  5
255
330
17
100
AcDbEntity
  8
LABEL
100
AcDbText
 10
120.0
 20
2291.0
 30
0.0
 40
3.0
  1
V_BATTEN_FLOOR
  7
OpenSans
 11
120.0
 21
2291.0
 31
0.0
100
AcDbText
  0
LWPOLYLINE
  5
256
330
17
100
AcDbEntity
  8
FRAME
100
AcDbPolyline
 90
4
 70
1
 10
120.0
 20
2240.0
 10
212.0
 20
2240.0
 10
212.0
 20
2288.0
 10
120.0
 20
2288.0
  0
HATCH
  5
257
330
17
100
AcDbEntity
  8
HATCH
 62
7
100
AcDbHatch
 10
0.0
 20
0.0
 30
0.0
210
0.0
220
0.0
230
1.0
  2
V_BATTEN_FLOOR
 70
0
 71
0
 91
1
 92
3
 72
0
 73
1
 93
4
 10
120.0
 20
2240.0
 10
212.0
 20
2240.0
 10
212.0
 20
2288.0
 10
120.0
 20
2288.0
 97
0
 75
0
 76
1
 52
0.0
 41
1.0
 77
0
 78
1
 53
0.0
 43
120.0
 44
2240.0
 45
0.0
 46
15.0
 79
0
 98
0
  0
TEXT
  5
258
330
17
100
AcDbEntity
  8
LABEL
100
AcDbText
 10
240.0
 20
2291.0
 30
0.0
 40
3.0
  1
V_MASONRY200x100
  7
OpenSans
 11
240.0
 21
2291.0
 31
0.0
100
AcDbText
  0
LWPOLYLINE
  5
259
330
17
100
AcDbEntity
  8
FRAME
100
AcDbPolyline
 90
4
 70
1
 10
240.0
 20
2240.0
 10
332.0
 20
2240.0
 10
332.0
 20
2288.0
 10
240.0
 20
2288.0
  0
HATCH
  5
25A
330
17
100
AcDbEntity
  8
HATCH
 62
7
100
AcDbHatch
 10
0.0
 20
0.0
 30
0.0
210
0.0
220
0.0
230
1.0
  2
V_MASONRY200x100
 70
0
 71
0
 91
1
 92
3
 72
0
 73
1
 93
4
 10
240.0
 20
2240.0
 10
332.0
 20
2240.0
 10
332.0
 20
2288.0
 10
240.0
 20
2288.0
 97
0
 75
0
 76
1
 52
0.0
 41
1.0
 77
0
 78
2
 53
0.0
 43
240.0
 44
2240.0
 45
0.0
 46
10.0
 79
0
 53
90.0
 43
240.0
 44
2240.0
 45
-10.0
 46
10.0
 79
2
 49
10.0
 49
-10.0
 98
0
  0
TEXT
  5
25B
330
17
100
AcDbEntity
  8
LABEL
100
AcDbText
 10
360.0
 20
2291.0
 30
0.0
 40
3.0
  1
V_MASONRY200x60
  7
OpenSans
 11
360.0
 21
2291.0
 31
0.0
100
AcDbText
  0
LWPOLYLINE
  5
25C
330
17
100
AcDbEntity
  8
FRAME
100
AcDbPolyline
 90
4
 70
1
 10
360.0
 20
2240.0
 10
452.0
 20
2240.0
 10
452.0
 20
2288.0
 10
360.0
 20
2288.0
  0
HATCH
  5
25D
330
17
100
AcDbEntity
  8
HATCH
 62
7
100
AcDbHatch
 10
0.0
 20
0.0
 30
0.0
210
0.0
220
0.0
230
1.0
  2
V_MASONRY200x60
 70
0
 71
0
 91
1
 92
3
 72
0
 73
1
 93
4
 10
360.0
 20
2240.0
 10
452.0
 20
2240.0
 10
452.0
 20
2288.0
 10
360.0
 20
2288.0
 97
0
 75
0
 76
1
 52
0.0
 41
1.0
 77
0
 78
2
 53
0.0
 43
360.0
 44
2240.0
 45
0.0
 46
6.0
 79
0
 53
90.0
 43
360.0
 44
2240.0
 45
-10.0
 46
6.0
 79
2
 49
6.0
 49
-6.0
 98
0
  0
TEXT
  5
25E
330
17
100
AcDbEntity
  8
LABEL
100
AcDbText
 10
480.0
 20
2291.0
 30
0.0
 40
3.0
  1
V_MASONRY200x75
  7
OpenSans
 11
480.0
 21
2291.0
 31
0.0
100
AcDbText
  0
LWPOLYLINE
  5
25F
330
17
100
AcDbEntity
  8
FRAME
100
AcDbPolyline
 90
4
 70
1
 10
480.0
 20
2240.0
 10
572.0
 20
2240.0
 10
572.0
 20
2288.0
 10
480.0
 20
2288.0
  0
HATCH
  5
260
330
17
100
AcDbEntity
  8
HATCH
 62
7
100
AcDbHatch
 10
0.0
 20
0.0
 30
0.0
210
0.0
220
0.0
230
1.0
  2
V_MASONRY200x75
 70
0
 71
0
 91
1
 92
3
 72
0
 73
1
 93
4
 10
480.0
 20
2240.0
 10
572.0
 20
2240.0
 10
572.0
 20
2288.0
 10
480.0
 20
2288.0
 97
0
 75
0
 76
1
 52
0.0
 41
1.0
 77
0
 78
2
 53
0.0
 43
480.0
 44
2240.0
 45
0.0
 46
7.5
 79
0
 53
90.0
 43
480.0
 44
2240.0
 45
-10.0
 46
7.5
 79
2
 49
7.5
 49
-7.5
 98
0
  0
TEXT
  5
261
330
17
100
AcDbEntity
  8
LABEL
100
AcDbText
 10
600.0
 20
2291.0
 30
0.0
 40
3.0
  1
V_MASONRY220x80
  7
OpenSans
 11
600.0
 21
2291.0
 31
0.0
100
AcDbText
  0
LWPOLYLINE
  5
262
330
17
100
AcDbEntity
  8
FRAME
100
AcDbPolyline
 90
4
 70
1
 10
600.0
 20
2240.0
 10
692.0
 20
2240.0
 10
692.0
 20
2288.0
 10
600.0
 20
2288.0
  0
HATCH
  5
263
330
17
100
AcDbEntity
  8
HATCH
 62
7
100
AcDbHatch
 10
0.0
 20
0.0
 30
0.0
210
0.0
220
0.0
230
1.0
  2
V_MASONRY220x80
 70
0
 71
0
 91
1
 92
3
 72
0
 73
1
 93
4
 10
600.0
 20
2240.0
 10
692.0
 20
2240.0
 10
692.0
 20
2288.0
 10
600.0
 20
2288.0
 97
0
 75
0
 76
1
 52
0.0
 41
1.0
 77
0
 78
2
 53
0.0
 43
600.0
 44
2240.0
 45
0.0
 46
8.0
 79
0
 53
90.0
 43
600.0
 44
2240.0
 45
-11.0
 46
8.0
 79
2
 49
8.0
 49
-8.0
 98
0
  0
TEXT
  5
264
330
17
100
AcDbEntity
  8
LABEL
100
AcDbText
 10
0.0
 20
2379.0
 30
0.0
 40
3.0
  1
V_MASONRY300x100
  7
OpenSans
 11
0.0
 21
2379.0
 31
0.0
100
AcDbText
  0
LWPOLYLINE
  5
265
330
17
100
AcDbEntity
  8
FRAME
100
AcDbPolyline
 90
4
 70
1
 10
0.0
 20
2328.0
 10
92.0
 20
2328.0
 10
92.0
 20
2376.0
 10
0.0
 20
2376.0
  0
HATCH
  5
266
330
17
100
AcDbEntity
  8
HATCH
 62
7
100
AcDbHatch
 10
0.0
 20
0.0
 30
0.0
210
0.0
220
0.0
230
1.0
  2
V_MASONRY300x100
 70
0
 71
0
 91
1
 92
3
 72
0
 73
1
 93
4
 10
0.0
 20
2328.0
 10
92.0
 20
2328.0
 10
92.0
 20
2376.0
 10
0.0
 20
2376.0
 97
0
 75
0
 76
1
 52
0.0
 41
1.0
 77
0
 78
2
 53
0.0
 43
0.0
 44
2328.0
 45
0.0
 46
10.0
 79
0
 53
90.0
 43
0.0
 44
2328.0
 45
-15.0
 46
10.0
 79
2
 49
10.0
 49
-10.0
 98
0
  0
TEXT
  5
267
330
17
100
AcDbEntity
  8
LABEL
100
AcDbText
 10
120.0
 20
2379.0
 30
0.0
 40
3.0
  1
V_MASONRY300x150
  7
OpenSans
 11
120.0
 21
2379.0
 31
0.0
100
AcDbText
  0
LWPOLYLINE
  5
268
330
17
100
AcDbEntity
  8
FRAME
100
AcDbPolyline
 90
4
 70
1
 10
120.0
 20
2328.0
 10
212.0
 20
2328.0
 10
212.0
 20
2376.0
 10
120.0
 20
2376.0
  0
HATCH
  5
269
330
17
100
AcDbEntity
  8
HATCH
 62
7
100
AcDbHatch
 10
0.0
 20
0.0
 30
0.0
210
0.0
220
0.0
230
1.0
  2
V_MASONRY300x150
 70
0
 71
0
 91
1
 92
3
 72
0
 73
1
 93
4
 10
120.0
 20
2328.0
 10
212.0
 20
2328.0
 10
212.0
 20
2376.0
 10
120.0
 20
2376.0
 97
0
 75
0
 76
1
 52
0.0
 41
1.0
 77
0
 78
2
 53
0.0
 43
120.0
 44
2328.0
 45
0.0
 46
15.0
 79
0
 53
90.0
 43
120.0
 44
2328.0
 45
-15.0
 46
15.0
 79
2
 49
15.0
 49
-15.0
 98
0
  0
TEXT
  5
26A
330
17
100
AcDbEntity
  8
LABEL
100
AcDbText
 10
240.0
 20
2379.0
 30
0.0
 40
3.0
  1
V_MASONRY300x200
  7
OpenSans
 11
240.0
 21
2379.0
 31
0.0
100
AcDbText
  0
LWPOLYLINE
  5
26B
330
17
100
AcDbEntity
  8
FRAME
100
AcDbPolyline
 90
4
 70
1
 10
240.0
 20
2328.0
 10
332.0
 20
2328.0
 10
332.0
 20
2376.0
 10
240.0
 20
2376.0
  0
HATCH
  5
26C
330
17
100
AcDbEntity
  8
HATCH
 62
7
100
AcDbHatch
 10
0.0
 20
0.0
 30
0.0
210
0.0
220
0.0
230
1.0
  2
V_MASONRY300x200
 70
0
 71
0
 91
1
 92
3
 72
0
 73
1
 93
4
 10
240.0
 20
2328.0
 10
332.0
 20
2328.0
 10
332.0
 20
2376.0
 10
240.0
 20
2376.0
 97
0
 75
0
 76
1
 52
0.0
 41
1.0
 77
0
 78
2
 53
0.0
 43
240.0
 44
2328.0
 45
0.0
 46
20.0
 79
0
 53
90.0
 43
240.0
 44
2328.0
 45
-15.0
 46
20.0
 79
2
 49
20.0
 49
-20.0
 98
0
  0
TEXT
  5
26D
330
17
100
AcDbEntity
  8
LABEL
100
AcDbText
 10
360.0
 20
2379.0
 30
0.0
 40
3.0
  1
V_MASONRY300x75
  7
OpenSans
 11
360.0
 21
2379.0
 31
0.0
100
AcDbText
  0
LWPOLYLINE
  5
26E
330
17
100
AcDbEntity
  8
FRAME
100
AcDbPolyline
 90
4
 70
1
 10
360.0
 20
2328.0
 10
452.0
 20
2328.0
 10
452.0
 20
2376.0
 10
360.0
 20
2376.0
  0
HATCH
  5
26F
330
17
100
AcDbEntity
  8
HATCH
 62
7
100
AcDbHatch
 10
0.0
 20
0.0
 30
0.0
210
0.0
220
0.0
230
1.0
  2
V_MASONRY300x75
 70
0
 71
0
 91
1
 92
3
 72
0
 73
1
 93
4
 10
360.0
 20
2328.0
 10
452.0
 20
2328.0
 10
452.0
 20
2376.0
 10
360.0
 20
2376.0
 97
0
 75
0
 76
1
 52
0.0
 41
1.0
 77
0
 78
2
 53
0.0
 43
360.0
 44
2328.0
 45
0.0
 46
7.5
 79
0
 53
90.0
 43
360.0
 44
2328.0
 45
-15.0
 46
7.5
 79
2
 49
7.5
 49
-7.5
 98
0
  0
TEXT
  5
270
330
17
100
AcDbEntity
  8
LABEL
100
AcDbText
 10
480.0
 20
2379.0
 30
0.0
 40
3.0
  1
V_MASONRY400x100
  7
OpenSans
 11
480.0
 21
2379.0
 31
0.0
100
AcDbText
  0
LWPOLYLINE
  5
271
330
17
100
AcDbEntity
  8
FRAME
100
AcDbPolyline
 90
4
 70
1
 10
480.0
 20
2328.0
 10
572.0
 20
2328.0
 10
572.0
 20
2376.0
 10
480.0
 20
2376.0
  0
HATCH
  5
272
330
17
100
AcDbEntity
  8
HATCH
 62
7
100
AcDbHatch
 10
0.0
 20
0.0
 30
0.0
210
0.0
220
0.0
230
1.0
  2
V_MASONRY400x100
 70
0
 71
0
 91
1
 92
3
 72
0
 73
1
 93
4
 10
480.0
 20
2328.0
 10
572.0
 20
2328.0
 10
572.0
 20
2376.0
 10
480.0
 20
2376.0
 97
0
 75
0
 76
1
 52
0.0
 41
1.0
 77
0
 78
2
 53
0.0
 43
480.0
 44
2328.0
 45
0.0
 46
10.0
 79
0
 53
90.0
 43
480.0
 44
2328.0
 45
-20.0
 46
10.0
 79
2
 49
10.0
 49
-10.0
 98
0
  0
TEXT
  5
273
330
17
100
AcDbEntity
  8
LABEL
100
AcDbText
 10
600.0
 20
2379.0
 30
0.0
 40
3.0
  1
V_MASONRY400x200
  7
OpenSans
 11
600.0
 21
2379.0
 31
0.0
100
AcDbText
  0
LWPOLYLINE
  5
274
330
17
100
AcDbEntity
  8
FRAME
100
AcDbPolyline
 90
4
 70
1
 10
600.0
 20
2328.0
 10
692.0
 20
2328.0
 10
692.0
 20
2376.0
 10
600.0
 20
2376.0
  0
HATCH
  5
275
330
17
100
AcDbEntity
  8
HATCH
 62
7
100
AcDbHatch
 10
0.0
 20
0.0
 30
0.0
210
0.0
220
0.0
230
1.0
  2
V_MASONRY400x200
 70
0
 71
0
 91
1
 92
3
 72
0
 73
1
 93
4
 10
600.0
 20
2328.0
 10
692.0
 20
2328.0
 10
692.0
 20
2376.0
 10
600.0
 20
2376.0
 97
0
 75
0
 76
1
 52
0.0
 41
1.0
 77
0
 78
2
 53
0.0
 43
600.0
 44
2328.0
 45
0.0
 46
20.0
 79
0
 53
90.0
 43
600.0
 44
2328.0
 45
-20.0
 46
20.0
 79
2
 49
20.0
 49
-20.0
 98
0
  0
TEXT
  5
276
330
17
100
AcDbEntity
  8
LABEL
100
AcDbText
 10
0.0
 20
2467.0
 30
0.0
 40
3.0
  1
V_PARQUET
  7
OpenSans
 11
0.0
 21
2467.0
 31
0.0
100
AcDbText
  0
LWPOLYLINE
  5
277
330
17
100
AcDbEntity
  8
FRAME
100
AcDbPolyline
 90
4
 70
1
 10
0.0
 20
2416.0
 10
92.0
 20
2416.0
 10
92.0
 20
2464.0
 10
0.0
 20
2464.0
  0
HATCH
  5
278
330
17
100
AcDbEntity
  8
HATCH
 62
7
100
AcDbHatch
 10
0.0
 20
0.0
 30
0.0
210
0.0
220
0.0
230
1.0
  2
V_PARQUET
 70
0
 71
0
 91
1
 92
3
 72
0
 73
1
 93
4
 10
0.0
 20
2416.0
 10
92.0
 20
2416.0
 10
92.0
 20
2464.0
 10
0.0
 20
2464.0
 97
0
 75
0
 76
1
 52
0.0
 41
1.0
 77
0
 78
1
 53
0.0
 43
0.0
 44
2416.0
 45
0.0
 46
15.0
 79
0
 98
0
  0
TEXT
  5
279
330
17
100
AcDbEntity
  8
LABEL
100
AcDbText
 10
120.0
 20
2467.0
 30
0.0
 40
3.0
  1
V_STANDING_SEAM
  7
OpenSans
 11
120.0
 21
2467.0
 31
0.0
100
AcDbText
  0
LWPOLYLINE
  5
27A
330
17
100
AcDbEntity
  8
FRAME
100
AcDbPolyline
 90
4
 70
1
 10
120.0
 20
2416.0
 10
212.0
 20
2416.0
 10
212.0
 20
2464.0
 10
120.0
 20
2464.0
  0
HATCH
  5
27B
330
17
100
AcDbEntity
  8
HATCH
 62
7
100
AcDbHatch
 10
0.0
 20
0.0
 30
0.0
210
0.0
220
0.0
230
1.0
  2
V_STANDING_SEAM
 70
0
 71
0
 91
1
 92
3
 72
0
 73
1
 93
4
 10
120.0
 20
2416.0
 10
212.0
 20
2416.0
 10
212.0
 20
2464.0
 10
120.0
 20
2464.0
 97
0
 75
0
 76
1
 52
0.0
 41
1.0
 77
0
 78
2
 53
90.0
 43
120.0
 44
2416.0
 45
-55.0
 46
0.0
 79
0
 53
90.0
 43
122.0
 44
2416.0
 45
-55.0
 46
0.0
 79
0
 98
0
  0
TEXT
  5
27C
330
17
100
AcDbEntity
  8
LABEL
100
AcDbText
 10
240.0
 20
2467.0
 30
0.0
 40
3.0
  1
V_ZINC
  7
OpenSans
 11
240.0
 21
2467.0
 31
0.0
100
AcDbText
  0
LWPOLYLINE
  5
27D
330
17
100
AcDbEntity
  8
FRAME
100
AcDbPolyline
 90
4
 70
1
 10
240.0
 20
2416.0
 10
332.0
 20
2416.0
 10
332.0
 20
2464.0
 10
240.0
 20
2464.0
  0
HATCH
  5
27E
330
17
100
AcDbEntity
  8
HATCH
 62
7
100
AcDbHatch
 10
0.0
 20
0.0
 30
0.0
210
0.0
220
0.0
230
1.0
  2
V_ZINC
 70
0
 71
0
 91
1
 92
3
 72
0
 73
1
 93
4
 10
240.0
 20
2416.0
 10
332.0
 20
2416.0
 10
332.0
 20
2464.0
 10
240.0
 20
2464.0
 97
0
 75
0
 76
1
 52
0.0
 41
1.0
 77
0
 78
2
 53
90.0
 43
240.0
 44
2416.0
 45
-40.0
 46
0.0
 79
0
 53
90.0
 43
240.0
 44
2418.0
 45
-40.0
 46
0.0
 79
0
 98
0
  0
TEXT
  5
27F
330
17
100
AcDbEntity
  8
LABEL
100
AcDbText
 10
360.0
 20
2467.0
 30
0.0
 40
3.0
  1
WAFFLE
  7
OpenSans
 11
360.0
 21
2467.0
 31
0.0
100
AcDbText
  0
LWPOLYLINE
  5
280
330
17
100
AcDbEntity
  8
FRAME
100
AcDbPolyline
 90
4
 70
1
 10
360.0
 20
2416.0
 10
452.0
 20
2416.0
 10
452.0
 20
2464.0
 10
360.0
 20
2464.0
  0
HATCH
  5
281
330
17
100
AcDbEntity
  8
HATCH
 62
7
100
AcDbHatch
 10
0.0
 20
0.0
 30
0.0
210
0.0
220
0.0
230
1.0
  2
WAFFLE
 70
0
 71
0
 91
1
 92
3
 72
0
 73
1
 93
4
 10
360.0
 20
2416.0
 10
452.0
 20
2416.0
 10
452.0
 20
2464.0
 10
360.0
 20
2464.0
 97
0
 75
0
 76
1
 52
0.0
 41
1.0
 77
0
 78
4
 53
0.0
 43
368.89
 44
2422.35
 45
0.0
 46
15.24
 79
2
 49
12.7
 49
-2.54
 53
0.0
 43
368.89
 44
2424.89
 45
0.0
 46
15.24
 79
2
 49
12.7
 49
-2.54
 53
90.0
 43
366.35
 44
2424.89
 45
-15.24
 46
0.0
 79
2
 49
12.7
 49
-2.54
 53
90.0
 43
368.89
 44
2424.89
 45
-15.24
 46
0.0
 79
2
 49
12.7
 49
-2.54
 98
0
  0
TEXT
  5
282
330
17
100
AcDbEntity
  8
LABEL
100
AcDbText
 10
480.0
 20
2467.0
 30
0.0
 40
3.0
  1
WATER
  7
OpenSans
 11
480.0
 21
2467.0
 31
0.0
100
AcDbText
  0
LWPOLYLINE
  5
283
330
17
100
AcDbEntity
  8
FRAME
100
AcDbPolyline
 90
4
 70
1
 10
480.0
 20
2416.0
 10
572.0
 20
2416.0
 10
572.0
 20
2464.0
 10
480.0
 20
2464.0
  0
HATCH
  5
284
330
17
100
AcDbEntity
  8
HATCH
 62
7
100
AcDbHatch
 10
0.0
 20
0.0
 30
0.0
210
0.0
220
0.0
230
1.0
  2
WATER
 70
0
 71
0
 91
1
 92
3
 72
0
 73
1
 93
4
 10
480.0
 20
2416.0
 10
572.0
 20
2416.0
 10
572.0
 20
2464.0
 10
480.0
 20
2464.0
 97
0
 75
0
 76
1
 52
0.0
 41
1.0
 77
0
 78
5
 53
0.0
 43
480.0
 44
2416.0
 45
0.0
 46
20.32
 79
2
 49
4.064
 49
-16.256
 53
45.0
 43
488.128
 44
2418.032
 45
0.0
 46
20.3200000004
 79
2
 49
5.747363918
 49
-22.989455672
 53
135.0
 43
496.256
 44
2418.032
 45
-20.3200000004
 46
0.0
 79
2
 49
5.747363918
 49
-22.989455672
 53
26.5650512
 43
484.064
 44
2416.0
 45
20.3199999955
 46
1.72e-08
 79
2
 49
4.543552
 49
-40.8933492926
 53
333.4349488
 43
496.256
 44
2418.032
 45
20.3199999955
 46
-1.72e-08
 79
2
 49
4.543552
 49
-40.8933492926
 98
0
  0
TEXT
  5
285
330
17
100
AcDbEntity
  8
LABEL
100
AcDbText
 10
600.0
 20
2467.0
 30
0.0
 40
3.0
  1
WOOD1  s=0.906
  7
OpenSans
 11
600.0
 21
2467.0
 31
0.0
100
AcDbText
  0
LWPOLYLINE
  5
286
330
17
100
AcDbEntity
  8
FRAME
100
AcDbPolyline
 90
4
 70
1
 10
600.0
 20
2416.0
 10
692.0
 20
2416.0
 10
692.0
 20
2464.0
 10
600.0
 20
2464.0
  0
HATCH
  5
287
330
17
100
AcDbEntity
  8
HATCH
 62
7
100
AcDbHatch
 10
0.0
 20
0.0
 30
0.0
210
0.0
220
0.0
230
1.0
  2
WOOD1
 70
0
 71
0
 91
1
 92
3
 72
0
 73
1
 93
4
 10
600.0
 20
2416.0
 10
692.0
 20
2416.0
 10
692.0
 20
2464.0
 10
600.0
 20
2464.0
 97
0
 75
0
 76
1
 52
0.0
 41
0.906
 77
0
 78
3
 53
216.8699
 43
607.363968
 44
2434.40992
 45
55.2297584872
 46
36.8198422693
 79
2
 49
9.20496
 49
-82.84464
 53
206.5651
 43
618.40992
 44
2428.886944
 45
-18.4099044978
 46
-18.4099441059
 79
2
 49
20.5829164973
 49
-20.5829164973
 53
198.4349
 43
618.40992
 44
2419.681984
 45
-36.8198480008
 46
-18.4098906035
 79
2
 49
11.6434643635
 49
-46.5738206342
 98
0
  0
TEXT
  5
288
330
17
100
AcDbEntity
  8
LABEL
100
AcDbText
 10
0.0
 20
2555.0
 30
0.0
 40
3.0
  1
WOOD2  s=0.166
  7
OpenSans
 11
0.0
 21
2555.0
 31
0.0
100
AcDbText
  0
LWPOLYLINE
  5
289
330
17
100
AcDbEntity
  8
FRAME
100
AcDbPolyline
 90
4
 70
1
 10
0.0
 20
2504.0
 10
92.0
 20
2504.0
 10
92.0
 20
2552.0
 10
0.0
 20
2552.0
  0
HATCH
  5
28A
330
17
100
AcDbEntity
  8
HATCH
 62
7
100
AcDbHatch
 10
0.0
 20
0.0
 30
0.0
210
0.0
220
0.0
230
1.0
  2
WOOD2
 70
0
 71
0
 91
1
 92
3
 72
0
 73
1
 93
4
 10
0.0
 20
2504.0
 10
92.0
 20
2504.0
 10
92.0
 20
2552.0
 10
0.0
 20
2552.0
 97
0
 75
0
 76
1
 52
0.0
 41
0.166
 77
0
 78
8
 53
108.4349
 43
0.8770112
 44
2504.0
 45
-3.3731146139
 46
6.7462414659
 79
2
 49
1.2800079658
 49
-9.3867318285
 53
139.3987
 43
0.4722368
 44
2505.2143232
 45
-20.2387166881
 46
16.8656014209
 79
2
 49
0.6219729699
 49
-30.4766586605
 53
136.8476
 43
3.37312
 44
2505.6190976
 45
-50.5967916937
 46
47.223689559
 79
2
 49
1.4795651181
 49
-72.4987312634
 53
109.9831
 43
2.2937216
 44
2506.6310336
 45
-10.1193581583
 46
26.9849622223
 79
2
 49
0.7896271533
 49
-38.6917305107
 53
90.0
 43
2.023872
 44
2504.0
 45
-3.37312
 46
3.37312
 79
2
 49
0.674624
 49
-2.698496
 53
118.4429
 43
2.023872
 44
2504.674624
 45
23.6118192179
 46
-43.850572703
 79
2
 49
1.8413659693
 49
-90.2268920173
 53
84.2894
 43
1.1468608
 44
2506.2937216
 45
-3.3731244345
 46
-30.3580780554
 79
2
 49
0.6779903738
 49
-33.2214473594
 53
129.8056
 43
1.2143232
 44
2506.9683456
 45
13.4924882054
 46
-16.8655934605
 79
2
 49
0.5268982096
 49
-25.8180122704
 98
0
  0
TEXT
  5
28B
330
17
100
AcDbEntity
  8
LABEL
100
AcDbText
 10
120.0
 20
2555.0
 30
0.0
 40
3.0
  1
WOOD3  s=0.174
  7
OpenSans
 11
120.0
 21
2555.0
 31
0.0
100
AcDbText
  0
LWPOLYLINE
  5
28C
330
17
100
AcDbEntity
  8
FRAME
100
AcDbPolyline
 90
4
 70
1
 10
120.0
 20
2504.0
 10
212.0
 20
2504.0
 10
212.0
 20
2552.0
 10
120.0
 20
2552.0
  0
HATCH
  5
28D
330
17
100
AcDbEntity
  8
HATCH
 62
7
100
AcDbHatch
 10
0.0
 20
0.0
 30
0.0
210
0.0
220
0.0
230
1.0
  2
WOOD3
 70
0
 71
0
 91
1
 92
3
 72
0
 73
1
 93
4
 10
120.0
 20
2504.0
 10
212.0
 20
2504.0
 10
212.0
 20
2552.0
 10
120.0
 20
2552.0
 97
0
 75
0
 76
1
 52
0.0
 41
0.174
 77
0
 78
55
 53
355.2364
 43
120.0
 44
2505.6529304
 45
-106.9543292012
 46
9.723037671
 79
2
 49
1.1708192179
 49
-115.9110539585
 53
11.3099
 43
121.1667744
 44
2505.5556992
 45
38.892487314
 46
9.7230969772
 79
2
 49
1.4873553895
 49
-48.0910279529
 53
45.0
 43
122.6252424
 44
2505.8473928
 45
0.0
 46
9.7231230088
 79
2
 49
1.1000446274
 49
-12.6505180771
 53
46.8476
 43
123.403092
 44
2506.6252424
 45
136.1237075542
 46
145.8467760569
 79
2
 49
2.132445509
 49
-211.1122220724
 53
12.9946
 43
124.86156
 44
2508.1809416
 45
-87.5080874649
 46
-19.4462164465
 79
2
 49
1.297229501
 49
-128.4253705706
 53
0.0
 43
126.1255656
 44
2508.4726352
 45
9.72312
 46
9.72312
 79
2
 49
2.43078
 49
-7.29234
 53
350.5377
 43
128.5563456
 44
2508.4726352
 45
-48.6156075227
 46
9.7231019072
 79
2
 49
1.1828661636
 49
-57.9605586938
 53
354.2894
 43
120.0
 44
2508.2781728
 45
-87.5080743946
 46
9.7231327827
 79
2
 49
0.9771638369
 49
-96.7389864962
 53
0.0
 43
120.972312
 44
2508.1809416
 45
9.72312
 46
9.72312
 79
2
 49
1.458468
 49
-8.264652
 53
28.3008
 43
122.43078
 44
2508.1809416
 45
106.9542725489
 46
58.338806285
 79
2
 49
1.4355992218
 49
-142.124546586
 53
52.125
 43
123.6947856
 44
2508.86156
 45
-38.8924981326
 46
-48.6155912432
 79
2
 49
2.2172116692
 49
-108.6434106833
 53
39.2894
 43
125.0560224
 44
2510.6117216
 45
58.3387262187
 46
48.615596421
 79
2
 49
1.3819178762
 49
-136.8095877773
 53
6.3402
 43
126.1255656
 44
2511.4868024
 45
77.7849541915
 46
9.7231353524
 79
2
 49
1.760934817
 49
-86.2856601842
 53
348.1113
 43
127.8757272
 44
2511.6812648
 45
-136.1236537578
 46
29.1694624355
 79
2
 49
1.8878895948
 49
-186.9009532078
 53
353.2902
 43
120.0
 44
2511.29234
 45
87.5080897012
 46
-9.7230605066
 79
2
 49
1.6643258966
 49
-164.7686721384
 53
3.3665
 43
121.6529304
 44
2511.0978776
 45
155.5699134074
 46
9.723226598
 79
2
 49
1.6557889973
 49
-163.9229843302
 53
33.6901
 43
123.3058608
 44
2511.1951088
 45
-19.4462357002
 46
-9.7231329756
 79
2
 49
1.7528646274
 49
-33.3043501349
 53
47.4896
 43
124.7643288
 44
2512.1674208
 45
97.2311097534
 46
106.9544043371
 79
2
 49
1.5828072586
 49
-156.6981130598
 53
14.9314
 43
125.833872
 44
2513.3341952
 45
106.9543252011
 46
29.1693303832
 79
2
 49
1.509436595
 49
-149.433979831
 53
0.0
 43
127.29234
 44
2513.72312
 45
9.72312
 46
9.72312
 79
2
 49
1.1667744
 49
-8.5563456
 53
347.0054
 43
128.4591144
 44
2513.72312
 45
87.5080874649
 46
-19.4462164465
 79
2
 49
1.297229501
 49
-128.4253705706
 53
0.0
 43
123.0141672
 44
2504.0
 45
9.72312
 46
9.72312
 79
2
 49
0.0
 49
-9.72312
 53
223.1524
 43
124.375404
 44
2505.458468
 45
145.8467760569
 46
136.1237075542
 79
2
 49
2.132445509
 49
-211.1122220724
 53
206.5651
 43
122.8197048
 44
2513.72312
 45
-9.7231118126
 46
-9.7231327314
 79
2
 49
0.8696650222
 49
-20.87189247
 53
188.1301
 43
122.0418552
 44
2513.3341952
 45
-58.3387178265
 46
-9.7231137365
 79
2
 49
1.3750533535
 49
-67.3777796155
 53
156.8014
 43
120.6806184
 44
2513.1397328
 45
-48.6155973812
 46
19.4462528857
 79
2
 49
0.740493373
 49
-73.3085813988
 53
26.5651
 43
124.375404
 44
2505.458468
 45
9.7231118126
 46
9.7231327314
 79
2
 49
1.0870739854
 49
-20.6544835068
 53
6.7098
 43
125.347716
 44
2505.944624
 45
-87.5080897012
 46
-9.7230605066
 79
2
 49
1.6643258966
 49
-164.7686721384
 53
349.8753
 43
127.0006464
 44
2506.1390864
 45
165.2930282316
 46
-29.1694435082
 79
2
 49
2.7655372985
 49
-273.7884356275
 53
349.6952
 43
120.0
 44
2504.5833872
 45
58.3387293424
 46
-9.7230701742
 79
2
 49
1.0870739854
 49
-107.6207037523
 53
15.5241
 43
121.0695432
 44
2504.3889248
 45
-106.9543299626
 46
-29.1693383914
 79
2
 49
1.8164246628
 49
-179.8264402651
 53
42.8789
 43
122.8197048
 44
2504.8750808
 45
-126.4005677099
 46
-116.6774376008
 79
2
 49
1.857602076
 49
-183.9023429998
 53
34.6952
 43
124.1809416
 44
2506.1390864
 45
97.2311441794
 46
68.0619237121
 79
2
 49
1.5373613957
 49
-152.1986614949
 53
9.4623
 43
125.4449472
 44
2507.0141672
 45
48.6156075227
 46
9.7231019072
 79
2
 49
1.774304107
 49
-57.3691304736
 53
353.4181
 43
127.1951088
 44
2507.3058608
 45
-165.2930539812
 46
19.4461106861
 79
2
 49
2.544783582
 49
-251.9336232336
 53
351.8699
 43
120.0
 44
2507.0141672
 45
-58.3387178265
 46
9.7231137365
 79
2
 49
1.3750533535
 49
-67.3777796155
 53
11.3099
 43
121.3612368
 44
2506.8197048
 45
38.892487314
 46
9.7230969772
 79
2
 49
1.4873553895
 49
-48.0910279529
 53
42.5104
 43
122.8197048
 44
2507.1113984
 45
-106.9544043371
 46
-97.2311097534
 79
2
 49
1.5828072586
 49
-156.6981130598
 53
45.0
 43
123.9864792
 44
2508.1809416
 45
0.0
 46
9.7231230088
 79
2
 49
1.7875761658
 49
-11.9629962619
 53
17.354
 43
125.2504848
 44
2509.4449472
 45
-126.4005796319
 46
-38.8924265448
 79
2
 49
1.6298963287
 49
-161.3592990029
 53
356.6335
 43
126.806184
 44
2509.9311032
 45
-155.5699134074
 46
9.723226598
 79
2
 49
1.6557889973
 49
-163.9229843302
 53
342.8973
 43
128.4591144
 44
2509.833872
 45
97.2312168303
 46
-29.1693161821
 79
2
 49
1.3224901668
 49
-130.9262445427
 53
351.2538
 43
120.0
 44
2509.4449472
 45
68.0618335473
 46
-9.7231608085
 79
2
 49
1.2788722505
 49
-126.608800061
 53
14.9314
 43
121.2640056
 44
2509.2504848
 45
106.9543252011
 46
29.1693303832
 79
2
 49
1.509436595
 49
-149.433979831
 53
32.0054
 43
122.7224736
 44
2509.6394096
 45
-48.61558974
 46
-29.1693707477
 79
2
 49
1.8345582816
 49
-89.8931807822
 53
49.8991
 43
124.2781728
 44
2510.6117216
 45
-106.9543011351
 46
-126.4005787612
 79
2
 49
2.4151743924
 49
-239.1021190008
 53
15.9454
 43
125.833872
 44
2512.4591144
 45
-38.8924812315
 46
-9.7231189236
 79
2
 49
1.4157057182
 49
-69.369677425
 53
353.991
 43
127.1951088
 44
2512.8480392
 45
97.231197578
 46
-9.7231133638
 79
2
 49
1.857602076
 49
-183.9023429998
 53
336.8014
 43
129.0425016
 44
2512.6535768
 45
48.6155973812
 46
-19.4462528857
 79
2
 49
0.740493373
 49
-73.3085813988
 53
350.5377
 43
120.0
 44
2512.3618832
 45
-48.6156075227
 46
9.7231019072
 79
2
 49
1.1828661636
 49
-57.9605586938
 53
10.008
 43
121.1667744
 44
2512.1674208
 45
106.9543156691
 46
19.4462737602
 79
2
 49
1.6784730362
 49
-166.168606956
 53
37.4054
 43
122.8197048
 44
2512.4591144
 45
126.4004867361
 46
97.2312967705
 79
2
 49
2.0808351881
 49
-206.003014206
 53
29.0546
 43
124.4726352
 44
2504.0
 45
68.0618437392
 46
38.8924802645
 79
2
 49
1.0010535427
 49
-99.1045924229
 53
10.7843
 43
125.347716
 44
2504.486156
 45
-155.5699151744
 46
-29.1693653446
 79
2
 49
2.0785697011
 49
-205.778001763
 53
352.875
 43
127.3895712
 44
2504.8750808
 45
-68.0618436933
 46
9.7231032946
 79
2
 49
2.3517115882
 49
-76.0385904168
 98
0
  0
TEXT
  5
28E
330
17
100
AcDbEntity
  8
LABEL
100
AcDbText
 10
240.0
 20
2555.0
 30
0.0
 40
3.0
  1
WOOD4  s=0.15
  7
OpenSans
 11
240.0
 21
2555.0
 31
0.0
100
AcDbText
  0
LWPOLYLINE
  5
28F
330
17
100
AcDbEntity
  8
FRAME
100
AcDbPolyline
 90
4
 70
1
 10
240.0
 20
2504.0
 10
332.0
 20
2504.0
 10
332.0
 20
2552.0
 10
240.0
 20
2552.0
  0
HATCH
  5
290
330
17
100
AcDbEntity
  8
HATCH
 62
7
100
AcDbHatch
 10
0.0
 20
0.0
 30
0.0
210
0.0
220
0.0
230
1.0
  2
WOOD4
 70
0
 71
0
 91
1
 92
3
 72
0
 73
1
 93
4
 10
240.0
 20
2504.0
 10
332.0
 20
2504.0
 10
332.0
 20
2552.0
 10
240.0
 20
2552.0
 97
0
 75
0
 76
1
 52
0.0
 41
0.15
 77
0
 78
92
 53
349.6952
 43
242.59842
 44
2510.45414
 45
50.2920080538
 46
-8.3819570467
 79
2
 49
0.937132746
 49
-92.776468752
 53
0.0
 43
243.52044
 44
2510.2865
 45
8.382
 46
8.382
 79
2
 49
0.92202
 49
-7.45998
 53
18.4349
 43
244.44246
 44
2510.2865
 45
16.7640036428
 46
8.3819866158
 79
2
 49
0.795183576
 49
-25.711022238
 53
172.875
 43
245.19684
 44
2510.53796
 45
58.6740031839
 46
-8.3819855988
 79
2
 49
0.675781986
 49
-66.90206457
 53
174.8056
 43
244.52627999999999
 44
2510.62178
 45
83.8200056163
 46
-8.3819599734
 79
2
 49
0.925825428
 49
-91.656390474
 53
194.0362
 43
243.60426
 44
2510.7056
 45
-25.1460045765
 46
-8.3819837168
 79
2
 49
1.036794726
 49
-33.523071384
 53
9.4623
 43
243.26898
 44
2510.45414
 45
41.9100064851
 46
8.3819844028
 79
2
 49
0.509860296
 49
-50.47585917
 53
353.6598
 43
243.7719
 44
2510.53796
 45
-67.0559949926
 46
8.3820132348
 79
2
 49
0.759023628
 49
-75.143213442
 53
185.7106
 43
244.52627999999999
 44
2510.45414
 45
-75.4379951677
 46
-8.3820110195
 79
2
 49
0.842382618
 49
-83.395678014
 53
168.6901
 43
243.68808
 44
2510.37032
 45
33.5280063052
 46
-8.3819801528
 79
2
 49
0.42739818
 49
-42.312579078
 53
354.8056
 43
241.84404
 44
2510.37032
 45
-83.8200056163
 46
8.3819599734
 79
2
 49
0.925825428
 49
-91.656390474
 53
348.6901
 43
242.76606
 44
2510.2865
 45
-33.5280063052
 46
8.3819801528
 79
2
 49
0.85479636
 49
-41.885180898
 53
0.0
 43
243.60426
 44
2510.11886
 45
8.382
 46
8.382
 79
2
 49
1.00584
 49
-7.37616
 53
20.556
 43
244.6101
 44
2510.11886
 45
41.9100154609
 46
16.763966442
 79
2
 49
0.71615808
 49
-70.899683448
 53
3.8141
 43
245.28066
 44
2510.37032
 45
117.34799448
 46
8.3820513312
 79
2
 49
1.260091206
 49
-124.748995866
 53
354.8056
 43
246.53796
 44
2510.45414
 45
-83.8200056163
 46
8.3819599734
 79
2
 49
0.925825428
 49
-91.656390474
 53
0.0
 43
247.45998
 44
2510.37032
 45
8.382
 46
8.382
 79
2
 49
0.92202
 49
-7.45998
 53
5.1944
 43
240.0
 44
2510.37032
 45
83.8200056163
 46
8.3819599734
 79
2
 49
0.925825428
 49
-91.656390474
 53
354.8056
 43
240.92202
 44
2510.45414
 45
-83.8200056163
 46
8.3819599734
 79
2
 49
0.925825428
 49
-91.656390474
 53
0.0
 43
240.0
 44
2510.53796
 45
8.382
 46
8.382
 79
2
 49
0.50292
 49
-7.87908
 53
5.1944
 43
240.50292
 44
2510.53796
 45
83.8200056163
 46
8.3819599734
 79
2
 49
0.925825428
 49
-91.656390474
 53
0.0
 43
241.42494
 44
2510.62178
 45
8.382
 46
8.382
 79
2
 49
0.8382
 49
-7.5438
 53
10.3048
 43
242.26314
 44
2510.62178
 45
-50.2920080538
 46
-8.3819570467
 79
2
 49
0.937132746
 49
-92.776468752
 53
5.1944
 43
243.18516
 44
2510.78942
 45
83.8200056163
 46
8.3819599734
 79
2
 49
0.925825428
 49
-91.656390474
 53
354.8056
 43
244.10718
 44
2510.87324
 45
-83.8200056163
 46
8.3819599734
 79
2
 49
0.925825428
 49
-91.656390474
 53
354.8056
 43
245.0292
 44
2510.78942
 45
-83.8200056163
 46
8.3819599734
 79
2
 49
0.925825428
 49
-91.656390474
 53
351.8699
 43
245.95122
 44
2510.7056
 45
-50.2919981263
 46
8.3819946004
 79
2
 49
1.185390822
 49
-58.084292772
 53
0.0
 43
247.1247
 44
2510.53796
 45
8.382
 46
8.382
 79
2
 49
1.2573
 49
-7.1247
 53
347.4712
 43
246.78942
 44
2505.50876
 45
41.9100026857
 46
-8.3819966727
 79
2
 49
0.77277849
 49
-76.505439318
 53
354.2894
 43
247.5438
 44
2505.34112
 45
-75.4379951677
 46
8.3820110195
 79
2
 49
0.842382618
 49
-83.395678014
 53
8.1301
 43
246.78942
 44
2505.50876
 45
50.2919981263
 46
8.3819946004
 79
2
 49
0.592699602
 49
-58.676992374
 53
9.4623
 43
247.37616
 44
2505.59258
 45
41.9100064851
 46
8.3819844028
 79
2
 49
1.01971221
 49
-49.965998874
 53
0.0
 43
240.0
 44
2505.76022
 45
8.382
 46
8.382
 79
2
 49
1.00584
 49
-7.37616
 53
350.5377
 43
241.00584
 44
2505.76022
 45
-41.9100064851
 46
8.3819844028
 79
2
 49
0.509860296
 49
-50.47585917
 53
201.8014
 43
241.50876
 44
2505.6764
 45
25.1460022884
 46
8.3819992498
 79
2
 49
0.451387464
 49
-44.687065566
 53
192.9946
 43
241.08966
 44
2505.50876
 45
75.4380064353
 46
16.7639796953
 79
2
 49
1.118301294
 49
-110.711526354
 53
352.875
 43
247.71144
 44
2505.50876
 45
-58.6740031839
 46
8.3819855988
 79
2
 49
0.675781986
 49
-66.90206457
 53
7.125
 43
247.71144
 44
2505.50876
 45
58.6740031839
 46
8.3819855988
 79
2
 49
0.675781986
 49
-66.90206457
 53
0.0
 43
240.0
 44
2505.59258
 45
8.382
 46
8.382
 79
2
 49
0.67056
 49
-7.71144
 53
194.0362
 43
240.67056
 44
2505.59258
 45
-25.1460045765
 46
-8.3819837168
 79
2
 49
0.691196484
 49
-33.868678008
 53
356.6335
 43
241.84404
 44
2505.84404
 45
-134.1119943167
 46
8.3820918948
 79
2
 49
1.427404308
 49
-141.312917526
 53
357.7094
 43
243.26898
 44
2505.76022
 45
-201.1680010827
 46
8.3819644027
 79
2
 49
2.0971764
 49
-207.620396544
 53
3.1798
 43
245.36448000000001
 44
2505.6764
 45
142.4940042136
 46
8.3819249168
 79
2
 49
1.511090196
 49
-149.597568978
 53
9.4623
 43
246.87324
 44
2505.76022
 45
41.9100064851
 46
8.3819844028
 79
2
 49
1.529572506
 49
-49.45614696
 53
10.3048
 43
240.0
 44
2505.00584
 45
-50.2920080538
 46
-8.3819570467
 79
2
 49
0.937132746
 49
-92.776468752
 53
15.9454
 43
240.92202
 44
2505.17348
 45
-33.5280010616
 46
-8.3819990721
 79
2
 49
1.220435964
 49
-59.801446056
 53
0.0
 43
242.0955
 44
2505.50876
 45
8.382
 46
8.382
 79
2
 49
1.08966
 49
-7.29234
 53
351.8699
 43
243.18516
 44
2505.50876
 45
-50.2919981263
 46
8.3819946004
 79
2
 49
1.185390822
 49
-58.084292772
 53
3.5763
 43
244.35864
 44
2505.34112
 45
125.7300054846
 46
8.3819221927
 79
2
 49
1.343735184
 49
-133.029942474
 53
351.2538
 43
245.69976
 44
2505.42494
 45
58.6739944373
 46
-8.3820351797
 79
2
 49
1.102476078
 49
-109.145517294
 53
345.9638
 43
246.78942
 44
2505.2573
 45
-25.1460045765
 46
8.3819837168
 79
2
 49
1.036794726
 49
-33.523071384
 53
0.0
 43
247.79526
 44
2505.00584
 45
8.382
 46
8.382
 79
2
 49
0.58674
 49
-7.79526
 53
174.8056
 43
241.84404
 44
2505.84404
 45
83.8200056163
 46
-8.3819599734
 79
2
 49
1.851642474
 49
-90.730573428
 53
355.2364
 43
240.0
 44
2506.34696
 45
-92.202007932
 46
8.3819290268
 79
2
 49
2.018653824
 49
-98.913995466
 53
0.0
 43
242.01168
 44
2506.17932
 45
8.382
 46
8.382
 79
2
 49
1.92786
 49
-6.45414
 53
4.0856
 43
243.93954
 44
2506.17932
 45
108.966001249
 46
8.3819675814
 79
2
 49
2.352936366
 49
-115.29403281
 53
0.0
 43
246.2865
 44
2506.34696
 45
8.382
 46
8.382
 79
2
 49
2.0955
 49
-6.2865
 53
7.125
 43
240.0
 44
2504.58674
 45
58.6740031839
 46
8.3819855988
 79
2
 49
2.027337576
 49
-65.55050898
 53
6.3402
 43
242.01168
 44
2504.8382
 45
67.0559949926
 46
8.3820132348
 79
2
 49
1.518047256
 49
-74.384189814
 53
357.5104
 43
243.52044
 44
2505.00584
 45
-184.4039956389
 46
8.3821497467
 79
2
 49
1.929678894
 49
-191.038453584
 53
353.4802
 43
245.4483
 44
2504.92202
 45
-217.9319982471
 46
25.1459960206
 79
2
 49
2.952794196
 49
-292.326876864
 53
3.0128
 43
240.0
 44
2510.03504
 45
150.876000098
 46
8.3820344071
 79
2
 49
1.594784466
 49
-157.88364537
 53
351.8699
 43
241.59258
 44
2510.11886
 45
-50.2919981263
 46
8.3819946004
 79
2
 49
1.778090424
 49
-57.491601552
 53
357.6141
 43
243.3528
 44
2509.8674
 45
-192.7860043911
 46
8.3818555828
 79
2
 49
2.013423456
 49
-199.329123312
 53
10.6197
 43
245.36448000000001
 44
2509.78358
 45
-92.2019866275
 46
-16.7640677527
 79
2
 49
1.364489016
 49
-135.084580224
 53
0.0
 43
246.7056
 44
2510.03504
 45
8.382
 46
8.382
 79
2
 49
1.6764
 49
-6.7056
 53
356.8202
 43
240.0
 44
2511.04088
 45
-142.4940042136
 46
8.3819249168
 79
2
 49
1.511090196
 49
-149.597568978
 53
6.009
 43
241.50876
 44
2510.95706
 45
-83.8199979121
 46
-8.3819942791
 79
2
 49
1.6013811
 49
-158.536502586
 53
6.7098
 43
243.10134
 44
2511.1247
 45
-75.4380083631
 46
-8.3819487126
 79
2
 49
1.434763704
 49
-142.04195874
 53
354.2894
 43
244.52627999999999
 44
2511.29234
 45
-75.4379951677
 46
8.3820110195
 79
2
 49
1.684765236
 49
-82.553295396
 53
347.9052
 43
246.20268
 44
2511.1247
 45
-75.4379882787
 46
16.7640564401
 79
2
 49
1.200117996
 49
-118.811857626
 53
9.4623
 43
247.37616
 44
2510.87324
 45
41.9100064851
 46
8.3819844028
 79
2
 49
1.01971221
 49
-49.965998874
 53
3.8141
 43
240.0
 44
2509.4483
 45
117.34799448
 46
8.3820513312
 79
2
 49
1.260091206
 49
-124.748995866
 53
347.1957
 43
241.2573
 44
2509.53212
 45
-108.9659819526
 46
25.1460619235
 79
2
 49
1.89106302
 49
-187.215473676
 53
0.0
 43
243.10134
 44
2509.11302
 45
8.382
 46
8.382
 79
2
 49
2.0955
 49
-6.2865
 53
5.4403
 43
245.19684
 44
2509.11302
 45
-92.2020026169
 46
-8.3819444378
 79
2
 49
1.7681829
 49
-175.050299886
 53
6.7098
 43
246.95706
 44
2509.28066
 45
-75.4380083631
 46
-8.3819487126
 79
2
 49
1.434763704
 49
-142.04195874
 53
0.0
 43
240.0
 44
2511.62762
 45
8.382
 46
8.382
 79
2
 49
1.42494
 49
-6.95706
 53
8.1301
 43
241.42494
 44
2511.62762
 45
50.2919981263
 46
8.3819946004
 79
2
 49
2.370790026
 49
-56.89890195
 53
357.6141
 43
243.7719
 44
2511.9629
 45
-192.7860043911
 46
8.3818555828
 79
2
 49
2.013423456
 49
-199.329123312
 53
354.4725
 43
245.78358
 44
2511.87908
 45
176.022014412
 46
-16.7638774524
 79
2
 49
2.610557136
 49
-258.44534925
 53
6.8428
 43
240.0
 44
2504.0
 45
-142.4939946814
 46
-16.7640670386
 79
2
 49
2.110537308
 49
-208.942833066
 53
0.0
 43
242.0955
 44
2504.25146
 45
8.382
 46
8.382
 79
2
 49
2.34696
 49
-6.03504
 53
356.3478
 43
244.44246
 44
2504.25146
 45
-259.8420078976
 46
16.7638935363
 79
2
 49
3.947553192
 49
-390.808159962
 53
0.0
 43
240.0
 44
2506.9337
 45
8.382
 46
8.382
 79
2
 49
2.01168
 49
-6.37032
 53
4.7636
 43
242.01168
 44
2506.9337
 45
92.202007932
 46
8.3819290268
 79
2
 49
2.018653824
 49
-98.913995466
 53
358.1524
 43
244.02336
 44
2507.10134
 45
-251.4600038918
 46
8.381952556
 79
2
 49
2.599769502
 49
-257.377390248
 53
357.2737
 43
246.62178
 44
2507.01752
 45
-167.6400024725
 46
8.3819666206
 79
2
 49
1.762214916
 49
-174.459243156
 53
354.8056
 43
240.0
 44
2508.27482
 45
-83.8200056163
 46
8.3819599734
 79
2
 49
1.851642474
 49
-90.730573428
 53
0.0
 43
241.84404
 44
2508.10718
 45
8.382
 46
8.382
 79
2
 49
2.68224
 49
-5.69976
 53
1.9092
 43
244.52627999999999
 44
2508.10718
 45
243.0779918827
 46
8.3822031887
 79
2
 49
2.515999794
 49
-249.08366109
 53
3.5763
 43
247.04088
 44
2508.191
 45
125.7300054846
 46
8.3819221927
 79
2
 49
1.343735184
 49
-133.029942474
 98
0
  0
TEXT
  5
291
330
17
100
AcDbEntity
  8
LABEL
100
AcDbText
 10
360.0
 20
2555.0
 30
0.0
 40
3.0
  1
ZIGZAG
  7
OpenSans
 11
360.0
 21
2555.0
 31
0.0
100
AcDbText
  0
LWPOLYLINE
  5
292
330
17
100
AcDbEntity
  8
FRAME
100
AcDbPolyline
 90
4
 70
1
 10
360.0
 20
2504.0
 10
452.0
 20
2504.0
 10
452.0
 20
2552.0
 10
360.0
 20
2552.0
  0
HATCH
  5
293
330
17
100
AcDbEntity
  8
HATCH
 62
7
100
AcDbHatch
 10
0.0
 20
0.0
 30
0.0
210
0.0
220
0.0
230
1.0
  2
ZIGZAG
 70
0
 71
0
 91
1
 92
3
 72
0
 73
1
 93
4
 10
360.0
 20
2504.0
 10
452.0
 20
2504.0
 10
452.0
 20
2552.0
 10
360.0
 20
2552.0
 97
0
 75
0
 76
1
 52
0.0
 41
1.0
 77
0
 78
2
 53
0.0
 43
360.0
 44
2504.0
 45
6.35
 46
6.35
 79
2
 49
6.35
 49
-6.35
 53
90.0
 43
366.35
 44
2504.0
 45
-6.35
 46
6.35
 79
2
 49
6.35
 49
-6.35
 98
0
  0
TEXT
  5
294
330
17
100
AcDbEntity
  8
TITLE
100
AcDbText
 10
0.0
 20
2620.0
 30
0.0
 40
5.0
  1
Gradient preview semantics
  7
OpenSans
 11
0.0
 21
2620.0
 31
0.0
100
AcDbText
  0
LWPOLYLINE
  5
295
330
17
100
AcDbEntity
  8
FRAME
100
AcDbPolyline
 90
4
 70
1
 10
0.0
 20
2632.0
 10
92.0
 20
2632.0
 10
92.0
 20
2680.0
 10
0.0
 20
2680.0
  0
HATCH
  5
296
330
17
100
AcDbEntity
  8
HATCH
 62
1
100
AcDbHatch
 10
0.0
 20
0.0
 30
0.0
210
0.0
220
0.0
230
1.0
  2
SOLID
 70
1
 71
0
 91
1
 92
3
 72
0
 73
1
 93
4
 10
0.0
 20
2632.0
 10
92.0
 20
2632.0
 10
92.0
 20
2680.0
 10
0.0
 20
2680.0
 97
0
 75
0
 76
1
 98
0
450
1
451
0
460
0.0
461
0.5
452
0
462
0.0
453
2
463
0
421
16728128
463
1
421
4235519
470
LINEAR
  0
TEXT
  5
297
330
17
100
AcDbEntity
  8
LABEL
100
AcDbText
 10
0.0
 20
2683.0
 30
0.0
 40
3.0
  1
linear gradient centered=0.5
  7
OpenSans
 11
0.0
 21
2683.0
 31
0.0
100
AcDbText
  0
LWPOLYLINE
  5
298
330
17
100
AcDbEntity
  8
FRAME
100
AcDbPolyline
 90
4
 70
1
 10
120.0
 20
2632.0
 10
212.0
 20
2632.0
 10
212.0
 20
2680.0
 10
120.0
 20
2680.0
  0
HATCH
  5
299
330
17
100
AcDbEntity
  8
HATCH
 62
1
100
AcDbHatch
 10
0.0
 20
0.0
 30
0.0
210
0.0
220
0.0
230
1.0
  2
SOLID
 70
1
 71
0
 91
1
 92
3
 72
0
 73
1
 93
4
 10
120.0
 20
2632.0
 10
212.0
 20
2632.0
 10
212.0
 20
2680.0
 10
120.0
 20
2680.0
 97
0
 75
0
 76
1
 98
0
450
1
451
0
460
0.013707783890401887
461
0.5
452
0
462
0.0
453
2
463
0
421
16728128
463
1
421
4235519
470
CYLINDER
  0
TEXT
  5
29A
330
17
100
AcDbEntity
  8
LABEL
100
AcDbText
 10
120.0
 20
2683.0
 30
0.0
 40
3.0
  1
cylinder gradient centered=0.5
  7
OpenSans
 11
120.0
 21
2683.0
 31
0.0
100
AcDbText
  0
ENDSEC
  0
SECTION
  2
OBJECTS
  0
DICTIONARY
  5
A
330
0
100
AcDbDictionary
281
1
  3
ACAD_COLOR
350
B
  3
ACAD_GROUP
350
C
  3
ACAD_LAYOUT
350
D
  3
ACAD_MATERIAL
350
E
  3
ACAD_MLEADERSTYLE
350
F
  3
ACAD_MLINESTYLE
350
10
  3
ACAD_PLOTSETTINGS
350
11
  3
ACAD_PLOTSTYLENAME
350
12
  3
ACAD_SCALELIST
350
14
  3
ACAD_TABLESTYLE
350
15
  3
ACAD_VISUALSTYLE
350
16
  3
EZDXF_META
350
2D
  0
DICTIONARY
  5
B
330
A
100
AcDbDictionary
281
1
  0
DICTIONARY
  5
C
330
A
100
AcDbDictionary
281
1
  0
DICTIONARY
  5
D
330
A
100
AcDbDictionary
281
1
  3
Model
350
1A
  3
Layout1
350
1E
  0
DICTIONARY
  5
E
330
A
100
AcDbDictionary
281
1
  3
ByBlock
350
1F
  3
ByLayer
350
20
  3
Global
350
21
  0
DICTIONARY
  5
F
330
A
100
AcDbDictionary
281
1
  3
Standard
350
2C
  0
DICTIONARY
  5
10
330
A
100
AcDbDictionary
281
1
  3
Standard
350
22
  0
DICTIONARY
  5
11
330
A
100
AcDbDictionary
281
1
  0
ACDBDICTIONARYWDFLT
  5
12
330
A
100
AcDbDictionary
281
1
  3
Normal
350
13
100
AcDbDictionaryWithDefault
340
13
  0
ACDBPLACEHOLDER
  5
13
330
12
  0
DICTIONARY
  5
14
330
A
100
AcDbDictionary
281
1
  0
DICTIONARY
  5
15
330
A
100
AcDbDictionary
281
1
  0
DICTIONARY
  5
16
330
A
100
AcDbDictionary
281
1
  3
2dWireframe
350
5A
  3
Basic
350
5B
  3
Brighten
350
5C
  3
ColorChange
350
5D
  3
Conceptual
350
5E
  3
Dim
350
5F
  3
EdgeColorOff
350
60
  3
Facepattern
350
61
  3
Flat
350
62
  3
FlatWithEdges
350
63
  3
Gouraud
350
64
  3
GouraudWithEdges
350
65
  3
Hidden
350
66
  3
JitterOff
350
67
  3
Linepattern
350
68
  3
Modeling
350
69
  3
OverhangOff
350
6A
  3
Realistic
350
6B
  3
Shaded
350
6C
  3
Shaded with edges
350
6D
  3
Shades of Gray
350
6E
  3
Sketchy
350
6F
  3
Thicken
350
70
  3
Wireframe
350
71
  3
X-Ray
350
72
  0
LAYOUT
  5
1A
330
D
100
AcDbPlotSettings
  1

  4
A3
  6

 40
7.5
 41
20.0
 42
7.5
 43
20.0
 44
420.0
 45
297.0
 46
0.0
 47
0.0
 48
0.0
 49
0.0
140
0.0
141
0.0
142
1.0
143
1.0
 70
1024
 72
1
 73
0
 74
5
  7

 75
16
 76
0
 77
2
 78
300
147
1.0
148
0.0
149
0.0
100
AcDbLayout
  1
Model
 70
1
 71
0
 10
0.0
 20
0.0
 11
420.0
 21
297.0
 12
0.0
 22
0.0
 32
0.0
 14
1e+20
 24
1e+20
 34
1e+20
 15
-1e+20
 25
-1e+20
 35
-1e+20
146
0.0
 13
0.0
 23
0.0
 33
0.0
 16
1.0
 26
0.0
 36
0.0
 17
0.0
 27
1.0
 37
0.0
 76
1
330
17
  0
LAYOUT
  5
1E
330
D
100
AcDbPlotSettings
  1

  4
A3
  6

 40
7.5
 41
20.0
 42
7.5
 43
20.0
 44
420.0
 45
297.0
 46
0.0
 47
0.0
 48
0.0
 49
0.0
140
0.0
141
0.0
142
1.0
143
1.0
 70
0
 72
1
 73
0
 74
5
  7

 75
16
 76
0
 77
2
 78
300
147
1.0
148
0.0
149
0.0
100
AcDbLayout
  1
Layout1
 70
1
 71
1
 10
0.0
 20
0.0
 11
420.0
 21
297.0
 12
0.0
 22
0.0
 32
0.0
 14
1e+20
 24
1e+20
 34
1e+20
 15
-1e+20
 25
-1e+20
 35
-1e+20
146
0.0
 13
0.0
 23
0.0
 33
0.0
 16
1.0
 26
0.0
 36
0.0
 17
0.0
 27
1.0
 37
0.0
 76
1
330
1B
  0
MATERIAL
  5
1F
102
{ACAD_REACTORS
330
E
102
}
330
E
100
AcDbMaterial
  1
ByBlock
  2

 70
0
 40
1.0
 71
1
 41
1.0
 91
-1023410177
 42
1.0
 72
1
  3

 73
1
 74
1
 75
1
 44
0.5
 73
0
 45
1.0
 46
1.0
 77
1
  4

 78
1
 79
1
170
1
 48
1.0
171
1
  6

172
1
173
1
174
1
140
1.0
141
1.0
175
1
  7

176
1
177
1
178
1
143
1.0
179
1
  8

270
1
271
1
272
1
145
1.0
146
1.0
273
1
  9

274
1
275
1
276
1
 42
1.0
 72
1
  3

 73
1
 74
1
 75
1
 94
63
  0
MATERIAL
  5
20
102
{ACAD_REACTORS
330
E
102
}
330
E
100
AcDbMaterial
  1
ByLayer
  2

 70
0
 40
1.0
 71
1
 41
1.0
 91
-1023410177
 42
1.0
 72
1
  3

 73
1
 74
1
 75
1
 44
0.5
 73
0
 45
1.0
 46
1.0
 77
1
  4

 78
1
 79
1
170
1
 48
1.0
171
1
  6

172
1
173
1
174
1
140
1.0
141
1.0
175
1
  7

176
1
177
1
178
1
143
1.0
179
1
  8

270
1
271
1
272
1
145
1.0
146
1.0
273
1
  9

274
1
275
1
276
1
 42
1.0
 72
1
  3

 73
1
 74
1
 75
1
 94
63
  0
MATERIAL
  5
21
102
{ACAD_REACTORS
330
E
102
}
330
E
100
AcDbMaterial
  1
Global
  2

 70
0
 40
1.0
 71
1
 41
1.0
 91
-1023410177
 42
1.0
 72
1
  3

 73
1
 74
1
 75
1
 44
0.5
 73
0
 45
1.0
 46
1.0
 77
1
  4

 78
1
 79
1
170
1
 48
1.0
171
1
  6

172
1
173
1
174
1
140
1.0
141
1.0
175
1
  7

176
1
177
1
178
1
143
1.0
179
1
  8

270
1
271
1
272
1
145
1.0
146
1.0
273
1
  9

274
1
275
1
276
1
 42
1.0
 72
1
  3

 73
1
 74
1
 75
1
 94
63
  0
MLINESTYLE
  5
22
102
{ACAD_REACTORS
330
10
102
}
330
10
100
AcDbMlineStyle
  2
Standard
 70
0
  3

 62
256
 51
90.0
 52
90.0
 71
2
 49
0.5
 62
256
  6
BYLAYER
 49
-0.5
 62
256
  6
BYLAYER
  0
MLEADERSTYLE
  5
2C
102
{ACAD_REACTORS
330
F
102
}
330
F
100
AcDbMLeaderStyle
179
2
170
2
171
1
172
0
 90
2
 40
0.0
 41
0.0
173
1
 91
-1056964608
 92
-2
290
1
 42
2.0
291
1
 43
8.0
  3
Standard
 44
4.0
300

342
29
174
1
175
1
176
0
178
1
 93
-1056964608
 45
4.0
292
0
297
0
 46
4.0
 94
-1056964608
 47
1.0
 49
1.0
140
1.0
294
1
141
0.0
177
0
142
1.0
295
0
296
0
143
3.75
271
0
272
9
273
9
  0
DICTIONARY
  5
2D
330
A
100
AcDbDictionary
280
1
281
1
  3
CREATED_BY_EZDXF
350
2E
  3
WRITTEN_BY_EZDXF
350
29D
  0
DICTIONARYVAR
  5
2E
330
2D
100
DictionaryVariables
280
0
  1
1.4.2 @ 2026-03-20T11:55:01.560811+00:00
  0
VISUALSTYLE
  5
5A
102
{ACAD_REACTORS
330
16
102
}
330
16
100
AcDbVisualStyle
  2
2dWireframe
 70
4
177
3
291
0
 70
58
 90
2
176
1
 90
2
176
1
 90
0
176
1
 90
0
176
1
 40
0.6
176
1
 40
30.0
176
1
 62
7
420
16777215
176
1
 90
1
176
1
 90
4
176
1
 62
7
176
1
 62
257
176
1
 90
1
176
1
 90
1
176
1
 40
1.0
176
1
 90
8
176
1
 62
7
176
1
 40
1.0
176
1
 90
1
176
1
 90
6
176
1
 90
2
176
1
 62
7
176
1
 90
5
176
1
 90
0
176
1
 90
0
176
1
290
0
176
1
 90
1
176
1
 40
0.0
176
1
 90
0
176
1
290
1
176
1
290
1
176
1
290
0
176
1
290
0
176
1
290
0
176
1
290
0
176
1
290
0
176
1
290
0
176
1
290
0
176
1
 90
50
176
1
 40
0.0
176
1
 40
1.0
176
1
 90
0
176
1
 62
18
420
0
176
1
 90
50
176
1
 90
3
176
1
 62
5
420
255
176
1
290
0
176
1
 90
50
176
1
 90
50
176
1
 90
50
176
1
290
0
176
1
 90
50
176
1
 62
256
176
0
 40
1.0
176
0
 90
2
176
1
  1
strokes_ogs.tif
176
1
290
0
176
1
 40
1.0
176
1
 40
1.0
176
1
  0
VISUALSTYLE
  5
5B
102
{ACAD_REACTORS
330
16
102
}
330
16
100
AcDbVisualStyle
  2
Basic
 70
7
177
3
291
1
 70
58
 90
2
176
1
 90
2
176
1
 90
0
176
1
 90
1
176
1
 40
0.6
176
1
 40
30.0
176
1
 62
7
420
16777215
176
1
 90
1
176
1
 90
4
176
1
 62
7
176
1
 62
257
176
1
 90
1
176
1
 90
1
176
1
 40
1.0
176
1
 90
8
176
1
 62
7
176
1
 40
1.0
176
1
 90
1
176
1
 90
6
176
1
 90
2
176
1
 62
7
176
1
 90
5
176
1
 90
0
176
1
 90
0
176
1
290
0
176
1
 90
1
176
1
 40
0.0
176
1
 90
0
176
1
290
0
176
1
290
1
176
1
290
1
176
1
290
0
176
1
290
0
176
1
290
0
176
1
290
0
176
1
290
0
176
1
290
0
176
1
 90
50
176
1
 40
0.0
176
1
 40
1.0
176
1
 90
0
176
1
 62
18
420
0
176
1
 90
50
176
1
 90
3
176
1
 62
5
420
255
176
1
290
0
176
1
 90
50
176
1
 90
50
176
1
 90
50
176
1
290
0
176
1
 90
50
176
1
 62
256
176
0
 40
1.0
176
0
 90
2
176
1
  1
strokes_ogs.tif
176
1
290
0
176
1
 40
1.0
176
1
 40
1.0
176
1
  0
VISUALSTYLE
  5
5C
102
{ACAD_REACTORS
330
16
102
}
330
16
100
AcDbVisualStyle
  2
Brighten
 70
12
177
3
291
1
 70
58
 90
2
176
1
 90
2
176
1
 90
0
176
1
 90
2
176
1
 40
0.6
176
1
 40
30.0
176
1
 62
7
420
16777215
176
1
 90
1
176
1
 90
4
176
1
 62
7
176
1
 62
257
176
1
 90
1
176
1
 90
1
176
1
 40
1.0
176
1
 90
8
176
1
 62
7
176
1
 40
1.0
176
1
 90
1
176
1
 90
6
176
1
 90
2
176
1
 62
7
176
1
 90
5
176
1
 90
0
176
1
 90
0
176
1
290
0
176
1
 90
1
176
1
 40
0.0
176
1
 90
0
176
1
290
0
176
1
290
1
176
1
290
1
176
1
290
0
176
1
290
0
176
1
290
0
176
1
290
0
176
1
290
0
176
1
290
0
176
1
 90
50
176
1
 40
0.0
176
1
 40
1.0
176
1
 90
0
176
1
 62
18
420
0
176
1
 90
50
176
1
 90
3
176
1
 62
5
420
255
176
1
290
0
176
1
 90
50
176
1
 90
50
176
1
 90
50
176
1
290
0
176
1
 90
50
176
1
 62
256
176
0
 40
1.0
176
0
 90
2
176
1
  1
strokes_ogs.tif
176
1
290
0
176
1
 40
1.0
176
1
 40
1.0
176
1
  0
VISUALSTYLE
  5
5D
102
{ACAD_REACTORS
330
16
102
}
330
16
100
AcDbVisualStyle
  2
ColorChange
 70
16
177
3
291
1
 70
58
 90
2
176
1
 90
2
176
1
 90
0
176
1
 90
2
176
1
 40
0.6
176
1
 40
30.0
176
1
 62
7
420
16777215
176
1
 90
1
176
1
 90
4
176
1
 62
7
176
1
 62
257
176
1
 90
1
176
1
 90
1
176
1
 40
1.0
176
1
 90
8
176
1
 62
7
176
1
 40
1.0
176
1
 90
1
176
1
 90
6
176
1
 90
2
176
1
 62
7
176
1
 90
5
176
1
 90
0
176
1
 90
0
176
1
290
0
176
1
 90
1
176
1
 40
0.0
176
1
 90
0
176
1
290
0
176
1
290
1
176
1
290
1
176
1
290
0
176
1
290
0
176
1
290
0
176
1
290
0
176
1
290
0
176
1
290
0
176
1
 90
50
176
1
 40
0.0
176
1
 40
1.0
176
1
 90
0
176
1
 62
18
420
0
176
1
 90
50
176
1
 90
3
176
1
 62
5
420
255
176
1
290
0
176
1
 90
50
176
1
 90
50
176
1
 90
50
176
1
290
0
176
1
 90
50
176
1
 62
256
176
0
 40
1.0
176
0
 90
2
176
1
  1
strokes_ogs.tif
176
1
290
0
176
1
 40
1.0
176
1
 40
1.0
176
1
  0
VISUALSTYLE
  5
5E
102
{ACAD_REACTORS
330
16
102
}
330
16
100
AcDbVisualStyle
  2
Conceptual
 70
9
177
3
291
0
 70
58
 90
2
176
1
 90
2
176
1
 90
0
176
1
 90
3
176
1
 40
0.6
176
1
 40
30.0
176
1
 62
7
420
16777215
176
1
 90
1
176
1
 90
4
176
1
 62
7
176
1
 62
257
176
1
 90
1
176
1
 90
1
176
1
 40
1.0
176
1
 90
8
176
1
 62
7
176
1
 40
1.0
176
1
 90
1
176
1
 90
6
176
1
 90
2
176
1
 62
7
176
1
 90
5
176
1
 90
0
176
1
 90
0
176
1
290
0
176
1
 90
1
176
1
 40
0.0
176
1
 90
0
176
1
290
0
176
1
290
1
176
1
290
1
176
1
290
0
176
1
290
0
176
1
290
0
176
1
290
0
176
1
290
0
176
1
290
0
176
1
 90
50
176
1
 40
0.0
176
1
 40
1.0
176
1
 90
0
176
1
 62
18
420
0
176
1
 90
50
176
1
 90
3
176
1
 62
5
420
255
176
1
290
0
176
1
 90
50
176
1
 90
50
176
1
 90
50
176
1
290
0
176
1
 90
50
176
1
 62
256
176
0
 40
1.0
176
0
 90
2
176
1
  1
strokes_ogs.tif
176
1
290
0
176
1
 40
1.0
176
1
 40
1.0
176
1
  0
VISUALSTYLE
  5
5F
102
{ACAD_REACTORS
330
16
102
}
330
16
100
AcDbVisualStyle
  2
Dim
 70
11
177
3
291
1
 70
58
 90
2
176
1
 90
2
176
1
 90
0
176
1
 90
2
176
1
 40
0.6
176
1
 40
30.0
176
1
 62
7
420
16777215
176
1
 90
1
176
1
 90
4
176
1
 62
7
176
1
 62
257
176
1
 90
1
176
1
 90
1
176
1
 40
1.0
176
1
 90
8
176
1
 62
7
176
1
 40
1.0
176
1
 90
1
176
1
 90
6
176
1
 90
2
176
1
 62
7
176
1
 90
5
176
1
 90
0
176
1
 90
0
176
1
290
0
176
1
 90
1
176
1
 40
0.0
176
1
 90
0
176
1
290
0
176
1
290
1
176
1
290
1
176
1
290
0
176
1
290
0
176
1
290
0
176
1
290
0
176
1
290
0
176
1
290
0
176
1
 90
50
176
1
 40
0.0
176
1
 40
1.0
176
1
 90
0
176
1
 62
18
420
0
176
1
 90
50
176
1
 90
3
176
1
 62
5
420
255
176
1
290
0
176
1
 90
50
176
1
 90
50
176
1
 90
50
176
1
290
0
176
1
 90
50
176
1
 62
256
176
0
 40
1.0
176
0
 90
2
176
1
  1
strokes_ogs.tif
176
1
290
0
176
1
 40
1.0
176
1
 40
1.0
176
1
  0
VISUALSTYLE
  5
60
102
{ACAD_REACTORS
330
16
102
}
330
16
100
AcDbVisualStyle
  2
EdgeColorOff
 70
22
177
3
291
1
 70
58
 90
2
176
1
 90
2
176
1
 90
0
176
1
 90
2
176
1
 40
0.6
176
1
 40
30.0
176
1
 62
7
420
16777215
176
1
 90
1
176
1
 90
4
176
1
 62
7
176
1
 62
257
176
1
 90
1
176
1
 90
1
176
1
 40
1.0
176
1
 90
8
176
1
 62
7
176
1
 40
1.0
176
1
 90
1
176
1
 90
6
176
1
 90
2
176
1
 62
7
176
1
 90
5
176
1
 90
0
176
1
 90
0
176
1
290
0
176
1
 90
1
176
1
 40
0.0
176
1
 90
0
176
1
290
0
176
1
290
1
176
1
290
1
176
1
290
0
176
1
290
0
176
1
290
0
176
1
290
0
176
1
290
0
176
1
290
0
176
1
 90
50
176
1
 40
0.0
176
1
 40
1.0
176
1
 90
0
176
1
 62
18
420
0
176
1
 90
50
176
1
 90
3
176
1
 62
5
420
255
176
1
290
0
176
1
 90
50
176
1
 90
50
176
1
 90
50
176
1
290
0
176
1
 90
50
176
1
 62
256
176
0
 40
1.0
176
0
 90
2
176
1
  1
strokes_ogs.tif
176
1
290
0
176
1
 40
1.0
176
1
 40
1.0
176
1
  0
VISUALSTYLE
  5
61
102
{ACAD_REACTORS
330
16
102
}
330
16
100
AcDbVisualStyle
  2
Facepattern
 70
15
177
3
291
1
 70
58
 90
2
176
1
 90
2
176
1
 90
0
176
1
 90
2
176
1
 40
0.6
176
1
 40
30.0
176
1
 62
7
420
16777215
176
1
 90
1
176
1
 90
4
176
1
 62
7
176
1
 62
257
176
1
 90
1
176
1
 90
1
176
1
 40
1.0
176
1
 90
8
176
1
 62
7
176
1
 40
1.0
176
1
 90
1
176
1
 90
6
176
1
 90
2
176
1
 62
7
176
1
 90
5
176
1
 90
0
176
1
 90
0
176
1
290
0
176
1
 90
1
176
1
 40
0.0
176
1
 90
0
176
1
290
0
176
1
290
1
176
1
290
1
176
1
290
0
176
1
290
0
176
1
290
0
176
1
290
0
176
1
290
0
176
1
290
0
176
1
 90
50
176
1
 40
0.0
176
1
 40
1.0
176
1
 90
0
176
1
 62
18
420
0
176
1
 90
50
176
1
 90
3
176
1
 62
5
420
255
176
1
290
0
176
1
 90
50
176
1
 90
50
176
1
 90
50
176
1
290
0
176
1
 90
50
176
1
 62
256
176
0
 40
1.0
176
0
 90
2
176
1
  1
strokes_ogs.tif
176
1
290
0
176
1
 40
1.0
176
1
 40
1.0
176
1
  0
VISUALSTYLE
  5
62
102
{ACAD_REACTORS
330
16
102
}
330
16
100
AcDbVisualStyle
  2
Flat
 70
0
177
3
291
1
 70
58
 90
2
176
1
 90
2
176
1
 90
0
176
1
 90
2
176
1
 40
0.6
176
1
 40
30.0
176
1
 62
7
420
16777215
176
1
 90
1
176
1
 90
4
176
1
 62
7
176
1
 62
257
176
1
 90
1
176
1
 90
1
176
1
 40
1.0
176
1
 90
8
176
1
 62
7
176
1
 40
1.0
176
1
 90
1
176
1
 90
6
176
1
 90
2
176
1
 62
7
176
1
 90
5
176
1
 90
0
176
1
 90
0
176
1
290
0
176
1
 90
1
176
1
 40
0.0
176
1
 90
0
176
1
290
0
176
1
290
1
176
1
290
1
176
1
290
0
176
1
290
0
176
1
290
0
176
1
290
0
176
1
290
0
176
1
290
0
176
1
 90
50
176
1
 40
0.0
176
1
 40
1.0
176
1
 90
0
176
1
 62
18
420
0
176
1
 90
50
176
1
 90
3
176
1
 62
5
420
255
176
1
290
0
176
1
 90
50
176
1
 90
50
176
1
 90
50
176
1
290
0
176
1
 90
50
176
1
 62
256
176
0
 40
1.0
176
0
 90
2
176
1
  1
strokes_ogs.tif
176
1
290
0
176
1
 40
1.0
176
1
 40
1.0
176
1
  0
VISUALSTYLE
  5
63
102
{ACAD_REACTORS
330
16
102
}
330
16
100
AcDbVisualStyle
  2
FlatWithEdges
 70
1
177
3
291
1
 70
58
 90
2
176
1
 90
2
176
1
 90
0
176
1
 90
2
176
1
 40
0.6
176
1
 40
30.0
176
1
 62
7
420
16777215
176
1
 90
1
176
1
 90
4
176
1
 62
7
176
1
 62
257
176
1
 90
1
176
1
 90
1
176
1
 40
1.0
176
1
 90
8
176
1
 62
7
176
1
 40
1.0
176
1
 90
1
176
1
 90
6
176
1
 90
2
176
1
 62
7
176
1
 90
5
176
1
 90
0
176
1
 90
0
176
1
290
0
176
1
 90
1
176
1
 40
0.0
176
1
 90
0
176
1
290
0
176
1
290
1
176
1
290
1
176
1
290
0
176
1
290
0
176
1
290
0
176
1
290
0
176
1
290
0
176
1
290
0
176
1
 90
50
176
1
 40
0.0
176
1
 40
1.0
176
1
 90
0
176
1
 62
18
420
0
176
1
 90
50
176
1
 90
3
176
1
 62
5
420
255
176
1
290
0
176
1
 90
50
176
1
 90
50
176
1
 90
50
176
1
290
0
176
1
 90
50
176
1
 62
256
176
0
 40
1.0
176
0
 90
2
176
1
  1
strokes_ogs.tif
176
1
290
0
176
1
 40
1.0
176
1
 40
1.0
176
1
  0
VISUALSTYLE
  5
64
102
{ACAD_REACTORS
330
16
102
}
330
16
100
AcDbVisualStyle
  2
Gouraud
 70
2
177
3
291
1
 70
58
 90
2
176
1
 90
2
176
1
 90
0
176
1
 90
2
176
1
 40
0.6
176
1
 40
30.0
176
1
 62
7
420
16777215
176
1
 90
1
176
1
 90
4
176
1
 62
7
176
1
 62
257
176
1
 90
1
176
1
 90
1
176
1
 40
1.0
176
1
 90
8
176
1
 62
7
176
1
 40
1.0
176
1
 90
1
176
1
 90
6
176
1
 90
2
176
1
 62
7
176
1
 90
5
176
1
 90
0
176
1
 90
0
176
1
290
0
176
1
 90
1
176
1
 40
0.0
176
1
 90
0
176
1
290
0
176
1
290
1
176
1
290
1
176
1
290
0
176
1
290
0
176
1
290
0
176
1
290
0
176
1
290
0
176
1
290
0
176
1
 90
50
176
1
 40
0.0
176
1
 40
1.0
176
1
 90
0
176
1
 62
18
420
0
176
1
 90
50
176
1
 90
3
176
1
 62
5
420
255
176
1
290
0
176
1
 90
50
176
1
 90
50
176
1
 90
50
176
1
290
0
176
1
 90
50
176
1
 62
256
176
0
 40
1.0
176
0
 90
2
176
1
  1
strokes_ogs.tif
176
1
290
0
176
1
 40
1.0
176
1
 40
1.0
176
1
  0
VISUALSTYLE
  5
65
102
{ACAD_REACTORS
330
16
102
}
330
16
100
AcDbVisualStyle
  2
GouraudWithEdges
 70
3
177
3
291
1
 70
58
 90
2
176
1
 90
2
176
1
 90
0
176
1
 90
2
176
1
 40
0.6
176
1
 40
30.0
176
1
 62
7
420
16777215
176
1
 90
1
176
1
 90
4
176
1
 62
7
176
1
 62
257
176
1
 90
1
176
1
 90
1
176
1
 40
1.0
176
1
 90
8
176
1
 62
7
176
1
 40
1.0
176
1
 90
1
176
1
 90
6
176
1
 90
2
176
1
 62
7
176
1
 90
5
176
1
 90
0
176
1
 90
0
176
1
290
0
176
1
 90
1
176
1
 40
0.0
176
1
 90
0
176
1
290
0
176
1
290
1
176
1
290
1
176
1
290
0
176
1
290
0
176
1
290
0
176
1
290
0
176
1
290
0
176
1
290
0
176
1
 90
50
176
1
 40
0.0
176
1
 40
1.0
176
1
 90
0
176
1
 62
18
420
0
176
1
 90
50
176
1
 90
3
176
1
 62
5
420
255
176
1
290
0
176
1
 90
50
176
1
 90
50
176
1
 90
50
176
1
290
0
176
1
 90
50
176
1
 62
256
176
0
 40
1.0
176
0
 90
2
176
1
  1
strokes_ogs.tif
176
1
290
0
176
1
 40
1.0
176
1
 40
1.0
176
1
  0
VISUALSTYLE
  5
66
102
{ACAD_REACTORS
330
16
102
}
330
16
100
AcDbVisualStyle
  2
Hidden
 70
6
177
3
291
0
 70
58
 90
2
176
1
 90
2
176
1
 90
0
176
1
 90
1
176
1
 40
0.6
176
1
 40
30.0
176
1
 62
7
420
16777215
176
1
 90
1
176
1
 90
4
176
1
 62
7
176
1
 62
257
176
1
 90
1
176
1
 90
1
176
1
 40
1.0
176
1
 90
8
176
1
 62
7
176
1
 40
1.0
176
1
 90
1
176
1
 90
6
176
1
 90
2
176
1
 62
7
176
1
 90
5
176
1
 90
0
176
1
 90
0
176
1
290
0
176
1
 90
1
176
1
 40
0.0
176
1
 90
0
176
1
290
0
176
1
290
1
176
1
290
1
176
1
290
0
176
1
290
0
176
1
290
0
176
1
290
0
176
1
290
0
176
1
290
0
176
1
 90
50
176
1
 40
0.0
176
1
 40
1.0
176
1
 90
0
176
1
 62
18
420
0
176
1
 90
50
176
1
 90
3
176
1
 62
5
420
255
176
1
290
0
176
1
 90
50
176
1
 90
50
176
1
 90
50
176
1
290
0
176
1
 90
50
176
1
 62
256
176
0
 40
1.0
176
0
 90
2
176
1
  1
strokes_ogs.tif
176
1
290
0
176
1
 40
1.0
176
1
 40
1.0
176
1
  0
VISUALSTYLE
  5
67
102
{ACAD_REACTORS
330
16
102
}
330
16
100
AcDbVisualStyle
  2
JitterOff
 70
20
177
3
291
1
 70
58
 90
2
176
1
 90
2
176
1
 90
0
176
1
 90
2
176
1
 40
0.6
176
1
 40
30.0
176
1
 62
7
420
16777215
176
1
 90
1
176
1
 90
4
176
1
 62
7
176
1
 62
257
176
1
 90
1
176
1
 90
1
176
1
 40
1.0
176
1
 90
8
176
1
 62
7
176
1
 40
1.0
176
1
 90
1
176
1
 90
6
176
1
 90
2
176
1
 62
7
176
1
 90
5
176
1
 90
0
176
1
 90
0
176
1
290
0
176
1
 90
1
176
1
 40
0.0
176
1
 90
0
176
1
290
0
176
1
290
1
176
1
290
1
176
1
290
0
176
1
290
0
176
1
290
0
176
1
290
0
176
1
290
0
176
1
290
0
176
1
 90
50
176
1
 40
0.0
176
1
 40
1.0
176
1
 90
0
176
1
 62
18
420
0
176
1
 90
50
176
1
 90
3
176
1
 62
5
420
255
176
1
290
0
176
1
 90
50
176
1
 90
50
176
1
 90
50
176
1
290
0
176
1
 90
50
176
1
 62
256
176
0
 40
1.0
176
0
 90
2
176
1
  1
strokes_ogs.tif
176
1
290
0
176
1
 40
1.0
176
1
 40
1.0
176
1
  0
VISUALSTYLE
  5
68
102
{ACAD_REACTORS
330
16
102
}
330
16
100
AcDbVisualStyle
  2
Linepattern
 70
14
177
3
291
1
 70
58
 90
2
176
1
 90
2
176
1
 90
0
176
1
 90
2
176
1
 40
0.6
176
1
 40
30.0
176
1
 62
7
420
16777215
176
1
 90
1
176
1
 90
4
176
1
 62
7
176
1
 62
257
176
1
 90
1
176
1
 90
1
176
1
 40
1.0
176
1
 90
8
176
1
 62
7
176
1
 40
1.0
176
1
 90
1
176
1
 90
6
176
1
 90
2
176
1
 62
7
176
1
 90
5
176
1
 90
0
176
1
 90
0
176
1
290
0
176
1
 90
1
176
1
 40
0.0
176
1
 90
0
176
1
290
0
176
1
290
1
176
1
290
1
176
1
290
0
176
1
290
0
176
1
290
0
176
1
290
0
176
1
290
0
176
1
290
0
176
1
 90
50
176
1
 40
0.0
176
1
 40
1.0
176
1
 90
0
176
1
 62
18
420
0
176
1
 90
50
176
1
 90
3
176
1
 62
5
420
255
176
1
290
0
176
1
 90
50
176
1
 90
50
176
1
 90
50
176
1
290
0
176
1
 90
50
176
1
 62
256
176
0
 40
1.0
176
0
 90
2
176
1
  1
strokes_ogs.tif
176
1
290
0
176
1
 40
1.0
176
1
 40
1.0
176
1
  0
VISUALSTYLE
  5
69
102
{ACAD_REACTORS
330
16
102
}
330
16
100
AcDbVisualStyle
  2
Modeling
 70
10
177
3
291
0
 70
58
 90
2
176
1
 90
2
176
1
 90
0
176
1
 90
2
176
1
 40
0.6
176
1
 40
30.0
176
1
 62
7
420
16777215
176
1
 90
1
176
1
 90
4
176
1
 62
7
176
1
 62
257
176
1
 90
1
176
1
 90
1
176
1
 40
1.0
176
1
 90
8
176
1
 62
7
176
1
 40
1.0
176
1
 90
1
176
1
 90
6
176
1
 90
2
176
1
 62
7
176
1
 90
5
176
1
 90
0
176
1
 90
0
176
1
290
0
176
1
 90
1
176
1
 40
0.0
176
1
 90
0
176
1
290
0
176
1
290
1
176
1
290
1
176
1
290
0
176
1
290
0
176
1
290
0
176
1
290
0
176
1
290
0
176
1
290
0
176
1
 90
50
176
1
 40
0.0
176
1
 40
1.0
176
1
 90
0
176
1
 62
18
420
0
176
1
 90
50
176
1
 90
3
176
1
 62
5
420
255
176
1
290
0
176
1
 90
50
176
1
 90
50
176
1
 90
50
176
1
290
0
176
1
 90
50
176
1
 62
256
176
0
 40
1.0
176
0
 90
2
176
1
  1
strokes_ogs.tif
176
1
290
0
176
1
 40
1.0
176
1
 40
1.0
176
1
  0
VISUALSTYLE
  5
6A
102
{ACAD_REACTORS
330
16
102
}
330
16
100
AcDbVisualStyle
  2
OverhangOff
 70
21
177
3
291
1
 70
58
 90
2
176
1
 90
2
176
1
 90
0
176
1
 90
2
176
1
 40
0.6
176
1
 40
30.0
176
1
 62
7
420
16777215
176
1
 90
1
176
1
 90
4
176
1
 62
7
176
1
 62
257
176
1
 90
1
176
1
 90
1
176
1
 40
1.0
176
1
 90
8
176
1
 62
7
176
1
 40
1.0
176
1
 90
1
176
1
 90
6
176
1
 90
2
176
1
 62
7
176
1
 90
5
176
1
 90
0
176
1
 90
0
176
1
290
0
176
1
 90
1
176
1
 40
0.0
176
1
 90
0
176
1
290
0
176
1
290
1
176
1
290
1
176
1
290
0
176
1
290
0
176
1
290
0
176
1
290
0
176
1
290
0
176
1
290
0
176
1
 90
50
176
1
 40
0.0
176
1
 40
1.0
176
1
 90
0
176
1
 62
18
420
0
176
1
 90
50
176
1
 90
3
176
1
 62
5
420
255
176
1
290
0
176
1
 90
50
176
1
 90
50
176
1
 90
50
176
1
290
0
176
1
 90
50
176
1
 62
256
176
0
 40
1.0
176
0
 90
2
176
1
  1
strokes_ogs.tif
176
1
290
0
176
1
 40
1.0
176
1
 40
1.0
176
1
  0
VISUALSTYLE
  5
6B
102
{ACAD_REACTORS
330
16
102
}
330
16
100
AcDbVisualStyle
  2
Realistic
 70
8
177
3
291
0
 70
58
 90
2
176
1
 90
2
176
1
 90
0
176
1
 90
2
176
1
 40
0.6
176
1
 40
30.0
176
1
 62
7
420
16777215
176
1
 90
1
176
1
 90
4
176
1
 62
7
176
1
 62
257
176
1
 90
1
176
1
 90
1
176
1
 40
1.0
176
1
 90
8
176
1
 62
7
176
1
 40
1.0
176
1
 90
1
176
1
 90
6
176
1
 90
2
176
1
 62
7
176
1
 90
5
176
1
 90
0
176
1
 90
0
176
1
290
0
176
1
 90
1
176
1
 40
0.0
176
1
 90
0
176
1
290
0
176
1
290
1
176
1
290
1
176
1
290
0
176
1
290
0
176
1
290
0
176
1
290
0
176
1
290
0
176
1
290
0
176
1
 90
50
176
1
 40
0.0
176
1
 40
1.0
176
1
 90
0
176
1
 62
18
420
0
176
1
 90
50
176
1
 90
3
176
1
 62
5
420
255
176
1
290
0
176
1
 90
50
176
1
 90
50
176
1
 90
50
176
1
290
0
176
1
 90
50
176
1
 62
256
176
0
 40
1.0
176
0
 90
2
176
1
  1
strokes_ogs.tif
176
1
290
0
176
1
 40
1.0
176
1
 40
1.0
176
1
  0
VISUALSTYLE
  5
6C
102
{ACAD_REACTORS
330
16
102
}
330
16
100
AcDbVisualStyle
  2
Shaded
 70
27
177
3
291
0
 70
58
 90
2
176
1
 90
2
176
1
 90
0
176
1
 90
2
176
1
 40
0.6
176
1
 40
30.0
176
1
 62
7
420
16777215
176
1
 90
1
176
1
 90
4
176
1
 62
7
176
1
 62
257
176
1
 90
1
176
1
 90
1
176
1
 40
1.0
176
1
 90
8
176
1
 62
7
176
1
 40
1.0
176
1
 90
1
176
1
 90
6
176
1
 90
2
176
1
 62
7
176
1
 90
5
176
1
 90
0
176
1
 90
0
176
1
290
0
176
1
 90
1
176
1
 40
0.0
176
1
 90
0
176
1
290
0
176
1
290
1
176
1
290
1
176
1
290
0
176
1
290
0
176
1
290
0
176
1
290
0
176
1
290
0
176
1
290
0
176
1
 90
50
176
1
 40
0.0
176
1
 40
1.0
176
1
 90
0
176
1
 62
18
420
0
176
1
 90
50
176
1
 90
3
176
1
 62
5
420
255
176
1
290
0
176
1
 90
50
176
1
 90
50
176
1
 90
50
176
1
290
0
176
1
 90
50
176
1
 62
256
176
0
 40
1.0
176
0
 90
2
176
1
  1
strokes_ogs.tif
176
1
290
0
176
1
 40
1.0
176
1
 40
1.0
176
1
  0
VISUALSTYLE
  5
6D
102
{ACAD_REACTORS
330
16
102
}
330
16
100
AcDbVisualStyle
  2
Shaded with edges
 70
26
177
3
291
0
 70
58
 90
2
176
1
 90
2
176
1
 90
0
176
1
 90
2
176
1
 40
0.6
176
1
 40
30.0
176
1
 62
7
420
16777215
176
1
 90
1
176
1
 90
4
176
1
 62
7
176
1
 62
257
176
1
 90
1
176
1
 90
1
176
1
 40
1.0
176
1
 90
8
176
1
 62
7
176
1
 40
1.0
176
1
 90
1
176
1
 90
6
176
1
 90
2
176
1
 62
7
176
1
 90
5
176
1
 90
0
176
1
 90
0
176
1
290
0
176
1
 90
1
176
1
 40
0.0
176
1
 90
0
176
1
290
0
176
1
290
1
176
1
290
1
176
1
290
0
176
1
290
0
176
1
290
0
176
1
290
0
176
1
290
0
176
1
290
0
176
1
 90
50
176
1
 40
0.0
176
1
 40
1.0
176
1
 90
0
176
1
 62
18
420
0
176
1
 90
50
176
1
 90
3
176
1
 62
5
420
255
176
1
290
0
176
1
 90
50
176
1
 90
50
176
1
 90
50
176
1
290
0
176
1
 90
50
176
1
 62
256
176
0
 40
1.0
176
0
 90
2
176
1
  1
strokes_ogs.tif
176
1
290
0
176
1
 40
1.0
176
1
 40
1.0
176
1
  0
VISUALSTYLE
  5
6E
102
{ACAD_REACTORS
330
16
102
}
330
16
100
AcDbVisualStyle
  2
Shades of Gray
 70
23
177
3
291
0
 70
58
 90
2
176
1
 90
2
176
1
 90
0
176
1
 90
2
176
1
 40
0.6
176
1
 40
30.0
176
1
 62
7
420
16777215
176
1
 90
1
176
1
 90
4
176
1
 62
7
176
1
 62
257
176
1
 90
1
176
1
 90
1
176
1
 40
1.0
176
1
 90
8
176
1
 62
7
176
1
 40
1.0
176
1
 90
1
176
1
 90
6
176
1
 90
2
176
1
 62
7
176
1
 90
5
176
1
 90
0
176
1
 90
0
176
1
290
0
176
1
 90
1
176
1
 40
0.0
176
1
 90
0
176
1
290
0
176
1
290
1
176
1
290
1
176
1
290
0
176
1
290
0
176
1
290
0
176
1
290
0
176
1
290
0
176
1
290
0
176
1
 90
50
176
1
 40
0.0
176
1
 40
1.0
176
1
 90
0
176
1
 62
18
420
0
176
1
 90
50
176
1
 90
3
176
1
 62
5
420
255
176
1
290
0
176
1
 90
50
176
1
 90
50
176
1
 90
50
176
1
290
0
176
1
 90
50
176
1
 62
256
176
0
 40
1.0
176
0
 90
2
176
1
  1
strokes_ogs.tif
176
1
290
0
176
1
 40
1.0
176
1
 40
1.0
176
1
  0
VISUALSTYLE
  5
6F
102
{ACAD_REACTORS
330
16
102
}
330
16
100
AcDbVisualStyle
  2
Sketchy
 70
24
177
3
291
0
 70
58
 90
2
176
1
 90
2
176
1
 90
0
176
1
 90
1
176
1
 40
0.6
176
1
 40
30.0
176
1
 62
7
420
16777215
176
1
 90
1
176
1
 90
4
176
1
 62
7
176
1
 62
257
176
1
 90
1
176
1
 90
1
176
1
 40
1.0
176
1
 90
8
176
1
 62
7
176
1
 40
1.0
176
1
 90
1
176
1
 90
6
176
1
 90
2
176
1
 62
7
176
1
 90
5
176
1
 90
0
176
1
 90
0
176
1
290
0
176
1
 90
1
176
1
 40
0.0
176
1
 90
0
176
1
290
0
176
1
290
1
176
1
290
1
176
1
290
0
176
1
290
0
176
1
290
0
176
1
290
0
176
1
290
0
176
1
290
0
176
1
 90
50
176
1
 40
0.0
176
1
 40
1.0
176
1
 90
0
176
1
 62
18
420
0
176
1
 90
50
176
1
 90
3
176
1
 62
5
420
255
176
1
290
0
176
1
 90
50
176
1
 90
50
176
1
 90
50
176
1
290
0
176
1
 90
50
176
1
 62
256
176
0
 40
1.0
176
0
 90
2
176
1
  1
strokes_ogs.tif
176
1
290
0
176
1
 40
1.0
176
1
 40
1.0
176
1
  0
VISUALSTYLE
  5
70
102
{ACAD_REACTORS
330
16
102
}
330
16
100
AcDbVisualStyle
  2
Thicken
 70
13
177
3
291
1
 70
58
 90
2
176
1
 90
2
176
1
 90
0
176
1
 90
2
176
1
 40
0.6
176
1
 40
30.0
176
1
 62
7
420
16777215
176
1
 90
1
176
1
 90
4
176
1
 62
7
176
1
 62
257
176
1
 90
1
176
1
 90
1
176
1
 40
1.0
176
1
 90
8
176
1
 62
7
176
1
 40
1.0
176
1
 90
1
176
1
 90
6
176
1
 90
2
176
1
 62
7
176
1
 90
5
176
1
 90
0
176
1
 90
0
176
1
290
0
176
1
 90
1
176
1
 40
0.0
176
1
 90
0
176
1
290
0
176
1
290
1
176
1
290
1
176
1
290
0
176
1
290
0
176
1
290
0
176
1
290
0
176
1
290
0
176
1
290
0
176
1
 90
50
176
1
 40
0.0
176
1
 40
1.0
176
1
 90
0
176
1
 62
18
420
0
176
1
 90
50
176
1
 90
3
176
1
 62
5
420
255
176
1
290
0
176
1
 90
50
176
1
 90
50
176
1
 90
50
176
1
290
0
176
1
 90
50
176
1
 62
256
176
0
 40
1.0
176
0
 90
2
176
1
  1
strokes_ogs.tif
176
1
290
0
176
1
 40
1.0
176
1
 40
1.0
176
1
  0
VISUALSTYLE
  5
71
102
{ACAD_REACTORS
330
16
102
}
330
16
100
AcDbVisualStyle
  2
Wireframe
 70
5
177
3
291
0
 70
58
 90
2
176
1
 90
2
176
1
 90
0
176
1
 90
0
176
1
 40
0.6
176
1
 40
30.0
176
1
 62
7
420
16777215
176
1
 90
1
176
1
 90
4
176
1
 62
7
176
1
 62
257
176
1
 90
1
176
1
 90
1
176
1
 40
1.0
176
1
 90
8
176
1
 62
7
176
1
 40
1.0
176
1
 90
1
176
1
 90
6
176
1
 90
2
176
1
 62
7
176
1
 90
5
176
1
 90
0
176
1
 90
0
176
1
290
0
176
1
 90
1
176
1
 40
0.0
176
1
 90
0
176
1
290
0
176
1
290
1
176
1
290
1
176
1
290
0
176
1
290
0
176
1
290
0
176
1
290
0
176
1
290
0
176
1
290
0
176
1
 90
50
176
1
 40
0.0
176
1
 40
1.0
176
1
 90
0
176
1
 62
18
420
0
176
1
 90
50
176
1
 90
3
176
1
 62
5
420
255
176
1
290
0
176
1
 90
50
176
1
 90
50
176
1
 90
50
176
1
290
0
176
1
 90
50
176
1
 62
256
176
0
 40
1.0
176
0
 90
2
176
1
  1
strokes_ogs.tif
176
1
290
0
176
1
 40
1.0
176
1
 40
1.0
176
1
  0
VISUALSTYLE
  5
72
102
{ACAD_REACTORS
330
16
102
}
330
16
100
AcDbVisualStyle
  2
X-Ray
 70
25
177
3
291
0
 70
58
 90
2
176
1
 90
2
176
1
 90
0
176
1
 90
2
176
1
 40
0.5
176
1
 40
30.0
176
1
 62
7
420
16777215
176
1
 90
1
176
1
 90
4
176
1
 62
7
176
1
 62
257
176
1
 90
1
176
1
 90
1
176
1
 40
1.0
176
1
 90
8
176
1
 62
7
176
1
 40
1.0
176
1
 90
1
176
1
 90
6
176
1
 90
2
176
1
 62
7
176
1
 90
5
176
1
 90
0
176
1
 90
0
176
1
290
0
176
1
 90
1
176
1
 40
0.0
176
1
 90
0
176
1
290
0
176
1
290
1
176
1
290
1
176
1
290
0
176
1
290
0
176
1
290
0
176
1
290
0
176
1
290
0
176
1
290
0
176
1
 90
50
176
1
 40
0.0
176
1
 40
1.0
176
1
 90
0
176
1
 62
18
420
0
176
1
 90
50
176
1
 90
3
176
1
 62
5
420
255
176
1
290
0
176
1
 90
50
176
1
 90
50
176
1
 90
50
176
1
290
0
176
1
 90
50
176
1
 62
256
176
0
 40
1.0
176
0
 90
2
176
1
  1
strokes_ogs.tif
176
1
290
0
176
1
 40
1.0
176
1
 40
1.0
176
1
  0
DICTIONARYVAR
  5
29D
330
2D
100
DictionaryVariables
280
0
  1
1.4.2 @ 2026-03-20T11:55:01.584985+00:00
  0
ENDSEC
  0
EOF
