  0
SECTION
  2
HEADER
  9
$ACADVER
  1
AC1014
  9
$ACADMAINTVER
 70
     9
  9
$DWGCODEPAGE
  3
ANSI_1252
  9
$INSBASE
 10
0.0
 20
0.0
 30
0.0
  9
$EXTMIN
 10
108.42264
 20
112.833826
 30
0.0
  9
$EXTMAX
 10
925.42264
 20
567.833826
 30
0.0
  9
$LIMMIN
 10
0.0
 20
0.0
  9
$LIMMAX
 10
420.0
 20
297.0
  9
$ORTHOMODE
 70
     0
  9
$REGENMODE
 70
     1
  9
$FILLMODE
 70
     1
  9
$QTEXTMODE
 70
     0
  9
$MIRRTEXT
 70
     1
  9
$DRAGMODE
 70
     2
  9
$LTSCALE
 40
1.0
  9
$OSMODE
 70
     0
  9
$ATTMODE
 70
     1
  9
$TEXTSIZE
 40
3.5
  9
$TRACEWID
 40
1.0
  9
$TEXTSTYLE
  7
STANDARD
  9
$CLAYER
  8
LISTE-0
  9
$CELTYPE
  6
BYLAYER
  9
$CECOLOR
 62
   256
  9
$CELTSCALE
 40
1.0
  9
$DELOBJ
 70
     1
  9
$DISPSILH
 70
     0
  9
$DIMSCALE
 40
1.0
  9
$DIMASZ
 40
4.0
  9
$DIMEXO
 40
1.0
  9
$DIMDLI
 40
7.0
  9
$DIMRND
 40
0.0
  9
$DIMDLE
 40
0.0
  9
$DIMEXE
 40
1.0
  9
$DIMTP
 40
0.1
  9
$DIMTM
 40
0.1
  9
$DIMTXT
 40
3.5
  9
$DIMCEN
 40
0.0
  9
$DIMTSZ
 40
0.0
  9
$DIMTOL
 70
     0
  9
$DIMLIM
 70
     0
  9
$DIMTIH
 70
     0
  9
$DIMTOH
 70
     0
  9
$DIMSE1
 70
     0
  9
$DIMSE2
 70
     0
  9
$DIMTAD
 70
     1
  9
$DIMZIN
 70
     8
  9
$DIMBLK
  1

  9
$DIMASO
 70
     1
  9
$DIMSHO
 70
     1
  9
$DIMPOST
  1
<>
  9
$DIMAPOST
  1

  9
$DIMALT
 70
     0
  9
$DIMALTD
 70
     2
  9
$DIMALTF
 40
0.03937
  9
$DIMLFAC
 40
1.0
  9
$DIMTOFL
 70
     1
  9
$DIMTVP
 40
0.0
  9
$DIMTIX
 70
     0
  9
$DIMSOXD
 70
     0
  9
$DIMSAH
 70
     0
  9
$DIMBLK1
  1

  9
$DIMBLK2
  1

  9
$DIMSTYLE
  2
GEN-ISO
  9
$DIMCLRD
 70
   256
  9
$DIMCLRE
 70
   256
  9
$DIMCLRT
 70
     2
  9
$DIMTFAC
 40
0.71
  9
$DIMGAP
 40
0.6
  9
$DIMJUST
 70
     0
  9
$DIMSD1
 70
     0
  9
$DIMSD2
 70
     0
  9
$DIMTOLJ
 70
     0
  9
$DIMTZIN
 70
     0
  9
$DIMALTZ
 70
     0
  9
$DIMALTTZ
 70
     0
  9
$DIMFIT
 70
     3
  9
$DIMUPT
 70
     0
  9
$DIMUNIT
 70
     2
  9
$DIMDEC
 70
     2
  9
$DIMTDEC
 70
     3
  9
$DIMALTU
 70
     2
  9
$DIMALTTD
 70
     4
  9
$DIMTXSTY
  7
STANDARD
  9
$DIMAUNIT
 70
     0
  9
$LUNITS
 70
     2
  9
$LUPREC
 70
     2
  9
$SKETCHINC
 40
1.0
  9
$FILLETRAD
 40
0.000001
  9
$AUNITS
 70
     0
  9
$AUPREC
 70
     0
  9
$MENU
  1
.
  9
$ELEVATION
 40
0.0
  9
$PELEVATION
 40
0.0
  9
$THICKNESS
 40
0.0
  9
$LIMCHECK
 70
     0
  9
$BLIPMODE
 70
     0
  9
$CHAMFERA
 40
2.5
  9
$CHAMFERB
 40
2.5
  9
$CHAMFERC
 40
0.0
  9
$CHAMFERD
 40
0.0
  9
$SKPOLY
 70
     0
  9
$TDCREATE
 40
2451030.609879513
  9
$TDUPDATE
 40
2451459.667041435
  9
$TDINDWG
 40
0.1844631944
  9
$TDUSRTIMER
 40
0.1844631944
  9
$USRTIMER
 70
     1
  9
$ANGBASE
 50
0.0
  9
$ANGDIR
 70
     0
  9
$PDMODE
 70
     0
  9
$PDSIZE
 40
0.0
  9
$PLINEWID
 40
0.0
  9
$COORDS
 70
     1
  9
$SPLFRAME
 70
     0
  9
$SPLINETYPE
 70
     6
  9
$SPLINESEGS
 70
     8
  9
$ATTDIA
 70
     1
  9
$ATTREQ
 70
     1
  9
$HANDLING
 70
     1
  9
$HANDSEED
  5
2005
  9
$SURFTAB1
 70
     6
  9
$SURFTAB2
 70
     6
  9
$SURFTYPE
 70
     6
  9
$SURFU
 70
     6
  9
$SURFV
 70
     6
  9
$UCSNAME
  2

  9
$UCSORG
 10
0.0
 20
0.0
 30
0.0
  9
$UCSXDIR
 10
1.0
 20
0.0
 30
0.0
  9
$UCSYDIR
 10
0.0
 20
1.0
 30
0.0
  9
$PUCSNAME
  2

  9
$PUCSORG
 10
0.0
 20
0.0
 30
0.0
  9
$PUCSXDIR
 10
1.0
 20
0.0
 30
0.0
  9
$PUCSYDIR
 10
0.0
 20
1.0
 30
0.0
  9
$USERI1
 70
     0
  9
$USERI2
 70
     0
  9
$USERI3
 70
     0
  9
$USERI4
 70
     0
  9
$USERI5
 70
     0
  9
$USERR1
 40
0.0
  9
$USERR2
 40
0.0
  9
$USERR3
 40
0.0
  9
$USERR4
 40
0.0
  9
$USERR5
 40
0.0
  9
$WORLDVIEW
 70
     1
  9
$SHADEDGE
 70
     3
  9
$SHADEDIF
 70
    70
  9
$TILEMODE
 70
     0
  9
$MAXACTVP
 70
    16
  9
$PINSBASE
 10
0.0
 20
0.0
 30
0.0
  9
$PLIMCHECK
 70
     0
  9
$PEXTMIN
 10
0.0
 20
0.0
 30
0.0
  9
$PEXTMAX
 10
841.0
 20
594.0
 30
0.0
  9
$PLIMMIN
 10
7.0
 20
7.0
  9
$PLIMMAX
 10
834.0
 20
587.0
  9
$UNITMODE
 70
     0
  9
$VISRETAIN
 70
     0
  9
$PLINEGEN
 70
     0
  9
$PSLTSCALE
 70
     1
  9
$TREEDEPTH
 70
  3020
  9
$PICKSTYLE
 70
     1
  9
$CMLSTYLE
  2
STANDARD
  9
$CMLJUST
 70
     0
  9
$CMLSCALE
 40
1.0
  9
$PROXYGRAPHICS
 70
     1
  9
$MEASUREMENT
 70
     1
  0
ENDSEC
  0
SECTION
  2
CLASSES
  0
CLASS
  1
XDATAPROT
  2
AcDbXdataProtector
  3
UTILS
 90
        0
280
     0
281
     0
  0
CLASS
  1
LWPOLYLINE
  2
AcDbPolyline
  3
"AutoCAD"
 90
        0
280
     0
281
     1
  0
ENDSEC
  0
SECTION
  2
TABLES
  0
TABLE
  2
VPORT
  5
8
100
AcDbSymbolTable
 70
     1
  0
VPORT
  5
1FFF
100
AcDbSymbolTableRecord
100
AcDbViewportTableRecord
  2
*ACTIVE
 70
     0
 10
0.0
 20
0.0
 11
1.0
 21
1.0
 12
791.618705
 22
189.090648
 13
0.0
 23
0.0
 14
1.0
 24
1.0
 15
10.0
 25
10.0
 16
0.0
 26
0.0
 36
1.0
 17
0.0
 27
0.0
 37
0.0
 40
1415.126295
 41
1.485149
 42
50.0
 43
0.0
 44
0.0
 50
0.0
 51
0.0
 71
     0
 72
   100
 73
     1
 74
     1
 75
     0
 76
     0
 77
     0
 78
     0
  0
ENDTAB
  0
TABLE
  2
LTYPE
  5
5
100
AcDbSymbolTable
 70
     1
  0
LTYPE
  5
14
100
AcDbSymbolTableRecord
100
AcDbLinetypeTableRecord
  2
BYBLOCK
 70
     0
  3

 72
    65
 73
     0
 40
0.0
  0
LTYPE
  5
15
100
AcDbSymbolTableRecord
100
AcDbLinetypeTableRecord
  2
BYLAYER
 70
     0
  3

 72
    65
 73
     0
 40
0.0
  0
LTYPE
  5
16
100
AcDbSymbolTableRecord
100
AcDbLinetypeTableRecord
  2
CONTINUOUS
 70
     0
  3
Solid line
 72
    65
 73
     0
 40
0.0
  0
ENDTAB
  0
TABLE
  2
LAYER
  5
2
100
AcDbSymbolTable
 70
     8
  0
LAYER
  5
F
100
AcDbSymbolTableRecord
100
AcDbLayerTableRecord
  2
0
 70
     0
 62
     7
  6
CONTINUOUS
  0
LAYER
  5
1547
100
AcDbSymbolTableRecord
100
AcDbLayerTableRecord
  2
LISTE-0
 70
     0
 62
     7
  6
CONTINUOUS
  0
LAYER
  5
154A
100
AcDbSymbolTableRecord
100
AcDbLayerTableRecord
  2
LISTE-6
 70
     0
 62
     2
  6
CONTINUOUS
  0
LAYER
  5
154C
100
AcDbSymbolTableRecord
100
AcDbLayerTableRecord
  2
LISTE-1
 70
     0
 62
    14
  6
CONTINUOUS
  0
LAYER
  5
154E
100
AcDbSymbolTableRecord
100
AcDbLayerTableRecord
  2
VIEW
 70
     1
 62
    -1
  6
CONTINUOUS
  0
LAYER
  5
1A74
100
AcDbSymbolTableRecord
100
AcDbLayerTableRecord
  2
RAHM2
 70
     0
 62
     1
  6
CONTINUOUS
  0
LAYER
  5
1A75
100
AcDbSymbolTableRecord
100
AcDbLayerTableRecord
  2
RAHM5
 70
     0
 62
     7
  6
CONTINUOUS
  0
LAYER
  5
1B93
100
AcDbSymbolTableRecord
100
AcDbLayerTableRecord
  2
RAHM3
 70
     0
 62
     2
  6
CONTINUOUS
  0
ENDTAB
  0
TABLE
  2
STYLE
  5
3
100
AcDbSymbolTable
 70
     3
  0
STYLE
  5
10
100
AcDbSymbolTableRecord
100
AcDbTextStyleTableRecord
  2
STANDARD
 70
     0
 40
0.0
 41
1.0
 50
0.0
 71
     0
 42
3.5
  3
geniso.shx
  4

  0
STYLE
  5
672
100
AcDbSymbolTableRecord
100
AcDbTextStyleTableRecord
  2
MONOTXT
 70
     0
 40
0.0
 41
1.0
 50
0.0
 71
     0
 42
0.5
  3
monotxt
  4

  0
STYLE
  5
1A76
100
AcDbSymbolTableRecord
100
AcDbTextStyleTableRecord
  2
SF_TXT
 70
     0
 40
0.0
 41
1.0
 50
0.0
 71
     0
 42
0.5
  3
ROMANS.SHX
  4

  0
ENDTAB
  0
TABLE
  2
VIEW
  5
6
100
AcDbSymbolTable
 70
     6
  0
VIEW
  5
E9
100
AcDbSymbolTableRecord
100
AcDbViewTableRecord
  2
GEN1
 70
     1
 40
290.0
 10
259.744917
 20
442.0
 41
505.489834
 11
0.0
 21
0.0
 31
1.0
 12
0.0
 22
0.0
 32
0.0
 42
50.0
 43
0.0
 44
0.0
 50
0.0
 71
     0
  0
VIEW
  5
EA
100
AcDbSymbolTableRecord
100
AcDbViewTableRecord
  2
GEN2
 70
     1
 40
290.0
 10
581.255083
 20
442.0
 41
505.489834
 11
0.0
 21
0.0
 31
1.0
 12
0.0
 22
0.0
 32
0.0
 42
50.0
 43
0.0
 44
0.0
 50
0.0
 71
     0
  0
VIEW
  5
EB
100
AcDbSymbolTableRecord
100
AcDbViewTableRecord
  2
GEN3
 70
     1
 40
290.0
 10
259.744917
 20
152.0
 41
505.489834
 11
0.0
 21
0.0
 31
1.0
 12
0.0
 22
0.0
 32
0.0
 42
50.0
 43
0.0
 44
0.0
 50
0.0
 71
     0
  0
VIEW
  5
EC
100
AcDbSymbolTableRecord
100
AcDbViewTableRecord
  2
GEN4
 70
     1
 40
290.0
 10
581.255083
 20
152.0
 41
505.489834
 11
0.0
 21
0.0
 31
1.0
 12
0.0
 22
0.0
 32
0.0
 42
50.0
 43
0.0
 44
0.0
 50
0.0
 71
     0
  0
VIEW
  5
ED
100
AcDbSymbolTableRecord
100
AcDbViewTableRecord
  2
GEN5
 70
     1
 40
290.0
 10
420.5
 20
297.0
 41
505.489834
 11
0.0
 21
0.0
 31
1.0
 12
0.0
 22
0.0
 32
0.0
 42
50.0
 43
0.0
 44
0.0
 50
0.0
 71
     0
  0
VIEW
  5
EE
100
AcDbSymbolTableRecord
100
AcDbViewTableRecord
  2
GEN6
 70
     1
 40
579.9942
 10
420.5
 20
297.0
 41
1010.969557
 11
0.0
 21
0.0
 31
1.0
 12
0.0
 22
0.0
 32
0.0
 42
50.0
 43
0.0
 44
0.0
 50
0.0
 71
     0
  0
ENDTAB
  0
TABLE
  2
UCS
  5
7
100
AcDbSymbolTable
 70
     0
  0
ENDTAB
  0
TABLE
  2
APPID
  5
9
100
AcDbSymbolTable
 70
    21
  0
APPID
  5
11
100
AcDbSymbolTableRecord
100
AcDbRegAppTableRecord
  2
ACAD
 70
     0
  0
APPID
  5
34
100
AcDbSymbolTableRecord
100
AcDbRegAppTableRecord
  2
GENIUS_GENCFG_13
 70
     0
1001
GENIUS_GENCFG0_13
1000
GEN@INFO_POS@XLATE
1001
GENIUS_GENCFG1_13
1000
GEN@LAYER@DEFS
1001
GENIUS_GENCFG2_13
1000
GEN@LAYER@ENTSORT
1001
GENIUS_GENCFG3_13
1000
GEN@OSWIZ
1001
GENIUS_GENCFG4_13
1000
GEN
1001
GENIUS_GEVCFG0_13
1000
GEV
1001
GENIUS_GENCFG5_13
1000
GEN@INFO_POS
  0
APPID
  5
3A
100
AcDbSymbolTableRecord
100
AcDbRegAppTableRecord
  2
GENIUS_GENCFG0_13
 70
     0
1001
GENIUS_GENCFG_13
1071
939304832
1000
3A
1000
GEN@INFO_POS@XLATE
1070
     7
1000
GenCfgObject
1000
GenCfgShort
1000
GenCfgReal
1000
GenCfgBool
1000
GenCfgString
1000
GenCfgDim
1000
GenCfgAttrInf
1000
INFOPOINTS
1070
     0
1002
{
1000
GENINF14
1070
     0
1002
{
1000
2GENINF
1070
     4
1000
2
1002
{
1002
}
1000
3GENINF
1070
     4
1000
3
1002
{
1002
}
1000
4GENINF
1070
     4
1000
4
1002
{
1002
}
1000
5GENINF
1070
     4
1000
5
1002
{
1002
}
1000
6GENINF
1070
     4
1000
6
1002
{
1002
}
1000
7GENINF
1070
     4
1000
7
1002
{
1002
}
1000
8GENINF
1070
     4
1000
8
1002
{
1002
}
1000
9GENINF
1070
     4
1000
9
1002
{
1002
}
1000
10GENINF
1070
     4
1000
10
1002
{
1002
}
1000
11GENINF
1070
     4
1000
11
1002
{
1002
}
1000
12GENINF
1070
     4
1000
12
1002
{
1002
}
1000
13GENINF
1070
     4
1000
13
1002
{
1002
}
1000
14GENINF
1070
     4
1000
14
1002
{
1002
}
1000
15GENINF
1070
     4
1000
15
1002
{
1002
}
1000
16GENINF
1070
     4
1000
16
1002
{
1002
}
1000
17GENINF
1070
     4
1000
17
1002
{
1002
}
1000
18GENINF
1070
     4
1000
18
1002
{
1002
}
1000
19GENINF
1070
     4
1000
19
1002
{
1002
}
1000
20GENINF
1070
     4
1000
20
1002
{
1002
}
1000
21GENINF
1070
     4
1000
21
1002
{
1002
}
1000
22GENINF
1070
     4
1000
22
1002
{
1002
}
1000
23GENINF
1070
     4
1000
23
1002
{
1002
}
1000
24GENINF
1070
     4
1000
24
1002
{
1002
}
1000
25GENINF
1070
     4
1000
25
1002
{
1002
}
1000
26GENINF
1070
     4
1000
26
1002
{
1002
}
1000
27GENINF
1070
     4
1000
27
1002
{
1002
}
1000
0GENINF
1070
     4
1000
0
1002
{
1002
}
1002
}
1000
GENINF13
1070
     0
1002
{
1000
2GENINF
1070
     4
1000
2
1002
{
1002
}
1000
3GENINF
1070
     4
1000
3
1002
{
1002
}
1000
4GENINF
1070
     4
1000
4
1002
{
1002
}
1000
5GENINF
1070
     4
1000
5
1002
{
1002
}
1000
6GENINF
1070
     4
1000
6
1002
{
1002
}
1000
7GENINF
1070
     4
1000
7
1002
{
1002
}
1000
8GENINF
1070
     4
1000
8
1002
{
1002
}
1000
9GENINF
1070
     4
1000
9
1002
{
1002
}
1000
10GENINF
1070
     4
1000
10
1002
{
1002
}
1000
11GENINF
1070
     4
1000
11
1002
{
1002
}
1000
12GENINF
1070
     4
1000
12
1002
{
1002
}
1000
13GENINF
1070
     4
1000
13
1002
{
1002
}
1000
14GENINF
1070
     4
1000
14
1002
{
1002
}
1000
15GENINF
1070
     4
1000
15
1002
{
1002
}
1000
16GENINF
1070
     4
1000
16
1002
{
1002
}
1000
17GENINF
1070
     4
1000
17
1002
{
1002
}
1000
18GENINF
1070
     4
1000
18
1002
{
1002
}
1000
19GENINF
1070
     4
1000
19
1002
{
1002
}
1000
20GENINF
1070
     4
1000
20
1002
{
1002
}
1000
21GENINF
1070
     4
1000
21
1002
{
1002
}
1000
22GENINF
1070
     4
1000
22
1002
{
1002
}
1000
23GENINF
1070
     4
1000
23
1002
{
1002
}
1000
24GENINF
1070
     4
1000
24
1002
{
1002
}
1000
0GENINF
1070
     4
1000
0
1002
{
1002
}
1002
}
1000
GENINFO
1070
     0
1002
{
1000
3GENINF
1070
     4
1000
3
1002
{
1002
}
1000
4GENINF
1070
     4
1000
4
1002
{
1002
}
1000
5GENINF
1070
     4
1000
5
1002
{
1002
}
1000
6GENINF
1070
     4
1000
6
1002
{
1002
}
1000
7GENINF
1070
     4
1000
7
1002
{
1002
}
1000
8GENINF
1070
     4
1000
8
1002
{
1002
}
1000
9GENINF
1070
     4
1000
9
1002
{
1002
}
1000
10GENINF
1070
     4
1000
10
1002
{
1002
}
1000
11GENINF
1070
     4
1000
11
1002
{
1002
}
1000
12GENINF
1070
     4
1000
12
1002
{
1002
}
1000
13GENINF
1070
     4
1000
13
1002
{
1002
}
1000
14GENINF
1070
     4
1000
14
1002
{
1002
}
1000
15GENINF
1070
     4
1000
15
1002
{
1002
}
1000
16GENINF
1070
     4
1000
16
1002
{
1002
}
1000
17GENINF
1070
     4
1000
17
1002
{
1002
}
1000
18GENINF
1070
     4
1000
18
1002
{
1002
}
1000
19GENINF
1070
     4
1000
19
1002
{
1002
}
1000
20GENINF
1070
     4
1000
20
1002
{
1002
}
1000
21GENINF
1070
     4
1000
21
1002
{
1002
}
1000
22GENINF
1070
     4
1000
22
1002
{
1002
}
1002
}
1000
DININFO
1070
     0
1002
{
1000
ST-NAME1
1070
     4
1000
5
1002
{
1002
}
1000
ST-NAME2
1070
     4
1000
6
1002
{
1002
}
1000
ST-NORM1
1070
     4
1000
7
1002
{
1002
}
1000
ST-NORM2
1070
     4
1000
8
1002
{
1002
}
1000
ST-MAT1
1070
     4
1000
9
1002
{
1002
}
1000
ST-MAT2
1070
     4
1000
10
1002
{
1002
}
1002
}
1002
}
1000
POS_NUMBERS
1070
     0
1002
{
1000
GENPOS14
1070
     0
1002
{
1000
1GENPOS
1070
     4
1000
1
1002
{
1002
}
1000
2GENPOS
1070
     4
1000
2
1002
{
1002
}
1000
3GENPOS
1070
     4
1000
3
1002
{
1002
}
1000
4GENPOS
1070
     4
1000
4
1002
{
1002
}
1000
5GENPOS
1070
     4
1000
5
1002
{
1002
}
1000
6GENPOS
1070
     4
1000
6
1002
{
1002
}
1000
7GENPOS
1070
     4
1000
7
1002
{
1002
}
1000
8GENPOS
1070
     4
1000
8
1002
{
1002
}
1000
9GENPOS
1070
     4
1000
9
1002
{
1002
}
1000
10GENPOS
1070
     4
1000
10
1002
{
1002
}
1000
11GENPOS
1070
     4
1000
11
1002
{
1002
}
1000
12GENPOS
1070
     4
1000
12
1002
{
1002
}
1000
13GENPOS
1070
     4
1000
13
1002
{
1002
}
1000
14GENPOS
1070
     4
1000
14
1002
{
1002
}
1000
15GENPOS
1070
     4
1000
15
1002
{
1002
}
1000
16GENPOS
1070
     4
1000
16
1002
{
1002
}
1000
17GENPOS
1070
     4
1000
17
1002
{
1002
}
1000
18GENPOS
1070
     4
1000
18
1002
{
1002
}
1000
19GENPOS
1070
     4
1000
19
1002
{
1002
}
1000
20GENPOS
1070
     4
1000
20
1002
{
1002
}
1000
21GENPOS
1070
     4
1000
21
1002
{
1002
}
1000
22GENPOS
1070
     4
1000
22
1002
{
1002
}
1000
23GENPOS
1070
     4
1000
23
1002
{
1002
}
1000
24GENPOS
1070
     4
1000
24
1002
{
1002
}
1000
25GENPOS
1070
     4
1000
25
1002
{
1002
}
1000
26GENPOS
1070
     4
1000
26
1002
{
1002
}
1000
27GENPOS
1070
     4
1000
27
1002
{
1002
}
1000
0GENPOS
1070
     4
1000
0
1002
{
1002
}
1002
}
1000
GENPOS13
1070
     0
1002
{
1000
1GENPOS
1070
     4
1000
1
1002
{
1002
}
1000
2GENPOS
1070
     4
1000
2
1002
{
1002
}
1000
3GENPOS
1070
     4
1000
3
1002
{
1002
}
1000
4GENPOS
1070
     4
1000
4
1002
{
1002
}
1000
5GENPOS
1070
     4
1000
5
1002
{
1002
}
1000
6GENPOS
1070
     4
1000
6
1002
{
1002
}
1000
7GENPOS
1070
     4
1000
7
1002
{
1002
}
1000
8GENPOS
1070
     4
1000
8
1002
{
1002
}
1000
9GENPOS
1070
     4
1000
9
1002
{
1002
}
1000
10GENPOS
1070
     4
1000
10
1002
{
1002
}
1000
11GENPOS
1070
     4
1000
11
1002
{
1002
}
1000
12GENPOS
1070
     4
1000
12
1002
{
1002
}
1000
13GENPOS
1070
     4
1000
13
1002
{
1002
}
1000
14GENPOS
1070
     4
1000
14
1002
{
1002
}
1000
15GENPOS
1070
     4
1000
15
1002
{
1002
}
1000
16GENPOS
1070
     4
1000
16
1002
{
1002
}
1000
17GENPOS
1070
     4
1000
17
1002
{
1002
}
1000
18GENPOS
1070
     4
1000
18
1002
{
1002
}
1000
19GENPOS
1070
     4
1000
19
1002
{
1002
}
1000
20GENPOS
1070
     4
1000
20
1002
{
1002
}
1000
21GENPOS
1070
     4
1000
21
1002
{
1002
}
1000
22GENPOS
1070
     4
1000
22
1002
{
1002
}
1000
23GENPOS
1070
     4
1000
23
1002
{
1002
}
1000
24GENPOS
1070
     4
1000
24
1002
{
1002
}
1000
0GENPOS
1070
     4
1000
0
1002
{
1002
}
1002
}
1000
GENPOS
1070
     0
1002
{
1000
1GENPOS
1070
     4
1000
1
1002
{
1002
}
1000
2GENPOS
1070
     4
1000
2
1002
{
1002
}
1000
3GENPOS
1070
     4
1000
3
1002
{
1002
}
1000
4GENPOS
1070
     4
1000
4
1002
{
1002
}
1000
5GENPOS
1070
     4
1000
5
1002
{
1002
}
1000
6GENPOS
1070
     4
1000
6
1002
{
1002
}
1000
7GENPOS
1070
     4
1000
7
1002
{
1002
}
1000
8GENPOS
1070
     4
1000
8
1002
{
1002
}
1000
9GENPOS
1070
     4
1000
9
1002
{
1002
}
1000
10GENPOS
1070
     4
1000
10
1002
{
1002
}
1000
11GENPOS
1070
     4
1000
11
1002
{
1002
}
1000
12GENPOS
1070
     4
1000
12
1002
{
1002
}
1000
13GENPOS
1070
     4
1000
13
1002
{
1002
}
1000
14GENPOS
1070
     4
1000
14
1002
{
1002
}
1000
15GENPOS
1070
     4
1000
15
1002
{
1002
}
1000
16GENPOS
1070
     4
1000
16
1002
{
1002
}
1000
17GENPOS
1070
     4
1000
17
1002
{
1002
}
1000
18GENPOS
1070
     4
1000
18
1002
{
1002
}
1000
19GENPOS
1070
     4
1000
19
1002
{
1002
}
1000
20GENPOS
1070
     4
1000
20
1002
{
1002
}
1000
21GENPOS
1070
     4
1000
21
1002
{
1002
}
1000
22GENPOS
1070
     4
1000
22
1002
{
1002
}
1000
23GENPOS
1070
     4
1000
23
1002
{
1002
}
1002
}
1000
DIN985
1070
     0
1002
{
1000
POSITION
1070
     4
1000
1
1002
{
1002
}
1000
MENGE
1070
     4
1000
2
1002
{
1002
}
1000
BLATT
1070
     4
1000
3
1002
{
1002
}
1000
BENENN
1070
     4
1000
5
1002
{
1002
}
1000
BENENN2
1070
     4
1000
6
1002
{
1002
}
1000
NORM
1070
     4
1000
7
1002
{
1002
}
1000
NORM2
1070
     4
1000
8
1002
{
1002
}
1000
WERKSTOFF
1070
     4
1000
9
1002
{
1002
}
1000
WERKSTOFF2
1070
     4
1000
10
1002
{
1002
}
1002
}
1000
DIN986
1070
     0
1002
{
1000
POSITION
1070
     4
1000
1
1002
{
1002
}
1000
MENGE
1070
     4
1000
2
1002
{
1002
}
1000
BLATT
1070
     4
1000
3
1002
{
1002
}
1000
BENENN
1070
     4
1000
5
1002
{
1002
}
1000
BENENN2
1070
     4
1000
6
1002
{
1002
}
1000
NORM
1070
     4
1000
7
1002
{
1002
}
1000
NORM2
1070
     4
1000
8
1002
{
1002
}
1000
WERKSTOFF
1070
     4
1000
9
1002
{
1002
}
1000
WERKSTOFF2
1070
     4
1000
10
1002
{
1002
}
1002
}
1000
DIN987
1070
     0
1002
{
1000
POSITION
1070
     4
1000
1
1002
{
1002
}
1000
MENGE
1070
     4
1000
2
1002
{
1002
}
1000
BLATT
1070
     4
1000
3
1002
{
1002
}
1000
BENENN
1070
     4
1000
5
1002
{
1002
}
1000
BENENN2
1070
     4
1000
6
1002
{
1002
}
1000
NORM
1070
     4
1000
7
1002
{
1002
}
1000
NORM2
1070
     4
1000
8
1002
{
1002
}
1000
WERKSTOFF
1070
     4
1000
9
1002
{
1002
}
1000
WERKSTOFF2
1070
     4
1000
10
1002
{
1002
}
1002
}
1002
}
  0
APPID
  5
3B
100
AcDbSymbolTableRecord
100
AcDbRegAppTableRecord
  2
GENIUS_GENCFG1_13
 70
     0
1001
GENIUS_GENCFG_13
1071
939304832
1000
3B
1000
GEN@LAYER@DEFS
1070
     9
1000
GenCfgObject
1000
GenCfgShort
1000
GenCfgReal
1000
GenCfgBool
1000
GenCfgString
1000
GenCfgDim
1000
GenCfgAttrInf
1000
GenCfgLaySection
1000
GenCfgLayer
1000
Basic
1070
     0
1002
{
1000
0
1070
     8
1000
0
1002
{
1000
Color
1070
     1
1070
     7
1002
{
1002
}
1000
LType
1070
     4
1000
CONTINUOUS
1002
{
1002
}
1000
Base
1070
     3
1070
     0
1002
{
1002
}
1002
}
1000
1
1070
     8
1000
1
1002
{
1000
Color
1070
     1
1070
    14
1002
{
1002
}
1000
LType
1070
     4
1000
CONTINUOUS
1002
{
1002
}
1000
Base
1070
     3
1070
     0
1002
{
1002
}
1002
}
1000
2
1070
     8
1000
2
1002
{
1000
Color
1070
     1
1070
     5
1002
{
1002
}
1000
LType
1070
     4
1000
CONTINUOUS
1002
{
1002
}
1000
Base
1070
     3
1070
     0
1002
{
1002
}
1002
}
1000
3
1070
     8
1000
3
1002
{
1000
Color
1070
     1
1070
     6
1002
{
1002
}
1000
LType
1070
     4
1000
GEN3
1002
{
1002
}
1000
Base
1070
     3
1070
     0
1002
{
1002
}
1002
}
1000
4
1070
     8
1000
4
1002
{
1000
Color
1070
     1
1070
     3
1002
{
1002
}
1000
LType
1070
     4
1000
CONTINUOUS
1002
{
1002
}
1000
Base
1070
     3
1070
     0
1002
{
1002
}
1002
}
1000
5
1070
     8
1000
5
1002
{
1000
Color
1070
     1
1070
     3
1002
{
1002
}
1000
LType
1070
     4
1000
CONTINUOUS
1002
{
1002
}
1000
Base
1070
     3
1070
     0
1002
{
1002
}
1002
}
1000
6
1070
     8
1000
6
1002
{
1000
Color
1070
     1
1070
     2
1002
{
1002
}
1000
LType
1070
     4
1000
CONTINUOUS
1002
{
1002
}
1000
Base
1070
     3
1070
     0
1002
{
1002
}
1002
}
1000
7
1070
     8
1000
7
1002
{
1000
Color
1070
     1
1070
     4
1002
{
1002
}
1000
LType
1070
     4
1000
GEN7
1002
{
1002
}
1000
Base
1070
     3
1070
     0
1002
{
1002
}
1002
}
1000
8
1070
     8
1000
8
1002
{
1000
Color
1070
     1
1070
     1
1002
{
1002
}
1000
LType
1070
     4
1000
CONTINUOUS
1002
{
1002
}
1000
Base
1070
     3
1070
     0
1002
{
1002
}
1002
}
1000
3A
1070
     8
1000
3A
1002
{
1000
Color
1070
     1
1070
     6
1002
{
1002
}
1000
LType
1070
     4
1000
GEN3A
1002
{
1002
}
1000
Base
1070
     3
1070
     0
1002
{
1002
}
1002
}
1000
7A
1070
     8
1000
7A
1002
{
1000
Color
1070
     1
1070
     4
1002
{
1002
}
1000
LType
1070
     4
1000
GEN7A
1002
{
1002
}
1000
Base
1070
     3
1070
     0
1002
{
1002
}
1002
}
1000
2A
1070
     8
1000
2A
1002
{
1000
Color
1070
     1
1070
     7
1002
{
1002
}
1000
LType
1070
     4
1000
GEN7
1002
{
1002
}
1000
Base
1070
     3
1070
     0
1002
{
1002
}
1002
}
1000
4A
1070
     8
1000
4A
1002
{
1000
Color
1070
     1
1070
     3
1002
{
1002
}
1000
LType
1070
     4
1000
GEN4A
1002
{
1002
}
1000
Base
1070
     3
1070
     0
1002
{
1002
}
1002
}
1000
9
1070
     8
1000
9
1002
{
1000
Color
1070
     1
1070
   253
1002
{
1002
}
1000
LType
1070
     4
1000
CONTINUOUS
1002
{
1002
}
1000
Base
1070
     3
1070
     0
1002
{
1002
}
1002
}
1000
IP
1070
     8
1000
IP
1002
{
1000
Color
1070
     1
1070
     7
1002
{
1002
}
1000
LType
1070
     4
1000
CONTINUOUS
1002
{
1002
}
1000
Base
1070
     3
1070
     0
1002
{
1002
}
1002
}
1002
}
1000
Standard
1070
     0
1002
{
1000
0N
1070
     8
1000
0N
1002
{
1000
Color
1070
     1
1070
     7
1002
{
1002
}
1000
LType
1070
     4
1000
CONTINUOUS
1002
{
1002
}
1000
Base
1070
     3
1070
     0
1002
{
1002
}
1002
}
1000
1N
1070
     8
1000
1N
1002
{
1000
Color
1070
     1
1070
    14
1002
{
1002
}
1000
LType
1070
     4
1000
CONTINUOUS
1002
{
1002
}
1000
Base
1070
     3
1070
     0
1002
{
1002
}
1002
}
1000
2N
1070
     8
1000
2N
1002
{
1000
Color
1070
     1
1070
     5
1002
{
1002
}
1000
LType
1070
     4
1000
CONTINUOUS
1002
{
1002
}
1000
Base
1070
     3
1070
     0
1002
{
1002
}
1002
}
1000
3N
1070
     8
1000
3N
1002
{
1000
Color
1070
     1
1070
     6
1002
{
1002
}
1000
LType
1070
     4
1000
GEN3
1002
{
1002
}
1000
Base
1070
     3
1070
     0
1002
{
1002
}
1002
}
1000
4N
1070
     8
1000
4N
1002
{
1000
Color
1070
     1
1070
     3
1002
{
1002
}
1000
LType
1070
     4
1000
CONTINUOUS
1002
{
1002
}
1000
Base
1070
     3
1070
     0
1002
{
1002
}
1002
}
1000
5N
1070
     8
1000
5N
1002
{
1000
Color
1070
     1
1070
     3
1002
{
1002
}
1000
LType
1070
     4
1000
CONTINUOUS
1002
{
1002
}
1000
Base
1070
     3
1070
     0
1002
{
1002
}
1002
}
1000
6N
1070
     8
1000
6N
1002
{
1000
Color
1070
     1
1070
     2
1002
{
1002
}
1000
LType
1070
     4
1000
CONTINUOUS
1002
{
1002
}
1000
Base
1070
     3
1070
     0
1002
{
1002
}
1002
}
1000
7N
1070
     8
1000
7N
1002
{
1000
Color
1070
     1
1070
     4
1002
{
1002
}
1000
LType
1070
     4
1000
GEN7
1002
{
1002
}
1000
Base
1070
     3
1070
     0
1002
{
1002
}
1002
}
1000
8N
1070
     8
1000
8N
1002
{
1000
Color
1070
     1
1070
     1
1002
{
1002
}
1000
LType
1070
     4
1000
CONTINUOUS
1002
{
1002
}
1000
Base
1070
     3
1070
     0
1002
{
1002
}
1002
}
1000
3AN
1070
     8
1000
3AN
1002
{
1000
Color
1070
     1
1070
     6
1002
{
1002
}
1000
LType
1070
     4
1000
GEN3A
1002
{
1002
}
1000
Base
1070
     3
1070
     0
1002
{
1002
}
1002
}
1000
7AN
1070
     8
1000
7AN
1002
{
1000
Color
1070
     1
1070
     4
1002
{
1002
}
1000
LType
1070
     4
1000
GEN7A
1002
{
1002
}
1000
Base
1070
     3
1070
     0
1002
{
1002
}
1002
}
1000
2AN
1070
     8
1000
2AN
1002
{
1000
Color
1070
     1
1070
     7
1002
{
1002
}
1000
LType
1070
     4
1000
GEN7
1002
{
1002
}
1000
Base
1070
     3
1070
     0
1002
{
1002
}
1002
}
1000
4AN
1070
     8
1000
4AN
1002
{
1000
Color
1070
     1
1070
     3
1002
{
1002
}
1000
LType
1070
     4
1000
GEN4A
1002
{
1002
}
1000
Base
1070
     3
1070
     0
1002
{
1002
}
1002
}
1000
9N
1070
     8
1000
9N
1002
{
1000
Color
1070
     1
1070
   253
1002
{
1002
}
1000
LType
1070
     4
1000
CONTINUOUS
1002
{
1002
}
1000
Base
1070
     3
1070
     0
1002
{
1002
}
1002
}
1000
IPN
1070
     8
1000
IPN
1002
{
1000
Color
1070
     1
1070
     7
1002
{
1002
}
1000
LType
1070
     4
1000
CONTINUOUS
1002
{
1002
}
1000
Base
1070
     3
1070
     0
1002
{
1002
}
1002
}
1002
}
1000
Extra
1070
     0
1002
{
1000
Klin
1070
     8
1000
KLIN
1002
{
1000
Color
1070
     1
1070
     1
1002
{
1002
}
1000
LType
1070
     4
1000
CONTINUOUS
1002
{
1002
}
1000
Base
1070
     3
1070
     1
1002
{
1002
}
1002
}
1000
Info
1070
     8
1000
INFO
1002
{
1000
Color
1070
     1
1070
     4
1002
{
1002
}
1000
LType
1070
     4
1000
CONTINUOUS
1002
{
1002
}
1000
Base
1070
     3
1070
     1
1002
{
1002
}
1002
}
1000
Rahm2
1070
     8
1000
RAHM2
1002
{
1000
Color
1070
     1
1070
     1
1002
{
1002
}
1000
LType
1070
     4
1000
CONTINUOUS
1002
{
1002
}
1000
Base
1070
     3
1070
     1
1002
{
1002
}
1002
}
1000
Rahm3
1070
     8
1000
RAHM3
1002
{
1000
Color
1070
     1
1070
     2
1002
{
1002
}
1000
LType
1070
     4
1000
CONTINUOUS
1002
{
1002
}
1000
Base
1070
     3
1070
     1
1002
{
1002
}
1002
}
1000
Rahm5
1070
     8
1000
RAHM5
1002
{
1000
Color
1070
     1
1070
     7
1002
{
1002
}
1000
LType
1070
     4
1000
CONTINUOUS
1002
{
1002
}
1000
Base
1070
     3
1070
     1
1002
{
1002
}
1002
}
1000
View
1070
     8
1000
VIEW
1002
{
1000
Color
1070
     1
1070
     1
1002
{
1002
}
1000
LType
1070
     4
1000
CONTINUOUS
1002
{
1002
}
1000
Base
1070
     3
1070
     1
1002
{
1002
}
1002
}
1000
Behind
1070
     8
1000
BEHIND
1002
{
1000
Color
1070
     1
1070
   253
1002
{
1002
}
1000
LType
1070
     4
1000
CONTINUOUS
1002
{
1002
}
1000
Base
1070
     3
1070
     1
1002
{
1002
}
1002
}
1002
}
  0
APPID
  5
3C
100
AcDbSymbolTableRecord
100
AcDbRegAppTableRecord
  2
GENIUS_GENCFG2_13
 70
     0
1001
GENIUS_GENCFG_13
1071
939304832
1000
3C
1000
GEN@LAYER@ENTSORT
1070
    10
1000
GenCfgObject
1000
GenCfgShort
1000
GenCfgReal
1000
GenCfgBool
1000
GenCfgString
1000
GenCfgDim
1000
GenCfgAttrInf
1000
GenCfgLaySection
1000
GenCfgLayer
1000
GenCfgEntSort
1000
ADDL
1070
     9
1000
5
1002
{
1000
Class
1070
     4
1000
SYM
1002
{
1002
}
1000
Color
1070
     1
1070
     1
1002
{
1002
}
1000
LType
1070
     4
1000
BYLAYER
1002
{
1002
}
1002
}
1000
ALTR
1070
     9
1000
4
1002
{
1000
Class
1070
     4
1000

1002
{
1002
}
1000
Color
1070
     1
1070
     7
1002
{
1002
}
1000
LType
1070
     4
1000
GEN3A
1002
{
1002
}
1002
}
1000
BELI
1070
     9
1000
4
1002
{
1000
Class
1070
     4
1000

1002
{
1002
}
1000
Color
1070
     1
1070
   256
1002
{
1002
}
1000
LType
1070
     4
1000
BYLAYER
1002
{
1002
}
1002
}
1000
BHNV
1070
     9
1000
9
1002
{
1000
Class
1070
     4
1000
INV
1002
{
1002
}
1000
Color
1070
     1
1070
   256
1002
{
1002
}
1000
LType
1070
     4
1000
BYLAYER
1002
{
1002
}
1002
}
1000
BHNVS
1070
     9
1000
BEHIND
1002
{
1000
Class
1070
     4
1000
INV
1002
{
1002
}
1000
Color
1070
     1
1070
   256
1002
{
1002
}
1000
LType
1070
     4
1000
BYLAYER
1002
{
1002
}
1002
}
1000
BLID
1070
     9
1000
4A
1002
{
1000
Class
1070
     4
1000

1002
{
1002
}
1000
Color
1070
     1
1070
   256
1002
{
1002
}
1000
LType
1070
     4
1000
BYLAYER
1002
{
1002
}
1002
}
1000
BOAP
1070
     9
1000
4A
1002
{
1000
Class
1070
     4
1000

1002
{
1002
}
1000
Color
1070
     1
1070
   256
1002
{
1002
}
1000
LType
1070
     4
1000
BYLAYER
1002
{
1002
}
1002
}
1000
BOR2
1070
     9
1000
RAHM2
1002
{
1000
Class
1070
     4
1000
SPZ,SYM
1002
{
1002
}
1000
Color
1070
     1
1070
   256
1002
{
1002
}
1000
LType
1070
     4
1000
BYLAYER
1002
{
1002
}
1002
}
1000
BOR3
1070
     9
1000
RAHM3
1002
{
1000
Class
1070
     4
1000
SPZ,SYM
1002
{
1002
}
1000
Color
1070
     1
1070
   256
1002
{
1002
}
1000
LType
1070
     4
1000
BYLAYER
1002
{
1002
}
1002
}
1000
BOR5
1070
     9
1000
RAHM5
1002
{
1000
Class
1070
     4
1000
SPZ,SYM
1002
{
1002
}
1000
Color
1070
     1
1070
   256
1002
{
1002
}
1000
LType
1070
     4
1000
BYLAYER
1002
{
1002
}
1002
}
1000
BOR7
1070
     9
1000
RAHM5
1002
{
1000
Class
1070
     4
1000
SPZ,SYM
1002
{
1002
}
1000
Color
1070
     1
1070
     7
1002
{
1002
}
1000
LType
1070
     4
1000
CONTINUOUS
1002
{
1002
}
1002
}
1000
BPAP
1070
     9
1000
4A
1002
{
1000
Class
1070
     4
1000

1002
{
1002
}
1000
Color
1070
     1
1070
   256
1002
{
1002
}
1000
LType
1070
     4
1000
BYLAYER
1002
{
1002
}
1002
}
1000
BPEX
1070
     9
1000
4A
1002
{
1000
Class
1070
     4
1000

1002
{
1002
}
1000
Color
1070
     1
1070
   256
1002
{
1002
}
1000
LType
1070
     4
1000
BYLAYER
1002
{
1002
}
1002
}
1000
BTDI
1070
     9
1000
5
1002
{
1000
Class
1070
     4
1000
DIM,SYM
1002
{
1002
}
1000
Color
1070
     1
1070
   256
1002
{
1002
}
1000
LType
1070
     4
1000
BYLAYER
1002
{
1002
}
1002
}
1000
CAL2
1070
     9
1000
4
1002
{
1000
Class
1070
     4
1000
SYM
1002
{
1002
}
1000
Color
1070
     1
1070
   256
1002
{
1002
}
1000
LType
1070
     4
1000
BYLAYER
1002
{
1002
}
1002
}
1000
CAL3
1070
     9
1000
4
1002
{
1000
Class
1070
     4
1000
SYM
1002
{
1002
}
1000
Color
1070
     1
1070
     2
1002
{
1002
}
1000
LType
1070
     4
1000
BYLAYER
1002
{
1002
}
1002
}
1000
CAL5
1070
     9
1000
4
1002
{
1000
Class
1070
     4
1000
SYM
1002
{
1002
}
1000
Color
1070
     1
1070
     7
1002
{
1002
}
1000
LType
1070
     4
1000
BYLAYER
1002
{
1002
}
1002
}
1000
CAL7
1070
     9
1000
4
1002
{
1000
Class
1070
     4
1000
SYM
1002
{
1002
}
1000
Color
1070
     1
1070
     5
1002
{
1002
}
1000
LType
1070
     4
1000
BYLAYER
1002
{
1002
}
1002
}
1000
CENN
1070
     9
1000
7A
1002
{
1000
Class
1070
     4
1000
CEN
1002
{
1002
}
1000
Color
1070
     1
1070
   256
1002
{
1002
}
1000
LType
1070
     4
1000
BYLAYER
1002
{
1002
}
1002
}
1000
CENW
1070
     9
1000
7
1002
{
1000
Class
1070
     4
1000
CEN
1002
{
1002
}
1000
Color
1070
     1
1070
   256
1002
{
1002
}
1000
LType
1070
     4
1000
BYLAYER
1002
{
1002
}
1002
}
1000
CLIN
1070
     9
1000
KLIN
1002
{
1000
Class
1070
     4
1000
SPZ
1002
{
1002
}
1000
Color
1070
     1
1070
   256
1002
{
1002
}
1000
LType
1070
     4
1000
BYLAYER
1002
{
1002
}
1002
}
1000
CON1
1070
     9
1000
0
1002
{
1000
Class
1070
     4
1000
CON,BGD
1002
{
1002
}
1000
Color
1070
     1
1070
   256
1002
{
1002
}
1000
LType
1070
     4
1000
BYLAYER
1002
{
1002
}
1002
}
1000
CON2
1070
     9
1000
1
1002
{
1000
Class
1070
     4
1000
CON,BGD
1002
{
1002
}
1000
Color
1070
     1
1070
   256
1002
{
1002
}
1000
LType
1070
     4
1000
BYLAYER
1002
{
1002
}
1002
}
1000
CON3
1070
     9
1000
2
1002
{
1000
Class
1070
     4
1000
CON,BGD
1002
{
1002
}
1000
Color
1070
     1
1070
   256
1002
{
1002
}
1000
LType
1070
     4
1000
BYLAYER
1002
{
1002
}
1002
}
1000
CON4
1070
     9
1000
2
1002
{
1000
Class
1070
     4
1000
CON,BGD
1002
{
1002
}
1000
Color
1070
     1
1070
   256
1002
{
1002
}
1000
LType
1070
     4
1000
BYLAYER
1002
{
1002
}
1002
}
1000
DERP
1070
     9
1000
4
1002
{
1000
Class
1070
     4
1000

1002
{
1002
}
1000
Color
1070
     1
1070
   256
1002
{
1002
}
1000
LType
1070
     4
1000
BYLAYER
1002
{
1002
}
1002
}
1000
DETA
1070
     9
1000
4
1002
{
1000
Class
1070
     4
1000

1002
{
1002
}
1000
Color
1070
     1
1070
   256
1002
{
1002
}
1000
LType
1070
     4
1000
BYLAYER
1002
{
1002
}
1002
}
1000
DIAG
1070
     9
1000
5
1002
{
1000
Class
1070
     4
1000
SYM
1002
{
1002
}
1000
Color
1070
     1
1070
   256
1002
{
1002
}
1000
LType
1070
     4
1000
BYLAYER
1002
{
1002
}
1002
}
1000
DILI
1070
     9
1000
5
1002
{
1000
Class
1070
     4
1000
DIM,SYM
1002
{
1002
}
1000
Color
1070
     1
1070
   256
1002
{
1002
}
1000
LType
1070
     4
1000
BYLAYER
1002
{
1002
}
1002
}
1000
DITO2
1070
     9
1000
5
1002
{
1000
Class
1070
     4
1000
DIM,SYM
1002
{
1002
}
1000
Color
1070
     1
1070
     3
1002
{
1002
}
1000
LType
1070
     4
1000
BYLAYER
1002
{
1002
}
1002
}
1000
DITO3
1070
     9
1000
5
1002
{
1000
Class
1070
     4
1000
DIM,SYM
1002
{
1002
}
1000
Color
1070
     1
1070
     2
1002
{
1002
}
1000
LType
1070
     4
1000
BYLAYER
1002
{
1002
}
1002
}
1000
DITX
1070
     9
1000
5
1002
{
1000
Class
1070
     4
1000
DIM,SYM
1002
{
1002
}
1000
Color
1070
     1
1070
     2
1002
{
1002
}
1000
LType
1070
     4
1000
CONTINUOUS
1002
{
1002
}
1002
}
1000
DIXL
1070
     9
1000
5
1002
{
1000
Class
1070
     4
1000
DIM,SYM
1002
{
1002
}
1000
Color
1070
     1
1070
   256
1002
{
1002
}
1000
LType
1070
     4
1000
BYLAYER
1002
{
1002
}
1002
}
1000
EXMP
1070
     9
1000
4A
1002
{
1000
Class
1070
     4
1000

1002
{
1002
}
1000
Color
1070
     1
1070
   256
1002
{
1002
}
1000
LType
1070
     4
1000
BYLAYER
1002
{
1002
}
1002
}
1000
FEMN
1070
     9
1000
8
1002
{
1000
Class
1070
     4
1000

1002
{
1002
}
1000
Color
1070
     1
1070
   256
1002
{
1002
}
1000
LType
1070
     4
1000
BYLAYER
1002
{
1002
}
1002
}
1000
FEMPN
1070
     9
1000
8
1002
{
1000
Class
1070
     4
1000
SYM
1002
{
1002
}
1000
Color
1070
     1
1070
     3
1002
{
1002
}
1000
LType
1070
     4
1000
BYLAYER
1002
{
1002
}
1002
}
1000
FEMSP
1070
     9
1000
4A
1002
{
1000
Class
1070
     4
1000

1002
{
1002
}
1000
Color
1070
     1
1070
   256
1002
{
1002
}
1000
LType
1070
     4
1000
CONTINUOUS
1002
{
1002
}
1002
}
1000
FEMST
1070
     9
1000
4A
1002
{
1000
Class
1070
     4
1000
SYM
1002
{
1002
}
1000
Color
1070
     1
1070
     3
1002
{
1002
}
1000
LType
1070
     4
1000
BYLAYER
1002
{
1002
}
1002
}
1000
FEMVN
1070
     9
1000
2
1002
{
1000
Class
1070
     4
1000
CON
1002
{
1002
}
1000
Color
1070
     1
1070
   256
1002
{
1002
}
1000
LType
1070
     4
1000
BYLAYER
1002
{
1002
}
1002
}
1000
FEMVT
1070
     9
1000
2
1002
{
1000
Class
1070
     4
1000
SYM
1002
{
1002
}
1000
Color
1070
     1
1070
     3
1002
{
1002
}
1000
LType
1070
     4
1000
BYLAYER
1002
{
1002
}
1002
}
1000
FLAT
1070
     9
1000
0
1002
{
1000
Class
1070
     4
1000

1002
{
1002
}
1000
Color
1070
     1
1070
   256
1002
{
1002
}
1000
LType
1070
     4
1000
BYLAYER
1002
{
1002
}
1002
}
1000
FRAR
1070
     9
1000
4A
1002
{
1000
Class
1070
     4
1000

1002
{
1002
}
1000
Color
1070
     1
1070
   256
1002
{
1002
}
1000
LType
1070
     4
1000
BYLAYER
1002
{
1002
}
1002
}
1000
GRLI
1070
     9
1000
5
1002
{
1000
Class
1070
     4
1000
SYM
1002
{
1002
}
1000
Color
1070
     1
1070
   256
1002
{
1002
}
1000
LType
1070
     4
1000
BYLAYER
1002
{
1002
}
1002
}
1000
GVLI
1070
     9
1000
4A
1002
{
1000
Class
1070
     4
1000

1002
{
1002
}
1000
Color
1070
     1
1070
   256
1002
{
1002
}
1000
LType
1070
     4
1000
BYLAYER
1002
{
1002
}
1002
}
1000
HATC
1070
     9
1000
8
1002
{
1000
Class
1070
     4
1000
HTC,BGD
1002
{
1002
}
1000
Color
1070
     1
1070
   256
1002
{
1002
}
1000
LType
1070
     4
1000
BYLAYER
1002
{
1002
}
1002
}
1000
HIDN
1070
     9
1000
3A
1002
{
1000
Class
1070
     4
1000
HID,BGD
1002
{
1002
}
1000
Color
1070
     1
1070
   256
1002
{
1002
}
1000
LType
1070
     4
1000
BYLAYER
1002
{
1002
}
1002
}
1000
HIDW
1070
     9
1000
3
1002
{
1000
Class
1070
     4
1000
HID,BGD
1002
{
1002
}
1000
Color
1070
     1
1070
   256
1002
{
1002
}
1000
LType
1070
     4
1000
BYLAYER
1002
{
1002
}
1002
}
1000
HLIN
1070
     9
1000
4
1002
{
1000
Class
1070
     4
1000
BGD
1002
{
1002
}
1000
Color
1070
     1
1070
   256
1002
{
1002
}
1000
LType
1070
     4
1000
BYLAYER
1002
{
1002
}
1002
}
1000
HOCN
1070
     9
1000
7A
1002
{
1000
Class
1070
     4
1000
CEN
1002
{
1002
}
1000
Color
1070
     1
1070
   256
1002
{
1002
}
1000
LType
1070
     4
1000
BYLAYER
1002
{
1002
}
1002
}
1000
HOCW
1070
     9
1000
7
1002
{
1000
Class
1070
     4
1000
CEN
1002
{
1002
}
1000
Color
1070
     1
1070
   256
1002
{
1002
}
1000
LType
1070
     4
1000
BYLAYER
1002
{
1002
}
1002
}
1000
INFO
1070
     9
1000
INFO
1002
{
1000
Class
1070
     4
1000
SPZ,SYM
1002
{
1002
}
1000
Color
1070
     1
1070
   256
1002
{
1002
}
1000
LType
1070
     4
1000
BYLAYER
1002
{
1002
}
1002
}
1000
LADI
1070
     9
1000
4
1002
{
1000
Class
1070
     4
1000
BGD
1002
{
1002
}
1000
Color
1070
     1
1070
   256
1002
{
1002
}
1000
LType
1070
     4
1000
BYLAYER
1002
{
1002
}
1002
}
1000
LEAD
1070
     9
1000
5
1002
{
1000
Class
1070
     4
1000
SYM
1002
{
1002
}
1000
Color
1070
     1
1070
   256
1002
{
1002
}
1000
LType
1070
     4
1000
BYLAYER
1002
{
1002
}
1002
}
1000
N_ADDL
1070
     9
1000
5N
1002
{
1000
Class
1070
     4
1000
SYM
1002
{
1002
}
1000
Color
1070
     1
1070
     1
1002
{
1002
}
1000
LType
1070
     4
1000
BYLAYER
1002
{
1002
}
1002
}
1000
N_BHNV
1070
     9
1000
9N
1002
{
1000
Class
1070
     4
1000
INV
1002
{
1002
}
1000
Color
1070
     1
1070
   256
1002
{
1002
}
1000
LType
1070
     4
1000
BYLAYER
1002
{
1002
}
1002
}
1000
N_CON1
1070
     9
1000
0N
1002
{
1000
Class
1070
     4
1000
CON,BGD
1002
{
1002
}
1000
Color
1070
     1
1070
   256
1002
{
1002
}
1000
LType
1070
     4
1000
BYLAYER
1002
{
1002
}
1002
}
1000
N_CON2
1070
     9
1000
1N
1002
{
1000
Class
1070
     4
1000
CON,BGD
1002
{
1002
}
1000
Color
1070
     1
1070
   256
1002
{
1002
}
1000
LType
1070
     4
1000
BYLAYER
1002
{
1002
}
1002
}
1000
N_CON3
1070
     9
1000
2N
1002
{
1000
Class
1070
     4
1000
CON,BGD
1002
{
1002
}
1000
Color
1070
     1
1070
   256
1002
{
1002
}
1000
LType
1070
     4
1000
BYLAYER
1002
{
1002
}
1002
}
1000
N_CON4
1070
     9
1000
2N
1002
{
1000
Class
1070
     4
1000
CON,BGD
1002
{
1002
}
1000
Color
1070
     1
1070
   256
1002
{
1002
}
1000
LType
1070
     4
1000
BYLAYER
1002
{
1002
}
1002
}
1000
N_CENN
1070
     9
1000
7AN
1002
{
1000
Class
1070
     4
1000
CEN
1002
{
1002
}
1000
Color
1070
     1
1070
   256
1002
{
1002
}
1000
LType
1070
     4
1000
BYLAYER
1002
{
1002
}
1002
}
1000
N_CENW
1070
     9
1000
7N
1002
{
1000
Class
1070
     4
1000
CEN
1002
{
1002
}
1000
Color
1070
     1
1070
   256
1002
{
1002
}
1000
LType
1070
     4
1000
BYLAYER
1002
{
1002
}
1002
}
1000
N_DILI
1070
     9
1000
5N
1002
{
1000
Class
1070
     4
1000
DIM,SYM
1002
{
1002
}
1000
Color
1070
     1
1070
   256
1002
{
1002
}
1000
LType
1070
     4
1000
BYLAYER
1002
{
1002
}
1002
}
1000
N_DITX
1070
     9
1000
5N
1002
{
1000
Class
1070
     4
1000
DIM,SYM
1002
{
1002
}
1000
Color
1070
     1
1070
     2
1002
{
1002
}
1000
LType
1070
     4
1000
CONTINUOUS
1002
{
1002
}
1002
}
1000
N_DIXL
1070
     9
1000
5N
1002
{
1000
Class
1070
     4
1000
DIM,SYM
1002
{
1002
}
1000
Color
1070
     1
1070
   256
1002
{
1002
}
1000
LType
1070
     4
1000
BYLAYER
1002
{
1002
}
1002
}
1000
N_HATC
1070
     9
1000
8N
1002
{
1000
Class
1070
     4
1000
HTC,BGD
1002
{
1002
}
1000
Color
1070
     1
1070
   256
1002
{
1002
}
1000
LType
1070
     4
1000
BYLAYER
1002
{
1002
}
1002
}
1000
N_HIDN
1070
     9
1000
3AN
1002
{
1000
Class
1070
     4
1000
HID,BGD
1002
{
1002
}
1000
Color
1070
     1
1070
   256
1002
{
1002
}
1000
LType
1070
     4
1000
BYLAYER
1002
{
1002
}
1002
}
1000
N_HIDW
1070
     9
1000
3N
1002
{
1000
Class
1070
     4
1000
HID,BGD
1002
{
1002
}
1000
Color
1070
     1
1070
   256
1002
{
1002
}
1000
LType
1070
     4
1000
BYLAYER
1002
{
1002
}
1002
}
1000
N_NGIP
1070
     9
1000
IPN
1002
{
1000
Class
1070
     4
1000

1002
{
1002
}
1000
Color
1070
     1
1070
   256
1002
{
1002
}
1000
LType
1070
     4
1000
BYLAYER
1002
{
1002
}
1002
}
1000
N_PHAN
1070
     9
1000
4AN
1002
{
1000
Class
1070
     4
1000

1002
{
1002
}
1000
Color
1070
     1
1070
   256
1002
{
1002
}
1000
LType
1070
     4
1000
BYLAYER
1002
{
1002
}
1002
}
1000
N_POSL
1070
     9
1000
5N
1002
{
1000
Class
1070
     4
1000
SYM
1002
{
1002
}
1000
Color
1070
     1
1070
   256
1002
{
1002
}
1000
LType
1070
     4
1000
BYLAYER
1002
{
1002
}
1002
}
1000
N_TCON
1070
     9
1000
0N
1002
{
1000
Class
1070
     4
1000
CON,BGD
1002
{
1002
}
1000
Color
1070
     1
1070
   256
1002
{
1002
}
1000
LType
1070
     4
1000
BYLAYER
1002
{
1002
}
1002
}
1000
N_THLI
1070
     9
1000
4N
1002
{
1000
Class
1070
     4
1000
BGD
1002
{
1002
}
1000
Color
1070
     1
1070
   256
1002
{
1002
}
1000
LType
1070
     4
1000
BYLAYER
1002
{
1002
}
1002
}
1000
N_TLEN
1070
     9
1000
0N
1002
{
1000
Class
1070
     4
1000
CON,BGD
1002
{
1002
}
1000
Color
1070
     1
1070
   256
1002
{
1002
}
1000
LType
1070
     4
1000
BYLAYER
1002
{
1002
}
1002
}
1000
N_TXT3
1070
     9
1000
6N
1002
{
1000
Class
1070
     4
1000
SYM
1002
{
1002
}
1000
Color
1070
     1
1070
   256
1002
{
1002
}
1000
LType
1070
     4
1000
BYLAYER
1002
{
1002
}
1002
}
1000
N_VPLI
1070
     9
1000
2AN
1002
{
1000
Class
1070
     4
1000

1002
{
1002
}
1000
Color
1070
     1
1070
   256
1002
{
1002
}
1000
LType
1070
     4
1000
BYLAYER
1002
{
1002
}
1002
}
1000
NGIP
1070
     9
1000
IP
1002
{
1000
Class
1070
     4
1000

1002
{
1002
}
1000
Color
1070
     1
1070
   256
1002
{
1002
}
1000
LType
1070
     4
1000
BYLAYER
1002
{
1002
}
1002
}
1000
PAL2
1070
     9
1000
RAHM2
1002
{
1000
Class
1070
     4
1000
SPZ,SYM
1002
{
1002
}
1000
Color
1070
     1
1070
   256
1002
{
1002
}
1000
LType
1070
     4
1000
BYLAYER
1002
{
1002
}
1002
}
1000
PAL3
1070
     9
1000
RAHM3
1002
{
1000
Class
1070
     4
1000
SPZ,SYM
1002
{
1002
}
1000
Color
1070
     1
1070
   256
1002
{
1002
}
1000
LType
1070
     4
1000
BYLAYER
1002
{
1002
}
1002
}
1000
PAL5
1070
     9
1000
RAHM5
1002
{
1000
Class
1070
     4
1000
SPZ,SYM
1002
{
1002
}
1000
Color
1070
     1
1070
   256
1002
{
1002
}
1000
LType
1070
     4
1000
BYLAYER
1002
{
1002
}
1002
}
1000
PAL7
1070
     9
1000
RAHM5
1002
{
1000
Class
1070
     4
1000
SPZ,SYM
1002
{
1002
}
1000
Color
1070
     1
1070
     7
1002
{
1002
}
1000
LType
1070
     4
1000
CONTINUOUS
1002
{
1002
}
1002
}
1000
PHAN
1070
     9
1000
4A
1002
{
1000
Class
1070
     4
1000

1002
{
1002
}
1000
Color
1070
     1
1070
   256
1002
{
1002
}
1000
LType
1070
     4
1000
BYLAYER
1002
{
1002
}
1002
}
1000
POSL
1070
     9
1000
5
1002
{
1000
Class
1070
     4
1000
SYM
1002
{
1002
}
1000
Color
1070
     1
1070
   256
1002
{
1002
}
1000
LType
1070
     4
1000
BYLAYER
1002
{
1002
}
1002
}
1000
POSN
1070
     9
1000
6
1002
{
1000
Class
1070
     4
1000
SYM
1002
{
1002
}
1000
Color
1070
     1
1070
     7
1002
{
1002
}
1000
LType
1070
     4
1000
BYLAYER
1002
{
1002
}
1002
}
1000
POSREF
1070
     9
1000
6
1002
{
1000
Class
1070
     4
1000
SYM
1002
{
1002
}
1000
Color
1070
     1
1070
     5
1002
{
1002
}
1000
LType
1070
     4
1000
BYLAYER
1002
{
1002
}
1002
}
1000
POSX
1070
     9
1000
5
1002
{
1000
Class
1070
     4
1000
SYM
1002
{
1002
}
1000
Color
1070
     1
1070
     2
1002
{
1002
}
1000
LType
1070
     4
1000
CONTINUOUS
1002
{
1002
}
1002
}
1000
PSEC
1070
     9
1000
4A
1002
{
1000
Class
1070
     4
1000

1002
{
1002
}
1000
Color
1070
     1
1070
   256
1002
{
1002
}
1000
LType
1070
     4
1000
BYLAYER
1002
{
1002
}
1002
}
1000
RCGN
1070
     9
1000
7A
1002
{
1000
Class
1070
     4
1000
CEN
1002
{
1002
}
1000
Color
1070
     1
1070
   256
1002
{
1002
}
1000
LType
1070
     4
1000
BYLAYER
1002
{
1002
}
1002
}
1000
RCGW
1070
     9
1000
7
1002
{
1000
Class
1070
     4
1000
CEN
1002
{
1002
}
1000
Color
1070
     1
1070
   256
1002
{
1002
}
1000
LType
1070
     4
1000
BYLAYER
1002
{
1002
}
1002
}
1000
RFDI
1070
     9
1000
4
1002
{
1000
Class
1070
     4
1000
BGD
1002
{
1002
}
1000
Color
1070
     1
1070
   256
1002
{
1002
}
1000
LType
1070
     4
1000
BYLAYER
1002
{
1002
}
1002
}
1000
RQTR
1070
     9
1000
4
1002
{
1000
Class
1070
     4
1000

1002
{
1002
}
1000
Color
1070
     1
1070
     7
1002
{
1002
}
1000
LType
1070
     4
1000
GEN7A
1002
{
1002
}
1002
}
1000
RSBO
1070
     9
1000
4
1002
{
1000
Class
1070
     4
1000
BGD
1002
{
1002
}
1000
Color
1070
     1
1070
   256
1002
{
1002
}
1000
LType
1070
     4
1000
BYLAYER
1002
{
1002
}
1002
}
1000
SBRK
1070
     9
1000
4
1002
{
1000
Class
1070
     4
1000
BGD
1002
{
1002
}
1000
Color
1070
     1
1070
   256
1002
{
1002
}
1000
LType
1070
     4
1000
BYLAYER
1002
{
1002
}
1002
}
1000
SCEN
1070
     9
1000
7
1002
{
1000
Class
1070
     4
1000

1002
{
1002
}
1000
Color
1070
     1
1070
   256
1002
{
1002
}
1000
LType
1070
     4
1000
CONTINUOUS
1002
{
1002
}
1002
}
1000
SECT
1070
     9
1000
4
1002
{
1000
Class
1070
     4
1000
BGD
1002
{
1002
}
1000
Color
1070
     1
1070
   256
1002
{
1002
}
1000
LType
1070
     4
1000
BYLAYER
1002
{
1002
}
1002
}
1000
SELN
1070
     9
1000
7A
1002
{
1000
Class
1070
     4
1000

1002
{
1002
}
1000
Color
1070
     1
1070
   256
1002
{
1002
}
1000
LType
1070
     4
1000
BYLAYER
1002
{
1002
}
1002
}
1000
SELW
1070
     9
1000
7
1002
{
1000
Class
1070
     4
1000

1002
{
1002
}
1000
Color
1070
     1
1070
   256
1002
{
1002
}
1000
LType
1070
     4
1000
BYLAYER
1002
{
1002
}
1002
}
1000
SSYS
1070
     9
1000
0
1002
{
1000
Class
1070
     4
1000

1002
{
1002
}
1000
Color
1070
     1
1070
   256
1002
{
1002
}
1000
LType
1070
     4
1000
BYLAYER
1002
{
1002
}
1002
}
1000
STLI
1070
     9
1000
4
1002
{
1000
Class
1070
     4
1000

1002
{
1002
}
1000
Color
1070
     1
1070
     7
1002
{
1002
}
1000
LType
1070
     4
1000
GEN3A
1002
{
1002
}
1002
}
1000
SYB1
1070
     9
1000
5
1002
{
1000
Class
1070
     4
1000
SYM
1002
{
1002
}
1000
Color
1070
     1
1070
   256
1002
{
1002
}
1000
LType
1070
     4
1000
BYLAYER
1002
{
1002
}
1002
}
1000
SYB2
1070
     9
1000
5
1002
{
1000
Class
1070
     4
1000
SYM
1002
{
1002
}
1000
Color
1070
     1
1070
   256
1002
{
1002
}
1000
LType
1070
     4
1000
BYLAYER
1002
{
1002
}
1002
}
1000
SYB3
1070
     9
1000
6
1002
{
1000
Class
1070
     4
1000
SYM
1002
{
1002
}
1000
Color
1070
     1
1070
   256
1002
{
1002
}
1000
LType
1070
     4
1000
CONTINUOUS
1002
{
1002
}
1002
}
1000
SYB5
1070
     9
1000
5
1002
{
1000
Class
1070
     4
1000
SYM
1002
{
1002
}
1000
Color
1070
     1
1070
     7
1002
{
1002
}
1000
LType
1070
     4
1000
BYLAYER
1002
{
1002
}
1002
}
1000
SYMN
1070
     9
1000
7A
1002
{
1000
Class
1070
     4
1000
CEN
1002
{
1002
}
1000
Color
1070
     1
1070
   256
1002
{
1002
}
1000
LType
1070
     4
1000
BYLAYER
1002
{
1002
}
1002
}
1000
SYMW
1070
     9
1000
7
1002
{
1000
Class
1070
     4
1000
CEN
1002
{
1002
}
1000
Color
1070
     1
1070
   256
1002
{
1002
}
1000
LType
1070
     4
1000
BYLAYER
1002
{
1002
}
1002
}
1000
TCON
1070
     9
1000
0
1002
{
1000
Class
1070
     4
1000
CON,BGD
1002
{
1002
}
1000
Color
1070
     1
1070
   256
1002
{
1002
}
1000
LType
1070
     4
1000
BYLAYER
1002
{
1002
}
1002
}
1000
THLI
1070
     9
1000
4
1002
{
1000
Class
1070
     4
1000
BGD
1002
{
1002
}
1000
Color
1070
     1
1070
   256
1002
{
1002
}
1000
LType
1070
     4
1000
BYLAYER
1002
{
1002
}
1002
}
1000
TIT2
1070
     9
1000
RAHM2
1002
{
1000
Class
1070
     4
1000
SPZ,SYM
1002
{
1002
}
1000
Color
1070
     1
1070
   256
1002
{
1002
}
1000
LType
1070
     4
1000
BYLAYER
1002
{
1002
}
1002
}
1000
TIT3
1070
     9
1000
RAHM3
1002
{
1000
Class
1070
     4
1000
SPZ,SYM
1002
{
1002
}
1000
Color
1070
     1
1070
   256
1002
{
1002
}
1000
LType
1070
     4
1000
BYLAYER
1002
{
1002
}
1002
}
1000
TIT5
1070
     9
1000
RAHM5
1002
{
1000
Class
1070
     4
1000
SPZ,SYM
1002
{
1002
}
1000
Color
1070
     1
1070
   256
1002
{
1002
}
1000
LType
1070
     4
1000
BYLAYER
1002
{
1002
}
1002
}
1000
TIT7
1070
     9
1000
RAHM5
1002
{
1000
Class
1070
     4
1000
SPZ,SYM
1002
{
1002
}
1000
Color
1070
     1
1070
     7
1002
{
1002
}
1000
LType
1070
     4
1000
CONTINUOUS
1002
{
1002
}
1002
}
1000
TLEN
1070
     9
1000
0
1002
{
1000
Class
1070
     4
1000
CON,BGD
1002
{
1002
}
1000
Color
1070
     1
1070
   256
1002
{
1002
}
1000
LType
1070
     4
1000
BYLAYER
1002
{
1002
}
1002
}
1000
TRKN
1070
     9
1000
7A
1002
{
1000
Class
1070
     4
1000

1002
{
1002
}
1000
Color
1070
     1
1070
   256
1002
{
1002
}
1000
LType
1070
     4
1000
BYLAYER
1002
{
1002
}
1002
}
1000
TRKW
1070
     9
1000
7
1002
{
1000
Class
1070
     4
1000

1002
{
1002
}
1000
Color
1070
     1
1070
   256
1002
{
1002
}
1000
LType
1070
     4
1000
BYLAYER
1002
{
1002
}
1002
}
1000
TRLI
1070
     9
1000
4
1002
{
1000
Class
1070
     4
1000
BGD
1002
{
1002
}
1000
Color
1070
     1
1070
   256
1002
{
1002
}
1000
LType
1070
     4
1000
BYLAYER
1002
{
1002
}
1002
}
1000
TXT1
1070
     9
1000
6
1002
{
1000
Class
1070
     4
1000
SYM
1002
{
1002
}
1000
Color
1070
     1
1070
     2
1002
{
1002
}
1000
LType
1070
     4
1000
BYLAYER
1002
{
1002
}
1002
}
1000
TXT2
1070
     9
1000
6
1002
{
1000
Class
1070
     4
1000
SYM
1002
{
1002
}
1000
Color
1070
     1
1070
     2
1002
{
1002
}
1000
LType
1070
     4
1000
BYLAYER
1002
{
1002
}
1002
}
1000
TXT3
1070
     9
1000
6
1002
{
1000
Class
1070
     4
1000
SYM
1002
{
1002
}
1000
Color
1070
     1
1070
   256
1002
{
1002
}
1000
LType
1070
     4
1000
BYLAYER
1002
{
1002
}
1002
}
1000
TXT5
1070
     9
1000
6
1002
{
1000
Class
1070
     4
1000
SYM
1002
{
1002
}
1000
Color
1070
     1
1070
     7
1002
{
1002
}
1000
LType
1070
     4
1000
BYLAYER
1002
{
1002
}
1002
}
1000
TXT7
1070
     9
1000
6
1002
{
1000
Class
1070
     4
1000
SYM
1002
{
1002
}
1000
Color
1070
     1
1070
     7
1002
{
1002
}
1000
LType
1070
     4
1000
BYLAYER
1002
{
1002
}
1002
}
1000
VIEW
1070
     9
1000
VIEW
1002
{
1000
Class
1070
     4
1000
SPZ
1002
{
1002
}
1000
Color
1070
     1
1070
   256
1002
{
1002
}
1000
LType
1070
     4
1000
BYLAYER
1002
{
1002
}
1002
}
1000
VPLI
1070
     9
1000
2A
1002
{
1000
Class
1070
     4
1000

1002
{
1002
}
1000
Color
1070
     1
1070
   256
1002
{
1002
}
1000
LType
1070
     4
1000
BYLAYER
1002
{
1002
}
1002
}
1000
ZIZA
1070
     9
1000
4
1002
{
1000
Class
1070
     4
1000
BGD
1002
{
1002
}
1000
Color
1070
     1
1070
   256
1002
{
1002
}
1000
LType
1070
     4
1000
GENZIGZAG
1002
{
1002
}
1002
}
  0
APPID
  5
3D
100
AcDbSymbolTableRecord
100
AcDbRegAppTableRecord
  2
GENIUS_GENCFG3_13
 70
     0
1001
GENIUS_GENCFG_13
1071
939304832
1000
3D
1000
GEN@OSWIZ
1070
     4
1000
GenCfgObject
1000
GenCfgFilter
1000
GenCfgString
1000
GenCfgBool
1000
Filter
1070
     0
1002
{
1000
HATCH
1070
     1
1002
{
1000
EntityType
1070
     2
1000
LINE
1002
{
1002
}
1000
Layer
1070
     2
1000
8,8N,*-8,*-8N
1002
{
1002
}
1000
Linetype
1070
     2
1000
*
1002
{
1002
}
1000
Color
1070
     2
1000
*
1002
{
1002
}
1000
ApplyInDims
1070
     3
1070
     1
1002
{
1002
}
1002
}
1000
SYMBOLS
1070
     1
1002
{
1000
EntityType
1070
     2
1000
*
1002
{
1002
}
1000
Layer
1070
     2
1000
[5-6],[5-6]N,*-[5-6],*-[5-6]N
1002
{
1002
}
1000
Linetype
1070
     2
1000
*
1002
{
1002
}
1000
Color
1070
     2
1000
*
1002
{
1002
}
1000
ApplyInDims
1070
     3
1070
     1
1002
{
1002
}
1002
}
1000
FEM
1070
     1
1002
{
1000
EntityType
1070
     2
1000
*
1002
{
1002
}
1000
Layer
1070
     2
1000
4A,4AN,*-4A,*-4AN
1002
{
1002
}
1000
Linetype
1070
     2
1000
*
1002
{
1002
}
1000
Color
1070
     2
1000
*
1002
{
1002
}
1000
ApplyInDims
1070
     3
1070
     1
1002
{
1002
}
1002
}
1002
}
  0
APPID
  5
3E
100
AcDbSymbolTableRecord
100
AcDbRegAppTableRecord
  2
GENIUS_GENCFG4_13
 70
     0
1001
GENIUS_GENCFG_13
1071
939304832
1000
3E
1000
GEN
1070
    12
1000
GenCfgObject
1000
GenCfgShort
1000
GenCfgReal
1000
GenCfgBool
1000
GenCfgString
1000
GenCfgDim
1000
GenCfgAttrInf
1000
GenCfgLaySection
1000
GenCfgLayer
1000
GenCfgEntSort
1000
GenCfgLType
1000
GenCfgFilter
1000
Balloon
1070
     0
1002
{
1000
GenIF
1070
     1
1070
     0
1002
{
1002
}
1000
GenPosInc
1070
     1
1070
     1
1002
{
1002
}
1000
GenPosBlk
1070
     1
1070
     8
1002
{
1002
}
1000
GenPosVar
1070
     1
1070
     0
1002
{
1002
}
1000
GenZiCir
1070
     2
1040
1.5
1002
{
1002
}
1000
MaxCharForCenteredText
1070
     1
1070
    30
1002
{
1002
}
1000
Snap
1070
     0
1002
{
1000
ActivationRadius
1070
     2
1040
1.0
1002
{
1002
}
1000
M
1070
     0
1002
{
1000
SnapStepX
1070
     2
1040
20.0
1002
{
1002
}
1000
SnapStepY
1070
     2
1040
10.0
1002
{
1002
}
1002
}
1000
I
1070
     0
1002
{
1000
SnapStepX
1070
     2
1040
1.0
1002
{
1002
}
1000
SnapStepY
1070
     2
1040
0.5
1002
{
1002
}
1002
}
1002
}
1002
}
1000
Centerline
1070
     0
1002
{
1000
ScaleNot
1070
     3
1070
     0
1002
{
1002
}
1000
M
1070
     0
1002
{
1000
GenCenAng
1070
     4
1000
45|90|135
1002
{
1002
}
1000
GenCenDia
1070
     2
1040
10.0
1002
{
1002
}
1000
GenCenDias
1070
     4
1000
10|20|30
1002
{
1002
}
1000
GenCenDist
1070
     2
1040
3.0
1002
{
1002
}
1000
GenCenLen
1070
     2
1040
10.0
1002
{
1002
}
1000
GenCenOff
1070
     2
1040
10.0
1002
{
1002
}
1002
}
1000
I
1070
     0
1002
{
1000
GenCenAng
1070
     4
1000
45|90|135
1002
{
1002
}
1000
GenCenDia
1070
     2
1040
0.5
1002
{
1002
}
1000
GenCenDias
1070
     4
1000
0.5|1.0|1.5
1002
{
1002
}
1000
GenCenDist
1070
     2
1040
0.125
1002
{
1002
}
1000
GenCenLen
1070
     2
1040
0.5
1002
{
1002
}
1000
GenCenOff
1070
     2
1040
0.5
1002
{
1002
}
1002
}
1002
}
1000
CLine
1070
     0
1002
{
1000
CAngArray
1070
     4
1000
30|45|60
1002
{
1002
}
1000
Typ
1070
     4
1000
XLINE
1002
{
1002
}
1000
M
1070
     0
1002
{
1000
CLinArray
1070
     4
1000
10|20|30
1002
{
1002
}
1002
}
1000
I
1070
     0
1002
{
1000
CLinArray
1070
     4
1000
0.125|0.25|0.5
1002
{
1002
}
1002
}
1002
}
1000
Detail
1070
     0
1002
{
1002
}
1000
Dimension
1070
     5
1002
{
1000
DIMALT
1070
     1
1070
     0
1002
{
1002
}
1000
DIMALTD
1070
     1
1070
     2
1002
{
1002
}
1000
DIMALTTD
1070
     1
1070
     4
1002
{
1002
}
1000
DIMALTTZ
1070
     1
1070
     0
1002
{
1002
}
1000
DIMALTU
1070
     1
1070
     2
1002
{
1002
}
1000
DIMALTZ
1070
     1
1070
     0
1002
{
1002
}
1000
DIMAUNIT
1070
     1
1070
     0
1002
{
1002
}
1000
DIMBLK
1070
     4
1000

1002
{
1002
}
1000
DIMBLK1
1070
     4
1000

1002
{
1002
}
1000
DIMBLK2
1070
     4
1000

1002
{
1002
}
1000
DIMCLRD
1070
     1
1070
   256
1002
{
1002
}
1000
DIMCLRE
1070
     1
1070
   256
1002
{
1002
}
1000
DIMCLRT
1070
     1
1070
     2
1002
{
1002
}
1000
DIMDLE
1070
     2
1040
0.0
1002
{
1002
}
1000
DIMFIT
1070
     1
1070
     3
1002
{
1002
}
1000
DIMJUST
1070
     1
1070
     0
1002
{
1002
}
1000
DIMLFAC
1070
     2
1040
1.0
1002
{
1002
}
1000
DIMLIM
1070
     1
1070
     0
1002
{
1002
}
1000
DIMPOST
1070
     4
1000
<>
1002
{
1002
}
1000
DIMRND
1070
     2
1040
0.0
1002
{
1002
}
1000
DIMSAH
1070
     1
1070
     0
1002
{
1002
}
1000
DIMSCALE
1070
     2
1040
1.0
1002
{
1002
}
1000
DIMSD1
1070
     1
1070
     0
1002
{
1002
}
1000
DIMSD2
1070
     1
1070
     0
1002
{
1002
}
1000
DIMSE1
1070
     1
1070
     0
1002
{
1002
}
1000
DIMSE2
1070
     1
1070
     0
1002
{
1002
}
1000
DIMSOXD
1070
     1
1070
     0
1002
{
1002
}
1000
DIMTAD
1070
     1
1070
     0
1002
{
1002
}
1000
DIMTFAC
1070
     2
1040
0.71
1002
{
1002
}
1000
DIMTIH
1070
     1
1070
     0
1002
{
1002
}
1000
DIMTIX
1070
     1
1070
     0
1002
{
1002
}
1000
DIMTM
1070
     2
1040
0.1
1002
{
1002
}
1000
DIMTOFL
1070
     1
1070
     0
1002
{
1002
}
1000
DIMTOH
1070
     1
1070
     0
1002
{
1002
}
1000
DIMTOL
1070
     1
1070
     0
1002
{
1002
}
1000
DIMTOLJ
1070
     1
1070
     1
1002
{
1002
}
1000
DIMTP
1070
     2
1040
0.1
1002
{
1002
}
1000
DIMTSZ
1070
     2
1040
0.0
1002
{
1002
}
1000
DIMTVP
1070
     2
1040
0.0
1002
{
1002
}
1000
DIMTXSTY
1070
     4
1000
STANDARD
1002
{
1002
}
1000
DIMTZIN
1070
     1
1070
     0
1002
{
1002
}
1000
DIMUNIT
1070
     1
1070
     2
1002
{
1002
}
1000
DIMUPT
1070
     1
1070
     0
1002
{
1002
}
1000
M
1070
     0
1002
{
1000
DIMALTF
1070
     2
1040
0.03937
1002
{
1002
}
1000
DIMAPOST
1070
     4
1000
"
1002
{
1002
}
1000
DIMASZ
1070
     2
1040
2.5
1002
{
1002
}
1000
DIMCEN
1070
     2
1040
0.0
1002
{
1002
}
1000
DIMDEC
1070
     1
1070
     2
1002
{
1002
}
1000
DIMDLI
1070
     2
1040
7.0
1002
{
1002
}
1000
DIMEXE
1070
     2
1040
1.0
1002
{
1002
}
1000
DIMEXO
1070
     2
1040
1.0
1002
{
1002
}
1000
DIMGAP
1070
     2
1040
0.6
1002
{
1002
}
1000
DIMTDEC
1070
     1
1070
     3
1002
{
1002
}
1000
DIMTXT
1070
     2
1040
3.5
1002
{
1002
}
1000
DIMZIN
1070
     1
1070
     8
1002
{
1002
}
1002
}
1000
I
1070
     0
1002
{
1000
DIMALTF
1070
     2
1040
25.4
1002
{
1002
}
1000
DIMAPOST
1070
     4
1000
mm
1002
{
1002
}
1000
DIMASZ
1070
     2
1040
0.1
1002
{
1002
}
1000
DIMCEN
1070
     2
1040
0.0
1002
{
1002
}
1000
DIMDEC
1070
     1
1070
     4
1002
{
1002
}
1000
DIMDLI
1070
     2
1040
0.5
1002
{
1002
}
1000
DIMEXE
1070
     2
1040
0.1
1002
{
1002
}
1000
DIMEXO
1070
     2
1040
0.05
1002
{
1002
}
1000
DIMGAP
1070
     2
1040
0.06
1002
{
1002
}
1000
DIMTDEC
1070
     1
1070
     4
1002
{
1002
}
1000
DIMTXT
1070
     2
1040
0.12
1002
{
1002
}
1000
DIMZIN
1070
     1
1070
     7
1002
{
1002
}
1002
}
1000
GEN-ISO
1070
     5
1002
{
1000
NAME
1070
     4
1000
GEN-ISO
1002
{
1002
}
1000
DIMTAD
1070
     1
1070
     1
1002
{
1002
}
1000
DIMTOLJ
1070
     1
1070
     0
1002
{
1002
}
1000
DIMTOFL
1070
     1
1070
     1
1002
{
1002
}
1000
M
1070
     0
1002
{
1002
}
1000
I
1070
     0
1002
{
1002
}
1000
DIMBLK1
1070
     4
1000

1002
{
1002
}
1000
DIMBLK2
1070
     4
1000

1002
{
1002
}
1000
DIMSAH
1070
     1
1070
     0
1002
{
1002
}
1000
DIMPOST
1070
     4
1000
<>
1002
{
1002
}
1000
DIMSCALE
1070
     2
1040
1.0
1002
{
1002
}
1000
DIMTXSTY
1070
     4
1000
STANDARD
1002
{
1002
}
1002
}
1000
GEN-ISO-POS
1070
     5
1002
{
1000
NAME
1070
     4
1000
GEN-ISO-POS
1002
{
1002
}
1000
DIMTOLJ
1070
     1
1070
     0
1002
{
1002
}
1000
DIMTXSTY
1070
     4
1000
STANDARD
1002
{
1002
}
1000
M
1070
     0
1002
{
1000
DIMASZ
1070
     2
1040
2.5
1002
{
1002
}
1000
DIMGAP
1070
     2
1040
1.5
1002
{
1002
}
1000
DIMTXT
1070
     2
1040
5.0
1002
{
1002
}
1002
}
1000
I
1070
     0
1002
{
1000
DIMASZ
1070
     2
1040
0.1
1002
{
1002
}
1000
DIMGAP
1070
     2
1040
0.06
1002
{
1002
}
1000
DIMTXT
1070
     2
1040
0.2
1002
{
1002
}
1002
}
1000
DIMCLRT
1070
     1
1070
     2
1002
{
1002
}
1000
DIMPOST
1070
     4
1000
<>
1002
{
1002
}
1000
DIMBLK1
1070
     4
1000

1002
{
1002
}
1000
DIMBLK2
1070
     4
1000

1002
{
1002
}
1000
DIMSAH
1070
     1
1070
     0
1002
{
1002
}
1000
DIMSCALE
1070
     2
1040
1.0
1002
{
1002
}
1000
DIMTAD
1070
     1
1070
     1
1002
{
1002
}
1002
}
1000
GEN-ISO-CIR
1070
     5
1002
{
1000
NAME
1070
     4
1000
GEN-ISO$3
1002
{
1002
}
1000
DIMFIT
1070
     1
1070
     0
1002
{
1002
}
1000
DIMTAD
1070
     1
1070
     1
1002
{
1002
}
1000
DIMTIH
1070
     1
1070
     0
1002
{
1002
}
1000
DIMTIX
1070
     1
1070
     0
1002
{
1002
}
1000
DIMTOH
1070
     1
1070
     1
1002
{
1002
}
1000
DIMTOLJ
1070
     1
1070
     0
1002
{
1002
}
1000
DIMTOFL
1070
     1
1070
     0
1002
{
1002
}
1000
DIMUPT
1070
     1
1070
     1
1002
{
1002
}
1000
M
1070
     0
1002
{
1002
}
1000
I
1070
     0
1002
{
1002
}
1000
DIMPOST
1070
     4
1000
<>
1002
{
1002
}
1000
DIMBLK1
1070
     4
1000

1002
{
1002
}
1000
DIMBLK2
1070
     4
1000

1002
{
1002
}
1000
DIMSAH
1070
     1
1070
     0
1002
{
1002
}
1000
DIMSCALE
1070
     2
1040
1.0
1002
{
1002
}
1002
}
1000
GEN-ISO-RAD
1070
     5
1002
{
1000
NAME
1070
     4
1000
GEN-ISO$4
1002
{
1002
}
1000
DIMFIT
1070
     1
1070
     0
1002
{
1002
}
1000
DIMTAD
1070
     1
1070
     1
1002
{
1002
}
1000
DIMTIH
1070
     1
1070
     0
1002
{
1002
}
1000
DIMTIX
1070
     1
1070
     0
1002
{
1002
}
1000
DIMTOH
1070
     1
1070
     1
1002
{
1002
}
1000
DIMTOLJ
1070
     1
1070
     0
1002
{
1002
}
1000
DIMTOFL
1070
     1
1070
     0
1002
{
1002
}
1000
DIMUPT
1070
     1
1070
     1
1002
{
1002
}
1000
M
1070
     0
1002
{
1002
}
1000
I
1070
     0
1002
{
1002
}
1000
DIMPOST
1070
     4
1000
<>
1002
{
1002
}
1000
DIMBLK1
1070
     4
1000

1002
{
1002
}
1000
DIMBLK2
1070
     4
1000

1002
{
1002
}
1000
DIMSAH
1070
     1
1070
     0
1002
{
1002
}
1000
DIMSCALE
1070
     2
1040
1.0
1002
{
1002
}
1000
DIMTXSTY
1070
     4
1000
STANDARD
1002
{
1002
}
1000
DIMALT
1070
     1
1070
     0
1002
{
1002
}
1000
DIMSD2
1070
     1
1070
     0
1002
{
1002
}
1002
}
1000
GEN-ISO-ORD
1070
     5
1002
{
1000
NAME
1070
     4
1000
GEN-ISO$6
1002
{
1002
}
1000
DIMTOLJ
1070
     1
1070
     0
1002
{
1002
}
1000
M
1070
     0
1002
{
1002
}
1000
I
1070
     0
1002
{
1002
}
1000
DIMPOST
1070
     4
1000
<>
1002
{
1002
}
1000
DIMBLK1
1070
     4
1000

1002
{
1002
}
1000
DIMBLK2
1070
     4
1000

1002
{
1002
}
1000
DIMSAH
1070
     1
1070
     0
1002
{
1002
}
1000
DIMSCALE
1070
     2
1040
1.0
1002
{
1002
}
1000
DIMTAD
1070
     1
1070
     1
1002
{
1002
}
1002
}
1000
GEN-ISO-AXE-F
1070
     5
1002
{
1000
NAME
1070
     4
1000
GEN-ISO-AXE-F
1002
{
1002
}
1000
DIMSE1
1070
     1
1070
     1
1002
{
1002
}
1000
DIMSE2
1070
     1
1070
     1
1002
{
1002
}
1000
DIMTAD
1070
     1
1070
     1
1002
{
1002
}
1000
DIMTOLJ
1070
     1
1070
     0
1002
{
1002
}
1000
DIMTOFL
1070
     1
1070
     1
1002
{
1002
}
1000
M
1070
     0
1002
{
1002
}
1000
I
1070
     0
1002
{
1002
}
1000
DIMPOST
1070
     4
1000
<>
1002
{
1002
}
1000
DIMBLK1
1070
     4
1000

1002
{
1002
}
1000
DIMBLK2
1070
     4
1000

1002
{
1002
}
1000
DIMSAH
1070
     1
1070
     0
1002
{
1002
}
1000
DIMSD1
1070
     1
1070
     0
1002
{
1002
}
1002
}
1000
GEN-ISO-AXE-H
1070
     5
1002
{
1000
DIMBLK1
1070
     4
1000
GENAXEH
1002
{
1002
}
1000
DIMLFAC
1070
     2
1040
2.0
1002
{
1002
}
1000
DIMSAH
1070
     1
1070
     1
1002
{
1002
}
1000
DIMSE1
1070
     1
1070
     1
1002
{
1002
}
1000
DIMSE2
1070
     1
1070
     1
1002
{
1002
}
1000
DIMTAD
1070
     1
1070
     1
1002
{
1002
}
1000
DIMTOLJ
1070
     1
1070
     0
1002
{
1002
}
1000
DIMTOFL
1070
     1
1070
     1
1002
{
1002
}
1000
M
1070
     0
1002
{
1002
}
1000
I
1070
     0
1002
{
1002
}
1000
DIMPOST
1070
     4
1000
<>
1002
{
1002
}
1002
}
1000
GEN-ANSI
1070
     5
1002
{
1000
NAME
1070
     4
1000
GEN-ANSI
1002
{
1002
}
1000
DIMTIH
1070
     1
1070
     1
1002
{
1002
}
1000
DIMTOH
1070
     1
1070
     1
1002
{
1002
}
1000
DIMTAD
1070
     1
1070
     0
1002
{
1002
}
1000
DIMTOLJ
1070
     1
1070
     1
1002
{
1002
}
1000
M
1070
     0
1002
{
1002
}
1000
I
1070
     0
1002
{
1002
}
1002
}
1000
GEN-ANSI-POS
1070
     5
1002
{
1000
NAME
1070
     4
1000
GEN-ANSI-POS
1002
{
1002
}
1000
DIMTOLJ
1070
     1
1070
     1
1002
{
1002
}
1000
DIMTXSTY
1070
     4
1000
STANDARD
1002
{
1002
}
1000
M
1070
     0
1002
{
1000
DIMASZ
1070
     2
1040
2.5
1002
{
1002
}
1000
DIMGAP
1070
     2
1040
1.5
1002
{
1002
}
1000
DIMTXT
1070
     2
1040
5.0
1002
{
1002
}
1002
}
1000
I
1070
     0
1002
{
1000
DIMASZ
1070
     2
1040
0.1
1002
{
1002
}
1000
DIMGAP
1070
     2
1040
0.06
1002
{
1002
}
1000
DIMTXT
1070
     2
1040
0.2
1002
{
1002
}
1002
}
1002
}
1000
GEN-ANSI-CIR
1070
     5
1002
{
1000
NAME
1070
     4
1000
GEN-ANSI$3
1002
{
1002
}
1000
DIMFIT
1070
     1
1070
     0
1002
{
1002
}
1000
DIMTAD
1070
     1
1070
     0
1002
{
1002
}
1000
DIMTIH
1070
     1
1070
     1
1002
{
1002
}
1000
DIMTIX
1070
     1
1070
     0
1002
{
1002
}
1000
DIMTOFL
1070
     1
1070
     0
1002
{
1002
}
1000
DIMTOH
1070
     1
1070
     1
1002
{
1002
}
1000
DIMTOLJ
1070
     1
1070
     1
1002
{
1002
}
1000
DIMUPT
1070
     1
1070
     1
1002
{
1002
}
1000
M
1070
     0
1002
{
1002
}
1000
I
1070
     0
1002
{
1002
}
1002
}
1000
GEN-ANSI-RAD
1070
     5
1002
{
1000
NAME
1070
     4
1000
GEN-ANSI$4
1002
{
1002
}
1000
DIMFIT
1070
     1
1070
     0
1002
{
1002
}
1000
DIMTAD
1070
     1
1070
     0
1002
{
1002
}
1000
DIMTIH
1070
     1
1070
     1
1002
{
1002
}
1000
DIMTIX
1070
     1
1070
     0
1002
{
1002
}
1000
DIMTOFL
1070
     1
1070
     0
1002
{
1002
}
1000
DIMTOH
1070
     1
1070
     1
1002
{
1002
}
1000
DIMTOLJ
1070
     1
1070
     1
1002
{
1002
}
1000
DIMUPT
1070
     1
1070
     1
1002
{
1002
}
1000
M
1070
     0
1002
{
1002
}
1000
I
1070
     0
1002
{
1002
}
1002
}
1000
GEN-ANSI-ORD
1070
     5
1002
{
1000
NAME
1070
     4
1000
GEN-ANSI$6
1002
{
1002
}
1000
DIMTAD
1070
     1
1070
     0
1002
{
1002
}
1000
DIMTIH
1070
     1
1070
     1
1002
{
1002
}
1000
DIMTOH
1070
     1
1070
     1
1002
{
1002
}
1000
DIMTOLJ
1070
     1
1070
     1
1002
{
1002
}
1000
M
1070
     0
1002
{
1002
}
1000
I
1070
     0
1002
{
1002
}
1002
}
1000
GEN-ANSI-AXE-F
1070
     5
1002
{
1000
NAME
1070
     4
1000
GEN-ANSI-AXE-F
1002
{
1002
}
1000
DIMBLK1
1070
     4
1000
GENAXEH
1002
{
1002
}
1000
DIMSAH
1070
     1
1070
     1
1002
{
1002
}
1000
DIMSE1
1070
     1
1070
     1
1002
{
1002
}
1000
DIMSE2
1070
     1
1070
     1
1002
{
1002
}
1000
DIMTAD
1070
     1
1070
     0
1002
{
1002
}
1000
DIMTIH
1070
     1
1070
     1
1002
{
1002
}
1000
DIMTOH
1070
     1
1070
     1
1002
{
1002
}
1000
DIMTOLJ
1070
     1
1070
     1
1002
{
1002
}
1000
M
1070
     0
1002
{
1002
}
1000
I
1070
     0
1002
{
1002
}
1002
}
1000
GEN-ANSI-AXE-H
1070
     5
1002
{
1000
NAME
1070
     4
1000
GEN-ANSI-AXE-H
1002
{
1002
}
1000
DIMBLK1
1070
     4
1000
GENAXEH
1002
{
1002
}
1000
DIMLFAC
1070
     2
1040
2.0
1002
{
1002
}
1000
DIMSAH
1070
     1
1070
     1
1002
{
1002
}
1000
DIMSE1
1070
     1
1070
     1
1002
{
1002
}
1000
DIMSE2
1070
     1
1070
     1
1002
{
1002
}
1000
DIMTAD
1070
     1
1070
     0
1002
{
1002
}
1000
DIMTOFL
1070
     1
1070
     1
1002
{
1002
}
1000
DIMTOLJ
1070
     1
1070
     1
1002
{
1002
}
1000
M
1070
     0
1002
{
1002
}
1000
I
1070
     0
1002
{
1002
}
1002
}
1000
DIMAPOST
1070
     4
1000

1002
{
1002
}
1000
DIMZIN
1070
     1
1070
     8
1002
{
1002
}
1002
}
1000
DimSet
1070
     0
1002
{
1000
ChainSum
1070
     3
1070
     0
1002
{
1002
}
1000
DimDclTyp0
1070
     4
1000
dim23
1002
{
1002
}
1000
HorBra
1070
     3
1070
     0
1002
{
1002
}
1000
StrDia
1070
     4
1000
%%c<>
1002
{
1002
}
1000
StrRad
1070
     4
1000
R<>
1002
{
1002
}
1000
TextMinus
1070
     4
1000
<>
1002
{
1002
}
1000
TextPlus
1070
     4
1000
<>
1002
{
1002
}
1000
M
1070
     0
1002
{
1000
DimdliFirst
1070
     2
1040
10.0
1002
{
1002
}
1000
PointMakeDist
1070
     2
1040
10.0
1002
{
1002
}
1002
}
1000
I
1070
     0
1002
{
1000
DimdliFirst
1070
     2
1040
0.5
1002
{
1002
}
1000
PointMakeDist
1070
     2
1040
0.5
1002
{
1002
}
1002
}
1002
}
1000
Drawing
1070
     0
1002
{
1000
ChamferDimMode
1070
     1
1070
     2
1002
{
1002
}
1000
Gen_Fiso
1070
    -3
1040
1.0
1002
{
1002
}
1000
GenDimStil
1070
     4
1000
ISO
1002
{
1002
}
1000
GenDwgUScale
1070
     2
1040
1.0
1002
{
1002
}
1000
GenInch
1070
     4
1000
M
1002
{
1002
}
1000
GenPlotScale
1070
     4
1000
1:1
1002
{
1002
}
1000
Revisi
1070
     4
1000
0
1002
{
1002
}
1000
Version
1070
    -5
1000
14.01/Apr  1 1998
1002
{
1002
}
1000
Platform
1070
    -5
1000
WIN
1002
{
1002
}
1002
}
1000
DwgVar
1070
     0
1002
{
1000
M
1070
     0
1002
{
1000
FILLETRAD
1070
     2
1040
0.000001
1002
{
1002
}
1002
}
1000
I
1070
     0
1002
{
1002
}
1002
}
1000
Hatch
1070
     0
1002
{
1000
GenHtcFlag
1070
     3
1070
     0
1002
{
1002
}
1002
}
1000
Info_Pos
1070
     0
1002
{
1000
>
1002
}
1000
Layer
1070
     7
1002
{
1000
Defs
1070
     0
1002
{
1000
>
1002
}
1000
EntSort
1070
     0
1002
{
1000
>
1002
}
1000
Match
1070
     0
1002
{
1002
}
1000
Settings
1070
     0
1002
{
1000
FocGrNC
1070
     3
1070
     0
1002
{
1002
}
1000
FocGrLo
1070
     3
1070
     0
1002
{
1002
}
1000
FocLoNC
1070
     3
1070
     0
1002
{
1002
}
1000
FocusCol
1070
     1
1070
   253
1002
{
1002
}
1000
GenStdLG
1070
     4
1000

1002
{
1002
}
1000
LayMatch
1070
     3
1070
     0
1002
{
1002
}
1000
LgOff
1070
     3
1070
     0
1002
{
1002
}
1000
CurLG
1070
    -5
1000
LISTE
1002
{
1002
}
1002
}
1002
}
1000
LType
1070
     0
1002
{
1000
GEN3
1070
    10
1000
genius.lin
1002
{
1002
}
1000
GEN7
1070
    10
1000
genius.lin
1002
{
1002
}
1000
GEN4A
1070
    10
1000
genius.lin
1002
{
1002
}
1000
GEN3A
1070
    10
1000
genius.lin
1002
{
1002
}
1000
GEN7A
1070
    10
1000
genius.lin
1002
{
1002
}
1000
GENZIGZAG
1070
    10
1000
genius.lin
1002
{
1002
}
1002
}
1000
Objecter
1070
     0
1002
{
1000
CreateGroups
1070
     3
1070
     0
1002
{
1002
}
1000
LaySwitch
1070
     3
1070
     1
1002
{
1002
}
1000
LastObj
1070
    -5
1000
1D01
1002
{
1002
}
1000
TimeStamp
1070
    -5
1000
19991007.16002738
1002
{
1002
}
1002
}
1000
OSWiz
1070
     0
1002
{
1000
Filter
1070
     0
1002
{
1000
HATCH
1070
    11
1002
{
1000
EntityType
1070
     4
1000
LINE
1002
{
1002
}
1000
Layer
1070
     4
1000
8,8N,*-8,*-8N
1002
{
1002
}
1000
Linetype
1070
     4
1000
*
1002
{
1002
}
1000
Color
1070
     4
1000
*
1002
{
1002
}
1000
ApplyInDims
1070
     3
1070
     1
1002
{
1002
}
1002
}
1000
SYMBOLS
1070
    11
1002
{
1000
EntityType
1070
     4
1000
*
1002
{
1002
}
1000
Layer
1070
     4
1000
[5-6],[5-6]N,*-[5-6],*-[5-6]N
1002
{
1002
}
1000
Linetype
1070
     4
1000
*
1002
{
1002
}
1000
Color
1070
     4
1000
*
1002
{
1002
}
1000
ApplyInDims
1070
     3
1070
     1
1002
{
1002
}
1002
}
1000
FEM
1070
    11
1002
{
1000
EntityType
1070
     4
1000
*
1002
{
1002
}
1000
Layer
1070
     4
1000
4A,4AN,*-4A,*-4AN
1002
{
1002
}
1000
Linetype
1070
     4
1000
*
1002
{
1002
}
1000
Color
1070
     4
1000
*
1002
{
1002
}
1000
ApplyInDims
1070
     3
1070
     1
1002
{
1002
}
1002
}
1002
}
1002
}
1000
PaList
1070
     0
1002
{
1000
AutoUpdatePartList
1070
     1
1070
     0
1002
{
1002
}
1000
ReadInfoPoint
1070
     3
1070
     0
1002
{
1002
}
1000
ReadPosNr
1070
     3
1070
     1
1002
{
1002
}
1000
RevStr
1070
     4
1000
0
1002
{
1002
}
1002
}
1000
Paper
1070
     0
1002
{
1000
Layer
1070
    -5
1000

1002
{
1002
}
1000
LTScale
1070
    -3
1040
1.0
1002
{
1002
}
1000
PSpaceDefs
1070
    -4
1070
     1
1002
{
1002
}
1000
Viewport
1070
    -1
1002
{
1000
1E84
1070
    -1
1002
{
1000
Plotfactor
1070
    -3
1040
1.0
1002
{
1002
}
1000
Dwgfactor
1070
    -3
1040
1.0
1002
{
1002
}
1000
MSBorder
1070
    -5
1000
154F
1002
{
1002
}
1002
}
1002
}
1002
}
1000
PartDB
1070
     0
1002
{
1000
GenDbOwner
1070
     4
1000

1002
{
1002
}
1002
}
1000
System
1070
     0
1002
{
1002
}
1000
Title
1070
     0
1002
{
1000
MakeView
1070
     1
1070
     2
1002
{
1002
}
1002
}
1000
Tools
1070
     0
1002
{
1000
Trans
1070
     0
1002
{
1000
Drawingtranslation
1070
    -4
1070
     1
1002
{
1002
}
1000
upreserve
1070
     3
1070
     0
1002
{
1002
}
1000
originally_on
1070
    -4
1070
     0
1002
{
1002
}
1000
sourcelang
1070
    -5
1000
d
1002
{
1002
}
1002
}
1002
}
  0
APPID
  5
3F
100
AcDbSymbolTableRecord
100
AcDbRegAppTableRecord
  2
GENIUS_GEVCFG0_13
 70
     0
1001
GENIUS_GENCFG_13
1071
939304833
1000
3F
1000
GEV
1070
     0
  0
APPID
  5
5B
100
AcDbSymbolTableRecord
100
AcDbRegAppTableRecord
  2
GENIUS_GENCFG5_13
 70
     0
1001
GENIUS_GENCFG_13
1071
939304832
1000
5B
1000
GEN@INFO_POS
1070
     7
1000
GenCfgObject
1000
GenCfgShort
1000
GenCfgReal
1000
GenCfgBool
1000
GenCfgString
1000
GenCfgDim
1000
GenCfgAttrInf
1000
DescrText
1070
     4
1000
5,6,7,8
1002
{
1002
}
1000
DescrText2
1070
     4
1000
26
1002
{
1002
}
1000
VisibleAttr1
1070
     4
1000
1
1002
{
1002
}
1000
VisibleAttr2
1070
     4
1000
26
1002
{
1002
}
1000
UpdateBlock
1070
     3
1070
     1
1002
{
1002
}
1000
Attrib
1070
     0
1002
{
1000
0
1070
     6
1002
{
1000
Prompt
1070
     4
1000
(genmsg gendwg 103)
1002
{
1002
}
1000
Value
1070
     4
1000

1002
{
1002
}
1000
EditFlag
1070
     1
1070
     0
1002
{
1002
}
1000
PosInDDATTE
1070
     1
1070
    27
1002
{
1002
}
1000
FieldLen
1070
     1
1070
    -1
1002
{
1002
}
1002
}
1000
1
1070
     6
1002
{
1000
Prompt
1070
     4
1000
(genmsg gendwg 31)
1002
{
1002
}
1000
Value
1070
     4
1000
1
1002
{
1002
}
1000
EditFlag
1070
     1
1070
     1
1002
{
1002
}
1000
PosInDDATTE
1070
     1
1070
     1
1002
{
1002
}
1000
FieldLen
1070
     1
1070
    -1
1002
{
1002
}
1002
}
1000
2
1070
     6
1002
{
1000
Prompt
1070
     4
1000
(genmsg gendwg 32)
1002
{
1002
}
1000
Value
1070
     4
1000
1
1002
{
1002
}
1000
EditFlag
1070
     1
1070
     1
1002
{
1002
}
1000
PosInDDATTE
1070
     1
1070
     2
1002
{
1002
}
1000
FieldLen
1070
     1
1070
    -1
1002
{
1002
}
1002
}
1000
3
1070
     6
1002
{
1000
Prompt
1070
     4
1000
(genmsg gendwg 33)
1002
{
1002
}
1000
Value
1070
     4
1000

1002
{
1002
}
1000
EditFlag
1070
     1
1070
     1
1002
{
1002
}
1000
PosInDDATTE
1070
     1
1070
     3
1002
{
1002
}
1000
FieldLen
1070
     1
1070
    -1
1002
{
1002
}
1002
}
1000
4
1070
     6
1002
{
1000
Prompt
1070
     4
1000
(genmsg gendwg 34)
1002
{
1002
}
1000
Value
1070
     4
1000

1002
{
1002
}
1000
EditFlag
1070
     1
1070
     1
1002
{
1002
}
1000
PosInDDATTE
1070
     1
1070
     4
1002
{
1002
}
1000
FieldLen
1070
     1
1070
    -1
1002
{
1002
}
1002
}
1000
5
1070
     6
1002
{
1000
Prompt
1070
     4
1000
(genmsg gendwg 35)
1002
{
1002
}
1000
Value
1070
     4
1000

1002
{
1002
}
1000
EditFlag
1070
     1
1070
     1
1002
{
1002
}
1000
PosInDDATTE
1070
     1
1070
     5
1002
{
1002
}
1000
FieldLen
1070
     1
1070
    -1
1002
{
1002
}
1002
}
1000
6
1070
     6
1002
{
1000
Prompt
1070
     4
1000
(genmsg gendwg 36)
1002
{
1002
}
1000
Value
1070
     4
1000

1002
{
1002
}
1000
EditFlag
1070
     1
1070
     1
1002
{
1002
}
1000
PosInDDATTE
1070
     1
1070
     6
1002
{
1002
}
1000
FieldLen
1070
     1
1070
    -1
1002
{
1002
}
1002
}
1000
7
1070
     6
1002
{
1000
Prompt
1070
     4
1000
(genmsg gendwg 37)
1002
{
1002
}
1000
Value
1070
     4
1000

1002
{
1002
}
1000
EditFlag
1070
     1
1070
     1
1002
{
1002
}
1000
PosInDDATTE
1070
     1
1070
     7
1002
{
1002
}
1000
FieldLen
1070
     1
1070
    -1
1002
{
1002
}
1002
}
1000
8
1070
     6
1002
{
1000
Prompt
1070
     4
1000
(genmsg gendwg 38)
1002
{
1002
}
1000
Value
1070
     4
1000

1002
{
1002
}
1000
EditFlag
1070
     1
1070
     1
1002
{
1002
}
1000
PosInDDATTE
1070
     1
1070
     8
1002
{
1002
}
1000
FieldLen
1070
     1
1070
    -1
1002
{
1002
}
1002
}
1000
9
1070
     6
1002
{
1000
Prompt
1070
     4
1000
(genmsg gendwg 39)
1002
{
1002
}
1000
Value
1070
     4
1000

1002
{
1002
}
1000
EditFlag
1070
     1
1070
     1
1002
{
1002
}
1000
PosInDDATTE
1070
     1
1070
     9
1002
{
1002
}
1000
FieldLen
1070
     1
1070
    -1
1002
{
1002
}
1002
}
1000
10
1070
     6
1002
{
1000
Prompt
1070
     4
1000
(genmsg gendwg 40)
1002
{
1002
}
1000
Value
1070
     4
1000

1002
{
1002
}
1000
EditFlag
1070
     1
1070
     1
1002
{
1002
}
1000
PosInDDATTE
1070
     1
1070
    10
1002
{
1002
}
1000
FieldLen
1070
     1
1070
    -1
1002
{
1002
}
1002
}
1000
11
1070
     6
1002
{
1000
Prompt
1070
     4
1000
(genmsg gendwg 41)
1002
{
1002
}
1000
Value
1070
     4
1000

1002
{
1002
}
1000
EditFlag
1070
     1
1070
     1
1002
{
1002
}
1000
PosInDDATTE
1070
     1
1070
    11
1002
{
1002
}
1000
FieldLen
1070
     1
1070
    -1
1002
{
1002
}
1002
}
1000
12
1070
     6
1002
{
1000
Prompt
1070
     4
1000
(genmsg gendwg 42)
1002
{
1002
}
1000
Value
1070
     4
1000

1002
{
1002
}
1000
EditFlag
1070
     1
1070
     1
1002
{
1002
}
1000
PosInDDATTE
1070
     1
1070
    12
1002
{
1002
}
1000
FieldLen
1070
     1
1070
    -1
1002
{
1002
}
1002
}
1000
13
1070
     6
1002
{
1000
Prompt
1070
     4
1000
(genmsg gendwg 43)
1002
{
1002
}
1000
Value
1070
     4
1000

1002
{
1002
}
1000
EditFlag
1070
     1
1070
     1
1002
{
1002
}
1000
PosInDDATTE
1070
     1
1070
    13
1002
{
1002
}
1000
FieldLen
1070
     1
1070
    -1
1002
{
1002
}
1002
}
1000
14
1070
     6
1002
{
1000
Prompt
1070
     4
1000
(genmsg gendwg 44)
1002
{
1002
}
1000
Value
1070
     4
1000

1002
{
1002
}
1000
EditFlag
1070
     1
1070
     1
1002
{
1002
}
1000
PosInDDATTE
1070
     1
1070
    14
1002
{
1002
}
1000
FieldLen
1070
     1
1070
    -1
1002
{
1002
}
1002
}
1000
15
1070
     6
1002
{
1000
Prompt
1070
     4
1000
(genmsg gendwg 45)
1002
{
1002
}
1000
Value
1070
     4
1000

1002
{
1002
}
1000
EditFlag
1070
     1
1070
     1
1002
{
1002
}
1000
PosInDDATTE
1070
     1
1070
    15
1002
{
1002
}
1000
FieldLen
1070
     1
1070
    -1
1002
{
1002
}
1002
}
1000
16
1070
     6
1002
{
1000
Prompt
1070
     4
1000
(genmsg gendwg 46)
1002
{
1002
}
1000
Value
1070
     4
1000

1002
{
1002
}
1000
EditFlag
1070
     1
1070
     1
1002
{
1002
}
1000
PosInDDATTE
1070
     1
1070
    16
1002
{
1002
}
1000
FieldLen
1070
     1
1070
    -1
1002
{
1002
}
1002
}
1000
17
1070
     6
1002
{
1000
Prompt
1070
     4
1000
(genmsg gendwg 47)
1002
{
1002
}
1000
Value
1070
     4
1000

1002
{
1002
}
1000
EditFlag
1070
     1
1070
     1
1002
{
1002
}
1000
PosInDDATTE
1070
     1
1070
    17
1002
{
1002
}
1000
FieldLen
1070
     1
1070
    -1
1002
{
1002
}
1002
}
1000
18
1070
     6
1002
{
1000
Prompt
1070
     4
1000
(genmsg gendwg 48)
1002
{
1002
}
1000
Value
1070
     4
1000

1002
{
1002
}
1000
EditFlag
1070
     1
1070
     1
1002
{
1002
}
1000
PosInDDATTE
1070
     1
1070
    18
1002
{
1002
}
1000
FieldLen
1070
     1
1070
    -1
1002
{
1002
}
1002
}
1000
19
1070
     6
1002
{
1000
Prompt
1070
     4
1000
(genmsg gendwg 99)
1002
{
1002
}
1000
Value
1070
     4
1000

1002
{
1002
}
1000
EditFlag
1070
     1
1070
     1
1002
{
1002
}
1000
PosInDDATTE
1070
     1
1070
    19
1002
{
1002
}
1000
FieldLen
1070
     1
1070
    -1
1002
{
1002
}
1002
}
1000
20
1070
     6
1002
{
1000
Prompt
1070
     4
1000
(genmsg gendwg 100)
1002
{
1002
}
1000
Value
1070
     4
1000

1002
{
1002
}
1000
EditFlag
1070
     1
1070
     1
1002
{
1002
}
1000
PosInDDATTE
1070
     1
1070
    20
1002
{
1002
}
1000
FieldLen
1070
     1
1070
    -1
1002
{
1002
}
1002
}
1000
21
1070
     6
1002
{
1000
Prompt
1070
     4
1000
(genmsg gendwg 101)
1002
{
1002
}
1000
Value
1070
     4
1000

1002
{
1002
}
1000
EditFlag
1070
     1
1070
     1
1002
{
1002
}
1000
PosInDDATTE
1070
     1
1070
    21
1002
{
1002
}
1000
FieldLen
1070
     1
1070
    -1
1002
{
1002
}
1002
}
1000
22
1070
     6
1002
{
1000
Prompt
1070
     4
1000
(genmsg gendwg 102)
1002
{
1002
}
1000
Value
1070
     4
1000

1002
{
1002
}
1000
EditFlag
1070
     1
1070
     1
1002
{
1002
}
1000
PosInDDATTE
1070
     1
1070
    22
1002
{
1002
}
1000
FieldLen
1070
     1
1070
    -1
1002
{
1002
}
1002
}
1000
23
1070
     6
1002
{
1000
Prompt
1070
     4
1000
(genmsg gendwg 30)
1002
{
1002
}
1000
Value
1070
     4
1000

1002
{
1002
}
1000
EditFlag
1070
     1
1070
     1
1002
{
1002
}
1000
PosInDDATTE
1070
     1
1070
    23
1002
{
1002
}
1000
FieldLen
1070
     1
1070
    -1
1002
{
1002
}
1002
}
1000
24
1070
     6
1002
{
1000
Prompt
1070
     4
1000
(genmsg gendwg 104)
1002
{
1002
}
1000
Value
1070
     4
1000

1002
{
1002
}
1000
EditFlag
1070
     1
1070
     1
1002
{
1002
}
1000
PosInDDATTE
1070
     1
1070
    24
1002
{
1002
}
1000
FieldLen
1070
     1
1070
    -1
1002
{
1002
}
1002
}
1000
25
1070
     6
1002
{
1000
Prompt
1070
     4
1000
(genmsg gendwg 105)
1002
{
1002
}
1000
Value
1070
     4
1000

1002
{
1002
}
1000
EditFlag
1070
     1
1070
     1
1002
{
1002
}
1000
PosInDDATTE
1070
     1
1070
    25
1002
{
1002
}
1000
FieldLen
1070
     1
1070
    -1
1002
{
1002
}
1002
}
1000
26
1070
     6
1002
{
1000
Prompt
1070
     4
1000
(genmsg gendwg 106)
1002
{
1002
}
1000
Value
1070
     4
1000

1002
{
1002
}
1000
EditFlag
1070
     1
1070
     1
1002
{
1002
}
1000
PosInDDATTE
1070
     1
1070
    26
1002
{
1002
}
1000
FieldLen
1070
     1
1070
    -1
1002
{
1002
}
1002
}
1000
27
1070
     6
1002
{
1000
Prompt
1070
     4
1000
(genmsg gendwg 109)
1002
{
1002
}
1000
Value
1070
     4
1000

1002
{
1002
}
1000
EditFlag
1070
     1
1070
     2
1002
{
1002
}
1000
PosInDDATTE
1070
     1
1070
    27
1002
{
1002
}
1000
FieldLen
1070
     1
1070
    -1
1002
{
1002
}
1002
}
1002
}
1000
Xlate
1070
     0
1002
{
1000
>
1002
}
  0
APPID
  5
2F0
100
AcDbSymbolTableRecord
100
AcDbRegAppTableRecord
  2
GENIUS_GENOBJ_13
 70
     0
  0
APPID
  5
2F1
100
AcDbSymbolTableRecord
100
AcDbRegAppTableRecord
  2
GENIUS_GENODEF_13
 70
     0
  0
APPID
  5
2F2
100
AcDbSymbolTableRecord
100
AcDbRegAppTableRecord
  2
GENIUS_GENOENT_13
 70
     0
  0
APPID
  5
2F3
100
AcDbSymbolTableRecord
100
AcDbRegAppTableRecord
  2
GENIUS_GENOLIS_13
 70
     0
  0
APPID
  5
2F4
100
AcDbSymbolTableRecord
100
AcDbRegAppTableRecord
  2
GENIUS_GENOREF_13
 70
     0
  0
APPID
  5
2F5
100
AcDbSymbolTableRecord
100
AcDbRegAppTableRecord
  2
GENIUS_GENOBJ-N-TIT_13
 70
     0
  0
APPID
  5
2F6
100
AcDbSymbolTableRecord
100
AcDbRegAppTableRecord
  2
GENIUS_GENTITLE_13
 70
     0
  0
APPID
  5
2F8
100
AcDbSymbolTableRecord
100
AcDbRegAppTableRecord
  2
GENIUS_GENZVEED_13
 70
     0
  0
APPID
  5
1555
100
AcDbSymbolTableRecord
100
AcDbRegAppTableRecord
  2
GENIUS_GENOBJ-N-SDF_13
 70
     0
  0
APPID
  5
1556
100
AcDbSymbolTableRecord
100
AcDbRegAppTableRecord
  2
GENIUS_GENSCREG_13
 70
     0
  0
APPID
  5
1F3B
100
AcDbSymbolTableRecord
100
AcDbRegAppTableRecord
  2
GEV_VCCNULL_SWITCH_OFF
 70
     0
  0
APPID
  5
1F3C
100
AcDbSymbolTableRecord
100
AcDbRegAppTableRecord
  2
GENIUS_GENDTOL_13
 70
     0
  0
ENDTAB
  0
TABLE
  2
DIMSTYLE
  5
A
100
AcDbSymbolTable
 70
     2
  0
DIMSTYLE
105
1D
100
AcDbSymbolTableRecord
100
AcDbDimStyleTableRecord
  2
STANDARD
 70
     0
  3

  4

  5

  6

  7

 40
1.0
 41
0.18
 42
0.0625
 43
0.38
 44
0.18
 45
0.0
 46
0.0
 47
0.0
 48
0.0
140
0.18
141
0.09
142
0.0
143
25.4
144
1.0
145
0.0
146
1.0
147
0.09
 71
     0
 72
     0
 73
     1
 74
     1
 75
     0
 76
     0
 77
     0
 78
     0
170
     0
171
     2
172
     0
173
     0
174
     0
175
     0
176
     0
177
     0
178
     0
270
     2
271
     4
272
     4
273
     2
274
     2
340
10
275
     0
280
     0
281
     0
282
     0
283
     1
284
     0
285
     0
286
     0
287
     3
288
     0
  0
DIMSTYLE
105
38
100
AcDbSymbolTableRecord
100
AcDbDimStyleTableRecord
  2
GEN-ISO
 70
     0
  3
<>
  4

  5

  6

  7

 40
1.0
 41
4.0
 42
1.0
 43
7.0
 44
1.0
 45
0.0
 46
0.0
 47
0.1
 48
0.1
140
3.5
141
0.0
142
0.0
143
0.03937
144
1.0
145
0.0
146
0.71
147
0.6
 71
     0
 72
     0
 73
     0
 74
     0
 75
     0
 76
     0
 77
     1
 78
     8
170
     0
171
     2
172
     1
173
     0
174
     0
175
     0
176
   256
177
   256
178
     2
270
     2
271
     2
272
     3
273
     2
274
     4
340
10
275
     0
280
     0
281
     0
282
     0
283
     0
284
     0
285
     0
286
     0
287
     3
288
     0
  0
ENDTAB
  0
TABLE
  2
BLOCK_RECORD
  5
1
100
AcDbSymbolTable
 70
     4
  0
BLOCK_RECORD
  5
1A
100
AcDbSymbolTableRecord
100
AcDbBlockTableRecord
  2
*MODEL_SPACE
  0
BLOCK_RECORD
  5
17
100
AcDbSymbolTableRecord
100
AcDbBlockTableRecord
  2
*PAPER_SPACE
  0
BLOCK_RECORD
  5
673
100
AcDbSymbolTableRecord
100
AcDbBlockTableRecord
  2
POS_TAB_B
  0
BLOCK_RECORD
  5
1A77
100
AcDbSymbolTableRecord
100
AcDbBlockTableRecord
  2
STD_B
  0
BLOCK_RECORD
  5
1B00
100
AcDbSymbolTableRecord
100
AcDbBlockTableRecord
  2
*X2
  0
BLOCK_RECORD
  5
1B94
100
AcDbSymbolTableRecord
100
AcDbBlockTableRecord
  2
SF_STD_B
  0
ENDTAB
  0
ENDSEC
  0
SECTION
  2
BLOCKS
  0
BLOCK
  5
1B
100
AcDbEntity
  8
0
100
AcDbBlockBegin
  2
*MODEL_SPACE
 70
     0
 10
0.0
 20
0.0
 30
0.0
  3
*MODEL_SPACE
  1

  0
ENDBLK
  5
1C
100
AcDbEntity
  8
0
100
AcDbBlockEnd
  0
BLOCK
  5
18
100
AcDbEntity
 67
     1
  8
0
100
AcDbBlockBegin
  2
*PAPER_SPACE
 70
     0
 10
0.0
 20
0.0
 30
0.0
  3
*PAPER_SPACE
  1

  0
ENDBLK
  5
19
100
AcDbEntity
 67
     1
  8
0
100
AcDbBlockEnd
  0
BLOCK
  5
674
100
AcDbEntity
  8
0
100
AcDbBlockBegin
  2
POS_TAB_B
 70
     0
 10
0.0
 20
0.0
 30
0.0
  3
POS_TAB_B
  1

  0
ENDBLK
  5
675
100
AcDbEntity
  8
0
100
AcDbBlockEnd
  0
BLOCK
  5
1AFC
100
AcDbEntity
  8
0
100
AcDbBlockBegin
  2
STD_B
 70
     2
 10
0.0
 20
0.0
 30
0.0
  3
STD_B
  1

  0
LINE
  5
1A78
100
AcDbEntity
  8
0
100
AcDbLine
 10
414.5
 20
587.0
 30
0.0
 11
419.5
 21
587.0
 31
0.0
  0
LINE
  5
1A79
100
AcDbEntity
  8
RAHM5
100
AcDbLine
 10
414.5
 20
587.0
 30
0.0
 11
419.5
 21
582.0
 31
0.0
  0
LINE
  5
1A7A
100
AcDbEntity
  8
RAHM5
100
AcDbLine
 10
421.5
 20
582.0
 30
0.0
 11
426.5
 21
587.0
 31
0.0
  0
LINE
  5
1A7B
100
AcDbEntity
  8
0
100
AcDbLine
 10
421.5
 20
587.0
 30
0.0
 11
426.5
 21
587.0
 31
0.0
  0
LINE
  5
1A7C
100
AcDbEntity
  8
RAHM5
100
AcDbLine
 10
419.5
 20
582.0
 30
0.0
 11
419.5
 21
587.0
 31
0.0
  0
LINE
  5
1A7D
100
AcDbEntity
  8
RAHM5
100
AcDbLine
 10
421.5
 20
582.0
 30
0.0
 11
421.5
 21
587.0
 31
0.0
  0
LINE
  5
1A7E
100
AcDbEntity
  8
0
100
AcDbLine
 10
421.5
 20
7.0
 30
0.0
 11
426.5
 21
7.0
 31
0.0
  0
LINE
  5
1A7F
100
AcDbEntity
  8
RAHM5
100
AcDbLine
 10
421.5
 20
12.0
 30
0.0
 11
426.5
 21
7.0
 31
0.0
  0
LINE
  5
1A80
100
AcDbEntity
  8
RAHM5
100
AcDbLine
 10
414.5
 20
7.0
 30
0.0
 11
419.5
 21
12.0
 31
0.0
  0
LINE
  5
1A81
100
AcDbEntity
  8
0
100
AcDbLine
 10
414.5
 20
7.0
 30
0.0
 11
419.5
 21
7.0
 31
0.0
  0
LINE
  5
1A82
100
AcDbEntity
  8
RAHM5
100
AcDbLine
 10
421.5
 20
7.0
 30
0.0
 11
421.5
 21
12.0
 31
0.0
  0
LINE
  5
1A83
100
AcDbEntity
  8
RAHM5
100
AcDbLine
 10
419.5
 20
7.0
 30
0.0
 11
419.5
 21
12.0
 31
0.0
  0
LINE
  5
1A84
100
AcDbEntity
  8
0
100
AcDbLine
 10
7.0
 20
291.0
 30
0.0
 11
7.0
 21
296.0
 31
0.0
  0
LINE
  5
1A85
100
AcDbEntity
  8
RAHM5
100
AcDbLine
 10
7.0
 20
291.0
 30
0.0
 11
12.0
 21
296.0
 31
0.0
  0
LINE
  5
1A86
100
AcDbEntity
  8
RAHM5
100
AcDbLine
 10
7.0
 20
303.0
 30
0.0
 11
12.0
 21
298.0
 31
0.0
  0
LINE
  5
1A87
100
AcDbEntity
  8
0
100
AcDbLine
 10
7.0
 20
298.0
 30
0.0
 11
7.0
 21
303.0
 31
0.0
  0
LINE
  5
1A88
100
AcDbEntity
  8
RAHM5
100
AcDbLine
 10
7.0
 20
296.0
 30
0.0
 11
12.0
 21
296.0
 31
0.0
  0
LINE
  5
1A89
100
AcDbEntity
  8
RAHM5
100
AcDbLine
 10
7.0
 20
298.0
 30
0.0
 11
12.0
 21
298.0
 31
0.0
  0
LINE
  5
1A8A
100
AcDbEntity
  8
0
100
AcDbLine
 10
834.0
 20
298.0
 30
0.0
 11
834.0
 21
303.0
 31
0.0
  0
LINE
  5
1A8B
100
AcDbEntity
  8
RAHM5
100
AcDbLine
 10
829.0
 20
298.0
 30
0.0
 11
834.0
 21
303.0
 31
0.0
  0
LINE
  5
1A8C
100
AcDbEntity
  8
RAHM5
100
AcDbLine
 10
829.0
 20
296.0
 30
0.0
 11
834.0
 21
291.0
 31
0.0
  0
LINE
  5
1A8D
100
AcDbEntity
  8
0
100
AcDbLine
 10
834.0
 20
291.0
 30
0.0
 11
834.0
 21
296.0
 31
0.0
  0
LINE
  5
1A8E
100
AcDbEntity
  8
RAHM5
100
AcDbLine
 10
829.0
 20
298.0
 30
0.0
 11
834.0
 21
298.0
 31
0.0
  0
LINE
  5
1A8F
100
AcDbEntity
  8
RAHM5
100
AcDbLine
 10
829.0
 20
296.0
 30
0.0
 11
834.0
 21
296.0
 31
0.0
  0
LINE
  5
1A90
100
AcDbEntity
  8
RAHM2
100
AcDbLine
 10
834.0
 20
297.0
 30
0.0
 11
841.0
 21
297.0
 31
0.0
  0
LINE
  5
1A91
100
AcDbEntity
  8
RAHM2
100
AcDbLine
 10
210.0
 20
587.0
 30
0.0
 11
210.0
 21
594.0
 31
0.0
  0
LINE
  5
1A92
100
AcDbEntity
  8
RAHM2
100
AcDbLine
 10
400.0
 20
587.0
 30
0.0
 11
400.0
 21
594.0
 31
0.0
  0
LINE
  5
1A93
100
AcDbEntity
  8
RAHM2
100
AcDbLine
 10
651.0
 20
587.0
 30
0.0
 11
651.0
 21
594.0
 31
0.0
  0
LINE
  5
1A94
100
AcDbEntity
  8
RAHM2
100
AcDbLine
 10
0.0
 20
297.0
 30
0.0
 11
7.0
 21
297.0
 31
0.0
  0
LINE
  5
1A95
100
AcDbEntity
  8
RAHM2
100
AcDbLine
 10
210.0
 20
0.0
 30
0.0
 11
210.0
 21
7.0
 31
0.0
  0
LINE
  5
1A96
100
AcDbEntity
  8
RAHM2
100
AcDbLine
 10
400.0
 20
0.0
 30
0.0
 11
400.0
 21
7.0
 31
0.0
  0
LINE
  5
1A97
100
AcDbEntity
  8
RAHM2
100
AcDbLine
 10
651.0
 20
0.0
 30
0.0
 11
651.0
 21
7.0
 31
0.0
  0
TEXT
  5
1A98
100
AcDbEntity
  8
RAHM2
100
AcDbText
 10
8.263
 20
549.5
 30
0.0
 40
2.5
  1
A
 41
0.99
  7
SF_TXT
100
AcDbText
  0
TEXT
  5
1A99
100
AcDbEntity
  8
RAHM2
100
AcDbText
 10
8.263
 20
477.0
 30
0.0
 40
2.5
  1
B
 41
0.99
  7
SF_TXT
100
AcDbText
  0
TEXT
  5
1A9A
100
AcDbEntity
  8
RAHM2
100
AcDbText
 10
8.263
 20
404.5
 30
0.0
 40
2.5
  1
C
 41
0.99
  7
SF_TXT
100
AcDbText
  0
TEXT
  5
1A9B
100
AcDbEntity
  8
RAHM2
100
AcDbText
 10
8.263
 20
332.0
 30
0.0
 40
2.5
  1
D
 41
0.99
  7
SF_TXT
100
AcDbText
  0
TEXT
  5
1A9C
100
AcDbEntity
  8
RAHM2
100
AcDbText
 10
8.263
 20
259.5
 30
0.0
 40
2.5
  1
E
 41
0.99
  7
SF_TXT
100
AcDbText
  0
TEXT
  5
1A9D
100
AcDbEntity
  8
RAHM2
100
AcDbText
 10
8.263
 20
187.0
 30
0.0
 40
2.5
  1
F
 41
0.99
  7
SF_TXT
100
AcDbText
  0
TEXT
  5
1A9E
100
AcDbEntity
  8
RAHM2
100
AcDbText
 10
8.263
 20
114.5
 30
0.0
 40
2.5
  1
G
 41
0.99
  7
SF_TXT
100
AcDbText
  0
TEXT
  5
1A9F
100
AcDbEntity
  8
RAHM2
100
AcDbText
 10
8.263
 20
42.0
 30
0.0
 40
2.5
  1
H
 41
0.99
  7
SF_TXT
100
AcDbText
  0
TEXT
  5
1AA0
100
AcDbEntity
  8
RAHM2
100
AcDbText
 10
40.221
 20
8.25
 30
0.0
 40
2.5
  1
1
 41
0.99
  7
SF_TXT
100
AcDbText
  0
TEXT
  5
1AA1
100
AcDbEntity
  8
RAHM2
100
AcDbText
 10
109.138
 20
8.25
 30
0.0
 40
2.5
  1
2
 41
0.99
  7
SF_TXT
100
AcDbText
  0
TEXT
  5
1AA2
100
AcDbEntity
  8
RAHM2
100
AcDbText
 10
178.054
 20
8.25
 30
0.0
 40
2.5
  1
3
 41
0.99
  7
SF_TXT
100
AcDbText
  0
TEXT
  5
1AA3
100
AcDbEntity
  8
RAHM2
100
AcDbText
 10
246.971
 20
8.25
 30
0.0
 40
2.5
  1
4
 41
0.99
  7
SF_TXT
100
AcDbText
  0
TEXT
  5
1AA4
100
AcDbEntity
  8
RAHM2
100
AcDbText
 10
315.888
 20
8.25
 30
0.0
 40
2.5
  1
5
 41
0.99
  7
SF_TXT
100
AcDbText
  0
TEXT
  5
1AA5
100
AcDbEntity
  8
RAHM2
100
AcDbText
 10
384.804
 20
8.25
 30
0.0
 40
2.5
  1
6
 41
0.99
  7
SF_TXT
100
AcDbText
  0
TEXT
  5
1AA6
100
AcDbEntity
  8
RAHM2
100
AcDbText
 10
453.721
 20
8.25
 30
0.0
 40
2.5
  1
7
 41
0.99
  7
SF_TXT
100
AcDbText
  0
TEXT
  5
1AA7
100
AcDbEntity
  8
RAHM2
100
AcDbText
 10
522.638
 20
8.25
 30
0.0
 40
2.5
  1
8
 41
0.99
  7
SF_TXT
100
AcDbText
  0
TEXT
  5
1AA8
100
AcDbEntity
  8
RAHM2
100
AcDbText
 10
591.554
 20
8.25
 30
0.0
 40
2.5
  1
9
 41
0.99
  7
SF_TXT
100
AcDbText
  0
TEXT
  5
1AA9
100
AcDbEntity
  8
RAHM2
100
AcDbText
 10
659.233
 20
8.25
 30
0.0
 40
2.5
  1
10
 41
0.99
  7
SF_TXT
100
AcDbText
  0
TEXT
  5
1AAA
100
AcDbEntity
  8
RAHM2
100
AcDbText
 10
728.15
 20
8.25
 30
0.0
 40
2.5
  1
11
 41
0.99
  7
SF_TXT
100
AcDbText
  0
TEXT
  5
1AAB
100
AcDbEntity
  8
RAHM2
100
AcDbText
 10
797.066
 20
8.25
 30
0.0
 40
2.5
  1
12
 41
0.99
  7
SF_TXT
100
AcDbText
  0
TEXT
  5
1AAC
100
AcDbEntity
  8
RAHM2
100
AcDbText
 10
830.262
 20
42.0
 30
0.0
 40
2.5
  1
H
 41
0.99
  7
SF_TXT
100
AcDbText
  0
TEXT
  5
1AAD
100
AcDbEntity
  8
RAHM2
100
AcDbText
 10
830.262
 20
114.5
 30
0.0
 40
2.5
  1
G
 41
0.99
  7
SF_TXT
100
AcDbText
  0
TEXT
  5
1AAE
100
AcDbEntity
  8
RAHM2
100
AcDbText
 10
830.262
 20
187.0
 30
0.0
 40
2.5
  1
F
 41
0.99
  7
SF_TXT
100
AcDbText
  0
TEXT
  5
1AAF
100
AcDbEntity
  8
RAHM2
100
AcDbText
 10
830.262
 20
259.5
 30
0.0
 40
2.5
  1
E
 41
0.99
  7
SF_TXT
100
AcDbText
  0
TEXT
  5
1AB0
100
AcDbEntity
  8
RAHM2
100
AcDbText
 10
830.262
 20
332.0
 30
0.0
 40
2.5
  1
D
 41
0.99
  7
SF_TXT
100
AcDbText
  0
TEXT
  5
1AB1
100
AcDbEntity
  8
RAHM2
100
AcDbText
 10
830.262
 20
404.5
 30
0.0
 40
2.5
  1
C
 41
0.99
  7
SF_TXT
100
AcDbText
  0
TEXT
  5
1AB2
100
AcDbEntity
  8
RAHM2
100
AcDbText
 10
830.262
 20
477.0
 30
0.0
 40
2.5
  1
B
 41
0.99
  7
SF_TXT
100
AcDbText
  0
TEXT
  5
1AB3
100
AcDbEntity
  8
RAHM2
100
AcDbText
 10
830.262
 20
549.5
 30
0.0
 40
2.5
  1
A
 41
0.99
  7
SF_TXT
100
AcDbText
  0
TEXT
  5
1AB4
100
AcDbEntity
  8
RAHM2
100
AcDbText
 10
797.066
 20
583.25
 30
0.0
 40
2.5
  1
12
 41
0.99
  7
SF_TXT
100
AcDbText
  0
TEXT
  5
1AB5
100
AcDbEntity
  8
RAHM2
100
AcDbText
 10
728.15
 20
583.25
 30
0.0
 40
2.5
  1
11
 41
0.99
  7
SF_TXT
100
AcDbText
  0
TEXT
  5
1AB6
100
AcDbEntity
  8
RAHM2
100
AcDbText
 10
659.233
 20
583.25
 30
0.0
 40
2.5
  1
10
 41
0.99
  7
SF_TXT
100
AcDbText
  0
TEXT
  5
1AB7
100
AcDbEntity
  8
RAHM2
100
AcDbText
 10
591.554
 20
583.25
 30
0.0
 40
2.5
  1
9
 41
0.99
  7
SF_TXT
100
AcDbText
  0
TEXT
  5
1AB8
100
AcDbEntity
  8
RAHM2
100
AcDbText
 10
522.638
 20
583.25
 30
0.0
 40
2.5
  1
8
 41
0.99
  7
SF_TXT
100
AcDbText
  0
TEXT
  5
1AB9
100
AcDbEntity
  8
RAHM2
100
AcDbText
 10
453.721
 20
583.25
 30
0.0
 40
2.5
  1
7
 41
0.99
  7
SF_TXT
100
AcDbText
  0
TEXT
  5
1ABA
100
AcDbEntity
  8
RAHM2
100
AcDbText
 10
384.804
 20
583.25
 30
0.0
 40
2.5
  1
6
 41
0.99
  7
SF_TXT
100
AcDbText
  0
TEXT
  5
1ABB
100
AcDbEntity
  8
RAHM2
100
AcDbText
 10
315.888
 20
583.25
 30
0.0
 40
2.5
  1
5
 41
0.99
  7
SF_TXT
100
AcDbText
  0
TEXT
  5
1ABC
100
AcDbEntity
  8
RAHM2
100
AcDbText
 10
246.971
 20
583.25
 30
0.0
 40
2.5
  1
4
 41
0.99
  7
SF_TXT
100
AcDbText
  0
TEXT
  5
1ABD
100
AcDbEntity
  8
RAHM2
100
AcDbText
 10
178.054
 20
583.25
 30
0.0
 40
2.5
  1
3
 41
0.99
  7
SF_TXT
100
AcDbText
  0
TEXT
  5
1ABE
100
AcDbEntity
  8
RAHM2
100
AcDbText
 10
109.138
 20
583.25
 30
0.0
 40
2.5
  1
2
 41
0.99
  7
SF_TXT
100
AcDbText
  0
TEXT
  5
1ABF
100
AcDbEntity
  8
RAHM2
100
AcDbText
 10
40.221
 20
583.25
 30
0.0
 40
2.5
  1
1
 41
0.99
  7
SF_TXT
100
AcDbText
  0
LINE
  5
1AC0
100
AcDbEntity
  8
RAHM2
100
AcDbLine
 10
7.0
 20
514.5
 30
0.0
 11
12.0
 21
514.5
 31
0.0
  0
LINE
  5
1AC1
100
AcDbEntity
  8
RAHM2
100
AcDbLine
 10
7.0
 20
442.0
 30
0.0
 11
12.0
 21
442.0
 31
0.0
  0
LINE
  5
1AC2
100
AcDbEntity
  8
RAHM2
100
AcDbLine
 10
7.0
 20
369.5
 30
0.0
 11
12.0
 21
369.5
 31
0.0
  0
LINE
  5
1AC3
100
AcDbEntity
  8
RAHM2
100
AcDbLine
 10
7.0
 20
297.0
 30
0.0
 11
12.0
 21
297.0
 31
0.0
  0
LINE
  5
1AC4
100
AcDbEntity
  8
RAHM2
100
AcDbLine
 10
7.0
 20
224.5
 30
0.0
 11
12.0
 21
224.5
 31
0.0
  0
LINE
  5
1AC5
100
AcDbEntity
  8
RAHM2
100
AcDbLine
 10
7.0
 20
152.0
 30
0.0
 11
12.0
 21
152.0
 31
0.0
  0
LINE
  5
1AC6
100
AcDbEntity
  8
RAHM2
100
AcDbLine
 10
829.0
 20
514.5
 30
0.0
 11
834.0
 21
514.5
 31
0.0
  0
LINE
  5
1AC7
100
AcDbEntity
  8
RAHM2
100
AcDbLine
 10
829.0
 20
442.0
 30
0.0
 11
834.0
 21
442.0
 31
0.0
  0
LINE
  5
1AC8
100
AcDbEntity
  8
RAHM2
100
AcDbLine
 10
829.0
 20
369.5
 30
0.0
 11
834.0
 21
369.5
 31
0.0
  0
LINE
  5
1AC9
100
AcDbEntity
  8
RAHM2
100
AcDbLine
 10
829.0
 20
297.0
 30
0.0
 11
834.0
 21
297.0
 31
0.0
  0
LINE
  5
1ACA
100
AcDbEntity
  8
RAHM2
100
AcDbLine
 10
829.0
 20
224.5
 30
0.0
 11
834.0
 21
224.5
 31
0.0
  0
LINE
  5
1ACB
100
AcDbEntity
  8
RAHM2
100
AcDbLine
 10
829.0
 20
152.0
 30
0.0
 11
834.0
 21
152.0
 31
0.0
  0
LINE
  5
1ACC
100
AcDbEntity
  8
RAHM2
100
AcDbLine
 10
765.083
 20
7.0
 30
0.0
 11
765.083
 21
12.0
 31
0.0
  0
LINE
  5
1ACD
100
AcDbEntity
  8
RAHM2
100
AcDbLine
 10
696.167
 20
7.0
 30
0.0
 11
696.167
 21
12.0
 31
0.0
  0
LINE
  5
1ACE
100
AcDbEntity
  8
RAHM2
100
AcDbLine
 10
627.25
 20
7.0
 30
0.0
 11
627.25
 21
12.0
 31
0.0
  0
LINE
  5
1ACF
100
AcDbEntity
  8
RAHM2
100
AcDbLine
 10
558.333
 20
7.0
 30
0.0
 11
558.333
 21
12.0
 31
0.0
  0
LINE
  5
1AD0
100
AcDbEntity
  8
RAHM2
100
AcDbLine
 10
489.417
 20
7.0
 30
0.0
 11
489.417
 21
12.0
 31
0.0
  0
LINE
  5
1AD1
100
AcDbEntity
  8
RAHM2
100
AcDbLine
 10
420.5
 20
7.0
 30
0.0
 11
420.5
 21
12.0
 31
0.0
  0
LINE
  5
1AD2
100
AcDbEntity
  8
RAHM2
100
AcDbLine
 10
351.583
 20
7.0
 30
0.0
 11
351.583
 21
12.0
 31
0.0
  0
LINE
  5
1AD3
100
AcDbEntity
  8
RAHM2
100
AcDbLine
 10
282.667
 20
7.0
 30
0.0
 11
282.667
 21
12.0
 31
0.0
  0
LINE
  5
1AD4
100
AcDbEntity
  8
RAHM2
100
AcDbLine
 10
213.75
 20
7.0
 30
0.0
 11
213.75
 21
12.0
 31
0.0
  0
LINE
  5
1AD5
100
AcDbEntity
  8
RAHM2
100
AcDbLine
 10
144.833
 20
7.0
 30
0.0
 11
144.833
 21
12.0
 31
0.0
  0
LINE
  5
1AD6
100
AcDbEntity
  8
RAHM2
100
AcDbLine
 10
765.083
 20
582.0
 30
0.0
 11
765.083
 21
587.0
 31
0.0
  0
LINE
  5
1AD7
100
AcDbEntity
  8
RAHM2
100
AcDbLine
 10
696.167
 20
582.0
 30
0.0
 11
696.167
 21
587.0
 31
0.0
  0
LINE
  5
1AD8
100
AcDbEntity
  8
RAHM2
100
AcDbLine
 10
627.25
 20
582.0
 30
0.0
 11
627.25
 21
587.0
 31
0.0
  0
LINE
  5
1AD9
100
AcDbEntity
  8
RAHM2
100
AcDbLine
 10
558.333
 20
582.0
 30
0.0
 11
558.333
 21
587.0
 31
0.0
  0
LINE
  5
1ADA
100
AcDbEntity
  8
RAHM2
100
AcDbLine
 10
489.417
 20
582.0
 30
0.0
 11
489.417
 21
587.0
 31
0.0
  0
LINE
  5
1ADB
100
AcDbEntity
  8
RAHM2
100
AcDbLine
 10
420.5
 20
582.0
 30
0.0
 11
420.5
 21
587.0
 31
0.0
  0
LINE
  5
1ADC
100
AcDbEntity
  8
RAHM2
100
AcDbLine
 10
351.583
 20
582.0
 30
0.0
 11
351.583
 21
587.0
 31
0.0
  0
LINE
  5
1ADD
100
AcDbEntity
  8
RAHM2
100
AcDbLine
 10
282.667
 20
582.0
 30
0.0
 11
282.667
 21
587.0
 31
0.0
  0
LINE
  5
1ADE
100
AcDbEntity
  8
RAHM2
100
AcDbLine
 10
213.75
 20
582.0
 30
0.0
 11
213.75
 21
587.0
 31
0.0
  0
LINE
  5
1ADF
100
AcDbEntity
  8
RAHM2
100
AcDbLine
 10
144.833
 20
582.0
 30
0.0
 11
144.833
 21
587.0
 31
0.0
  0
LINE
  5
1AE0
100
AcDbEntity
  8
RAHM2
100
AcDbLine
 10
829.0
 20
79.5
 30
0.0
 11
834.0
 21
79.5
 31
0.0
  0
LINE
  5
1AE1
100
AcDbEntity
  8
RAHM2
100
AcDbLine
 10
7.0
 20
79.5
 30
0.0
 11
12.0
 21
79.5
 31
0.0
  0
LINE
  5
1AE2
100
AcDbEntity
  8
RAHM2
100
AcDbLine
 10
75.917
 20
7.0
 30
0.0
 11
75.917
 21
12.0
 31
0.0
  0
LINE
  5
1AE3
100
AcDbEntity
  8
RAHM2
100
AcDbLine
 10
75.917
 20
582.0
 30
0.0
 11
75.917
 21
587.0
 31
0.0
  0
LINE
  5
1AE4
100
AcDbEntity
  8
0
100
AcDbLine
 10
7.0
 20
7.0
 30
0.0
 11
834.0
 21
7.0
 31
0.0
  0
LINE
  5
1AE5
100
AcDbEntity
  8
0
100
AcDbLine
 10
834.0
 20
7.0
 30
0.0
 11
834.0
 21
587.0
 31
0.0
  0
LINE
  5
1AE6
100
AcDbEntity
  8
0
100
AcDbLine
 10
7.0
 20
587.0
 30
0.0
 11
834.0
 21
587.0
 31
0.0
  0
LINE
  5
1AE7
100
AcDbEntity
  8
0
100
AcDbLine
 10
7.0
 20
7.0
 30
0.0
 11
7.0
 21
587.0
 31
0.0
  0
LINE
  5
1AE8
100
AcDbEntity
  8
RAHM2
100
AcDbLine
 10
0.0
 20
0.0
 30
0.0
 11
0.0
 21
594.0
 31
0.0
  0
LINE
  5
1AE9
100
AcDbEntity
  8
RAHM2
100
AcDbLine
 10
0.0
 20
594.0
 30
0.0
 11
841.0
 21
594.0
 31
0.0
  0
LINE
  5
1AEA
100
AcDbEntity
  8
RAHM2
100
AcDbLine
 10
841.0
 20
0.0
 30
0.0
 11
841.0
 21
594.0
 31
0.0
  0
LINE
  5
1AEB
100
AcDbEntity
  8
RAHM2
100
AcDbLine
 10
0.0
 20
0.0
 30
0.0
 11
841.0
 21
0.0
 31
0.0
  0
LINE
  5
1AEC
100
AcDbEntity
  8
RAHM2
100
AcDbLine
 10
834.0
 20
297.0
 30
0.0
 11
841.0
 21
297.0
 31
0.0
  0
LINE
  5
1AED
100
AcDbEntity
  8
RAHM2
100
AcDbLine
 10
651.0
 20
0.0
 30
0.0
 11
651.0
 21
7.0
 31
0.0
  0
LINE
  5
1AEE
100
AcDbEntity
  8
RAHM2
100
AcDbLine
 10
400.0
 20
0.0
 30
0.0
 11
400.0
 21
7.0
 31
0.0
  0
LINE
  5
1AEF
100
AcDbEntity
  8
RAHM2
100
AcDbLine
 10
210.0
 20
0.0
 30
0.0
 11
210.0
 21
7.0
 31
0.0
  0
LINE
  5
1AF0
100
AcDbEntity
  8
RAHM2
100
AcDbLine
 10
0.0
 20
297.0
 30
0.0
 11
7.0
 21
297.0
 31
0.0
  0
LINE
  5
1AF1
100
AcDbEntity
  8
RAHM2
100
AcDbLine
 10
210.0
 20
587.0
 30
0.0
 11
210.0
 21
594.0
 31
0.0
  0
LINE
  5
1AF2
100
AcDbEntity
  8
RAHM2
100
AcDbLine
 10
400.0
 20
587.0
 30
0.0
 11
400.0
 21
594.0
 31
0.0
  0
LINE
  5
1AF3
100
AcDbEntity
  8
RAHM2
100
AcDbLine
 10
651.0
 20
587.0
 30
0.0
 11
651.0
 21
594.0
 31
0.0
  0
LINE
  5
1AF4
100
AcDbEntity
  8
RAHM2
100
AcDbLine
 10
829.0
 20
112.8
 30
0.0
 11
829.0
 21
582.0
 31
0.0
  0
LINE
  5
1AF5
100
AcDbEntity
  8
RAHM2
100
AcDbLine
 10
12.0
 20
12.0
 30
0.0
 11
12.0
 21
582.0
 31
0.0
  0
LINE
  5
1AF6
100
AcDbEntity
  8
RAHM2
100
AcDbLine
 10
12.0
 20
12.0
 30
0.0
 11
446.0
 21
12.0
 31
0.0
  0
LINE
  5
1AF7
100
AcDbEntity
  8
RAHM2
100
AcDbLine
 10
12.0
 20
582.0
 30
0.0
 11
829.0
 21
582.0
 31
0.0
  0
ATTDEF
  5
1AF8
100
AcDbEntity
  8
0
100
AcDbText
 10
829.0
 20
12.0
 30
0.0
 40
2.5
  1

100
AcDbAttributeDefinition
  3

  2
INSERT
 70
     3
  0
ATTDEF
  5
1AF9
100
AcDbEntity
  8
0
100
AcDbText
 10
12.0
 20
12.0
 30
0.0
 40
2.5
  1

100
AcDbAttributeDefinition
  3

  2
LL
 70
     3
  0
ATTDEF
  5
1AFA
100
AcDbEntity
  8
0
100
AcDbText
 10
829.0
 20
582.0
 30
0.0
 40
2.5
  1

100
AcDbAttributeDefinition
  3

  2
RU
 70
     3
  0
ATTDEF
  5
1AFB
100
AcDbEntity
  8
0
100
AcDbText
 10
841.0
 20
594.0
 30
0.0
 40
2.5
  1

100
AcDbAttributeDefinition
  3

  2
MAX
 70
     3
  0
ENDBLK
  5
1AFD
100
AcDbEntity
  8
0
100
AcDbBlockEnd
  0
BLOCK
  5
1B91
100
AcDbEntity
  8
0
100
AcDbBlockBegin
  2
*X2
 70
     1
 10
0.0
 20
0.0
 30
0.0
  3
*X2
  1

  0
LINE
  5
1B01
100
AcDbEntity
  8
0
 62
     0
100
AcDbLine
 10
1012.371445
 20
36.038
 30
0.0
 11
1015.037
 21
38.703555
 31
0.0
  0
LINE
  5
1B02
100
AcDbEntity
  8
0
 62
     0
100
AcDbLine
 10
1016.891445
 20
40.558
 30
0.0
 11
1020.163445
 21
43.83
 31
0.0
  0
LINE
  5
1B03
100
AcDbEntity
  8
0
 62
     0
100
AcDbLine
 10
1012.154
 20
36.224666
 30
0.0
 11
1015.037
 21
39.107666
 31
0.0
  0
LINE
  5
1B04
100
AcDbEntity
  8
0
 62
     0
100
AcDbLine
 10
1016.487334
 20
40.558
 30
0.0
 11
1019.759334
 21
43.83
 31
0.0
  0
LINE
  5
1B05
100
AcDbEntity
  8
0
 62
     0
100
AcDbLine
 10
1012.154
 20
36.628778
 30
0.0
 11
1015.037
 21
39.511778
 31
0.0
  0
LINE
  5
1B06
100
AcDbEntity
  8
0
 62
     0
100
AcDbLine
 10
1016.083222
 20
40.558
 30
0.0
 11
1019.355222
 21
43.83
 31
0.0
  0
LINE
  5
1B07
100
AcDbEntity
  8
0
 62
     0
100
AcDbLine
 10
1012.154
 20
37.032889
 30
0.0
 11
1015.028619
 21
39.907508
 31
0.0
  0
LINE
  5
1B08
100
AcDbEntity
  8
0
 62
     0
100
AcDbLine
 10
1015.679111
 20
40.558
 30
0.0
 11
1018.951111
 21
43.83
 31
0.0
  0
LINE
  5
1B09
100
AcDbEntity
  8
0
 62
     0
100
AcDbLine
 10
1012.154
 20
37.437001
 30
0.0
 11
1014.9757
 21
40.258701
 31
0.0
  0
LINE
  5
1B0A
100
AcDbEntity
  8
0
 62
     0
100
AcDbLine
 10
1017.297
 20
42.580001
 30
0.0
 11
1018.546999
 21
43.83
 31
0.0
  0
LINE
  5
1B0B
100
AcDbEntity
  8
0
 62
     0
100
AcDbLine
 10
1015.274999
 20
40.558
 30
0.0
 11
1016.988999
 21
42.272
 31
0.0
  0
LINE
  5
1B0C
100
AcDbEntity
  8
0
 62
     0
100
AcDbLine
 10
1012.154
 20
37.841112
 30
0.0
 11
1016.584888
 21
42.272
 31
0.0
  0
LINE
  5
1B0D
100
AcDbEntity
  8
0
 62
     0
100
AcDbLine
 10
1017.297
 20
42.984112
 30
0.0
 11
1018.142888
 21
43.83
 31
0.0
  0
LINE
  5
1B0E
100
AcDbEntity
  8
0
 62
     0
100
AcDbLine
 10
1012.154
 20
38.245224
 30
0.0
 11
1016.180776
 21
42.272
 31
0.0
  0
LINE
  5
1B0F
100
AcDbEntity
  8
0
 62
     0
100
AcDbLine
 10
1017.297
 20
43.388224
 30
0.0
 11
1017.738776
 21
43.83
 31
0.0
  0
LINE
  5
1B10
100
AcDbEntity
  8
0
 62
     0
100
AcDbLine
 10
1009.542665
 20
36.038
 30
0.0
 11
1009.66
 21
36.155335
 31
0.0
  0
LINE
  5
1B11
100
AcDbEntity
  8
0
 62
     0
100
AcDbLine
 10
1017.297
 20
43.792335
 30
0.0
 11
1017.334665
 21
43.83
 31
0.0
  0
LINE
  5
1B12
100
AcDbEntity
  8
0
 62
     0
100
AcDbLine
 10
1012.154
 20
38.649335
 30
0.0
 11
1015.776665
 21
42.272
 31
0.0
  0
LINE
  5
1B13
100
AcDbEntity
  8
0
 62
     0
100
AcDbLine
 10
1009.138553
 20
36.038
 30
0.0
 11
1009.66
 21
36.559447
 31
0.0
  0
LINE
  5
1B14
100
AcDbEntity
  8
0
 62
     0
100
AcDbLine
 10
1012.154
 20
39.053447
 30
0.0
 11
1015.372553
 21
42.272
 31
0.0
  0
LINE
  5
1B15
100
AcDbEntity
  8
0
 62
     0
100
AcDbLine
 10
1008.734442
 20
36.038
 30
0.0
 11
1009.66
 21
36.963558
 31
0.0
  0
LINE
  5
1B16
100
AcDbEntity
  8
0
 62
     0
100
AcDbLine
 10
1012.108042
 20
39.411601
 30
0.0
 11
1014.968442
 21
42.272
 31
0.0
  0
LINE
  5
1B17
100
AcDbEntity
  8
0
 62
     0
100
AcDbLine
 10
1008.33033
 20
36.038
 30
0.0
 11
1009.66
 21
37.36767
 31
0.0
  0
LINE
  5
1B18
100
AcDbEntity
  8
0
 62
     0
100
AcDbLine
 10
1011.988811
 20
39.69648
 30
0.0
 11
1014.56433
 21
42.272
 31
0.0
  0
LINE
  5
1B19
100
AcDbEntity
  8
0
 62
     0
100
AcDbLine
 10
1007.926219
 20
36.038
 30
0.0
 11
1009.66
 21
37.771781
 31
0.0
  0
LINE
  5
1B1A
100
AcDbEntity
  8
0
 62
     0
100
AcDbLine
 10
1011.817055
 20
39.928836
 30
0.0
 11
1014.160219
 21
42.272
 31
0.0
  0
LINE
  5
1B1B
100
AcDbEntity
  8
0
 62
     0
100
AcDbLine
 10
1007.522107
 20
36.038
 30
0.0
 11
1009.66
 21
38.175893
 31
0.0
  0
LINE
  5
1B1C
100
AcDbEntity
  8
0
 62
     0
100
AcDbLine
 10
1011.598312
 20
40.114204
 30
0.0
 11
1013.756107
 21
42.272
 31
0.0
  0
LINE
  5
1B1D
100
AcDbEntity
  8
0
 62
     0
100
AcDbLine
 10
1007.117996
 20
36.038
 30
0.0
 11
1009.66
 21
38.580004
 31
0.0
  0
LINE
  5
1B1E
100
AcDbEntity
  8
0
 62
     0
100
AcDbLine
 10
1011.329641
 20
40.249645
 30
0.0
 11
1013.351996
 21
42.272
 31
0.0
  0
LINE
  5
1B1F
100
AcDbEntity
  8
0
 62
     0
100
AcDbLine
 10
1006.777
 20
36.101116
 30
0.0
 11
1009.66
 21
38.984116
 31
0.0
  0
LINE
  5
1B20
100
AcDbEntity
  8
0
 62
     0
100
AcDbLine
 10
1010.996247
 20
40.320363
 30
0.0
 11
1012.947884
 21
42.272
 31
0.0
  0
LINE
  5
1B21
100
AcDbEntity
  8
0
 62
     0
100
AcDbLine
 10
1006.777
 20
36.505227
 30
0.0
 11
1009.750123
 21
39.47835
 31
0.0
  0
LINE
  5
1B22
100
AcDbEntity
  8
0
 62
     0
100
AcDbLine
 10
1010.505275
 20
40.233503
 30
0.0
 11
1012.543773
 21
42.272
 31
0.0
  0
LINE
  5
1B23
100
AcDbEntity
  8
0
 62
     0
100
AcDbLine
 10
1006.777
 20
36.909339
 30
0.0
 11
1012.139661
 21
42.272
 31
0.0
  0
LINE
  5
1B24
100
AcDbEntity
  8
0
 62
     0
100
AcDbLine
 10
1006.777
 20
37.31345
 30
0.0
 11
1011.73555
 21
42.272
 31
0.0
  0
LINE
  5
1B25
100
AcDbEntity
  8
0
 62
     0
100
AcDbLine
 10
1006.777
 20
37.717562
 30
0.0
 11
1011.325488
 21
42.26605
 31
0.0
  0
LINE
  5
1B26
100
AcDbEntity
  8
0
 62
     0
100
AcDbLine
 10
1006.777
 20
38.121674
 30
0.0
 11
1010.863438
 21
42.208112
 31
0.0
  0
LINE
  5
1B27
100
AcDbEntity
  8
0
 62
     0
100
AcDbLine
 10
1006.777
 20
38.525785
 30
0.0
 11
1010.300745
 21
42.04953
 31
0.0
  0
LINE
  5
1B28
100
AcDbEntity
  8
0
 62
     0
100
AcDbLine
 10
1003.885103
 20
36.038
 30
0.0
 11
1004.283
 21
36.435897
 31
0.0
  0
LINE
  5
1B29
100
AcDbEntity
  8
0
 62
     0
100
AcDbLine
 10
1006.777
 20
38.929897
 30
0.0
 11
1009.391475
 21
41.544372
 31
0.0
  0
LINE
  5
1B2A
100
AcDbEntity
  8
0
 62
     0
100
AcDbLine
 10
1003.480992
 20
36.038
 30
0.0
 11
1004.283
 21
36.840008
 31
0.0
  0
LINE
  5
1B2B
100
AcDbEntity
  8
0
 62
     0
100
AcDbLine
 10
1006.754651
 20
39.311659
 30
0.0
 11
1008.660353
 21
41.217361
 31
0.0
  0
LINE
  5
1B2C
100
AcDbEntity
  8
0
 62
     0
100
AcDbLine
 10
1003.07688
 20
36.038
 30
0.0
 11
1004.283
 21
37.24412
 31
0.0
  0
LINE
  5
1B2D
100
AcDbEntity
  8
0
 62
     0
100
AcDbLine
 10
1006.654498
 20
39.615618
 30
0.0
 11
1008.452164
 21
41.413284
 31
0.0
  0
LINE
  5
1B2E
100
AcDbEntity
  8
0
 62
     0
100
AcDbLine
 10
1002.672769
 20
36.038
 30
0.0
 11
1004.283
 21
37.648231
 31
0.0
  0
LINE
  5
1B2F
100
AcDbEntity
  8
0
 62
     0
100
AcDbLine
 10
1006.497781
 20
39.863013
 30
0.0
 11
1008.227368
 21
41.592599
 31
0.0
  0
LINE
  5
1B30
100
AcDbEntity
  8
0
 62
     0
100
AcDbLine
 10
1002.268657
 20
36.038
 30
0.0
 11
1004.283
 21
38.052343
 31
0.0
  0
LINE
  5
1B31
100
AcDbEntity
  8
0
 62
     0
100
AcDbLine
 10
1006.293341
 20
40.062683
 30
0.0
 11
1007.985494
 21
41.754837
 31
0.0
  0
LINE
  5
1B32
100
AcDbEntity
  8
0
 62
     0
100
AcDbLine
 10
1001.864546
 20
36.038
 30
0.0
 11
1004.283
 21
38.456454
 31
0.0
  0
LINE
  5
1B33
100
AcDbEntity
  8
0
 62
     0
100
AcDbLine
 10
1006.040762
 20
40.214216
 30
0.0
 11
1007.725676
 21
41.89913
 31
0.0
  0
LINE
  5
1B34
100
AcDbEntity
  8
0
 62
     0
100
AcDbLine
 10
1001.460434
 20
36.038
 30
0.0
 11
1004.283
 21
38.860566
 31
0.0
  0
LINE
  5
1B35
100
AcDbEntity
  8
0
 62
     0
100
AcDbLine
 10
1005.729917
 20
40.307483
 30
0.0
 11
1007.44655
 21
42.024116
 31
0.0
  0
LINE
  5
1B36
100
AcDbEntity
  8
0
 62
     0
100
AcDbLine
 10
1001.4
 20
36.381677
 30
0.0
 11
1004.317884
 21
39.299561
 31
0.0
  0
LINE
  5
1B37
100
AcDbEntity
  8
0
 62
     0
100
AcDbLine
 10
1005.307048
 20
40.288726
 30
0.0
 11
1007.146068
 21
42.127745
 31
0.0
  0
LINE
  5
1B38
100
AcDbEntity
  8
0
 62
     0
100
AcDbLine
 10
1001.4
 20
36.785789
 30
0.0
 11
1006.821165
 21
42.206954
 31
0.0
  0
LINE
  5
1B39
100
AcDbEntity
  8
0
 62
     0
100
AcDbLine
 10
1001.4
 20
37.1899
 30
0.0
 11
1006.467121
 21
42.257022
 31
0.0
  0
LINE
  5
1B3A
100
AcDbEntity
  8
0
 62
     0
100
AcDbLine
 10
1001.4
 20
37.594012
 30
0.0
 11
1006.076209
 21
42.270221
 31
0.0
  0
LINE
  5
1B3B
100
AcDbEntity
  8
0
 62
     0
100
AcDbLine
 10
1001.4
 20
37.998123
 30
0.0
 11
1005.634339
 21
42.232462
 31
0.0
  0
LINE
  5
1B3C
100
AcDbEntity
  8
0
 62
     0
100
AcDbLine
 10
1001.4
 20
38.402235
 30
0.0
 11
1005.110156
 21
42.11239
 31
0.0
  0
LINE
  5
1B3D
100
AcDbEntity
  8
0
 62
     0
100
AcDbLine
 10
1001.4
 20
38.806346
 30
0.0
 11
1004.388636
 21
41.794983
 31
0.0
  0
LINE
  5
1B3E
100
AcDbEntity
  8
0
 62
     0
100
AcDbLine
 10
1001.4
 20
39.210458
 30
0.0
 11
1004.283
 21
42.093458
 31
0.0
  0
LINE
  5
1B3F
100
AcDbEntity
  8
0
 62
     0
100
AcDbLine
 10
1001.4
 20
39.614569
 30
0.0
 11
1003.979431
 21
42.194
 31
0.0
  0
LINE
  5
1B40
100
AcDbEntity
  8
0
 62
     0
100
AcDbLine
 10
1001.4
 20
40.018681
 30
0.0
 11
1003.575319
 21
42.194
 31
0.0
  0
LINE
  5
1B41
100
AcDbEntity
  8
0
 62
     0
100
AcDbLine
 10
1001.4
 20
40.422792
 30
0.0
 11
1003.171208
 21
42.194
 31
0.0
  0
LINE
  5
1B42
100
AcDbEntity
  8
0
 62
     0
100
AcDbLine
 10
1001.4
 20
40.826904
 30
0.0
 11
1002.767096
 21
42.194
 31
0.0
  0
LINE
  5
1B43
100
AcDbEntity
  8
0
 62
     0
100
AcDbLine
 10
1001.4
 20
41.231016
 30
0.0
 11
1002.362984
 21
42.194
 31
0.0
  0
LINE
  5
1B44
100
AcDbEntity
  8
0
 62
     0
100
AcDbLine
 10
1001.4
 20
41.635127
 30
0.0
 11
1001.958873
 21
42.194
 31
0.0
  0
LINE
  5
1B45
100
AcDbEntity
  8
0
 62
     0
100
AcDbLine
 10
1001.4
 20
42.039239
 30
0.0
 11
1001.554761
 21
42.194
 31
0.0
  0
LINE
  5
1B46
100
AcDbEntity
  8
0
 62
     0
100
AcDbLine
 10
1012.775557
 20
36.038
 30
0.0
 11
1015.037
 21
38.299443
 31
0.0
  0
LINE
  5
1B47
100
AcDbEntity
  8
0
 62
     0
100
AcDbLine
 10
1017.295557
 20
40.558
 30
0.0
 11
1020.297
 21
43.559443
 31
0.0
  0
LINE
  5
1B48
100
AcDbEntity
  8
0
 62
     0
100
AcDbLine
 10
1013.179669
 20
36.038
 30
0.0
 11
1015.037
 21
37.895331
 31
0.0
  0
LINE
  5
1B49
100
AcDbEntity
  8
0
 62
     0
100
AcDbLine
 10
1017.297
 20
40.155331
 30
0.0
 11
1020.297
 21
43.155331
 31
0.0
  0
LINE
  5
1B4A
100
AcDbEntity
  8
0
 62
     0
100
AcDbLine
 10
1013.58378
 20
36.038
 30
0.0
 11
1015.037
 21
37.49122
 31
0.0
  0
LINE
  5
1B4B
100
AcDbEntity
  8
0
 62
     0
100
AcDbLine
 10
1017.297
 20
39.75122
 30
0.0
 11
1020.297
 21
42.75122
 31
0.0
  0
LINE
  5
1B4C
100
AcDbEntity
  8
0
 62
     0
100
AcDbLine
 10
1013.987892
 20
36.038
 30
0.0
 11
1015.037
 21
37.087108
 31
0.0
  0
LINE
  5
1B4D
100
AcDbEntity
  8
0
 62
     0
100
AcDbLine
 10
1017.297
 20
39.347108
 30
0.0
 11
1020.297
 21
42.347108
 31
0.0
  0
LINE
  5
1B4E
100
AcDbEntity
  8
0
 62
     0
100
AcDbLine
 10
1014.392003
 20
36.038
 30
0.0
 11
1015.037
 21
36.682997
 31
0.0
  0
LINE
  5
1B4F
100
AcDbEntity
  8
0
 62
     0
100
AcDbLine
 10
1017.297
 20
38.942997
 30
0.0
 11
1020.626003
 21
42.272
 31
0.0
  0
LINE
  5
1B50
100
AcDbEntity
  8
0
 62
     0
100
AcDbLine
 10
1014.796115
 20
36.038
 30
0.0
 11
1015.037
 21
36.278885
 31
0.0
  0
LINE
  5
1B51
100
AcDbEntity
  8
0
 62
     0
100
AcDbLine
 10
1017.297
 20
38.538885
 30
0.0
 11
1021.030115
 21
42.272
 31
0.0
  0
LINE
  5
1B52
100
AcDbEntity
  8
0
 62
     0
100
AcDbLine
 10
1017.297
 20
38.134774
 30
0.0
 11
1021.434226
 21
42.272
 31
0.0
  0
LINE
  5
1B53
100
AcDbEntity
  8
0
 62
     0
100
AcDbLine
 10
1017.297
 20
37.730662
 30
0.0
 11
1021.838338
 21
42.272
 31
0.0
  0
LINE
  5
1B54
100
AcDbEntity
  8
0
 62
     0
100
AcDbLine
 10
1017.317158
 20
37.346709
 30
0.0
 11
1020.296906
 21
40.326456
 31
0.0
  0
LINE
  5
1B55
100
AcDbEntity
  8
0
 62
     0
100
AcDbLine
 10
1020.528449
 20
40.558
 30
0.0
 11
1022.242449
 21
42.272
 31
0.0
  0
LINE
  5
1B56
100
AcDbEntity
  8
0
 62
     0
100
AcDbLine
 10
1017.403889
 20
37.029328
 30
0.0
 11
1020.296741
 21
39.92218
 31
0.0
  0
LINE
  5
1B57
100
AcDbEntity
  8
0
 62
     0
100
AcDbLine
 10
1020.932561
 20
40.558
 30
0.0
 11
1022.646561
 21
42.272
 31
0.0
  0
LINE
  5
1B58
100
AcDbEntity
  8
0
 62
     0
100
AcDbLine
 10
1017.539817
 20
36.761144
 30
0.0
 11
1020.296576
 21
39.517904
 31
0.0
  0
LINE
  5
1B59
100
AcDbEntity
  8
0
 62
     0
100
AcDbLine
 10
1021.336672
 20
40.558
 30
0.0
 11
1023.050672
 21
42.272
 31
0.0
  0
LINE
  5
1B5A
100
AcDbEntity
  8
0
 62
     0
100
AcDbLine
 10
1017.716045
 20
36.533261
 30
0.0
 11
1020.296412
 21
39.113628
 31
0.0
  0
LINE
  5
1B5B
100
AcDbEntity
  8
0
 62
     0
100
AcDbLine
 10
1021.740784
 20
40.558
 30
0.0
 11
1023.454784
 21
42.272
 31
0.0
  0
LINE
  5
1B5C
100
AcDbEntity
  8
0
 62
     0
100
AcDbLine
 10
1017.929705
 20
36.342809
 30
0.0
 11
1020.296247
 21
38.709352
 31
0.0
  0
LINE
  5
1B5D
100
AcDbEntity
  8
0
 62
     0
100
AcDbLine
 10
1022.144895
 20
40.558
 30
0.0
 11
1023.858895
 21
42.272
 31
0.0
  0
LINE
  5
1B5E
100
AcDbEntity
  8
0
 62
     0
100
AcDbLine
 10
1018.182048
 20
36.191041
 30
0.0
 11
1020.296082
 21
38.305075
 31
0.0
  0
LINE
  5
1B5F
100
AcDbEntity
  8
0
 62
     0
100
AcDbLine
 10
1022.549007
 20
40.558
 30
0.0
 11
1024.263007
 21
42.272
 31
0.0
  0
LINE
  5
1B60
100
AcDbEntity
  8
0
 62
     0
100
AcDbLine
 10
1018.479235
 20
36.084117
 30
0.0
 11
1020.335824
 21
37.940706
 31
0.0
  0
LINE
  5
1B61
100
AcDbEntity
  8
0
 62
     0
100
AcDbLine
 10
1022.953118
 20
40.558
 30
0.0
 11
1024.667118
 21
42.272
 31
0.0
  0
LINE
  5
1B62
100
AcDbEntity
  8
0
 62
     0
100
AcDbLine
 10
1018.837336
 20
36.038107
 30
0.0
 11
1020.561764
 21
37.762534
 31
0.0
  0
LINE
  5
1B63
100
AcDbEntity
  8
0
 62
     0
100
AcDbLine
 10
1023.141
 20
40.34177
 30
0.0
 11
1025.07123
 21
42.272
 31
0.0
  0
LINE
  5
1B64
100
AcDbEntity
  8
0
 62
     0
100
AcDbLine
 10
1019.241341
 20
36.038
 30
0.0
 11
1020.955341
 21
37.752
 31
0.0
  0
LINE
  5
1B65
100
AcDbEntity
  8
0
 62
     0
100
AcDbLine
 10
1023.141
 20
39.937659
 30
0.0
 11
1025.475341
 21
42.272
 31
0.0
  0
LINE
  5
1B66
100
AcDbEntity
  8
0
 62
     0
100
AcDbLine
 10
1019.645453
 20
36.038
 30
0.0
 11
1021.359453
 21
37.752
 31
0.0
  0
LINE
  5
1B67
100
AcDbEntity
  8
0
 62
     0
100
AcDbLine
 10
1023.141
 20
39.533547
 30
0.0
 11
1025.879453
 21
42.272
 31
0.0
  0
LINE
  5
1B68
100
AcDbEntity
  8
0
 62
     0
100
AcDbLine
 10
1020.049564
 20
36.038
 30
0.0
 11
1021.582
 21
37.570436
 31
0.0
  0
LINE
  5
1B69
100
AcDbEntity
  8
0
 62
     0
100
AcDbLine
 10
1023.141
 20
39.129436
 30
0.0
 11
1026.024
 21
42.012436
 31
0.0
  0
LINE
  5
1B6A
100
AcDbEntity
  8
0
 62
     0
100
AcDbLine
 10
1020.453676
 20
36.038
 30
0.0
 11
1021.582
 21
37.166324
 31
0.0
  0
LINE
  5
1B6B
100
AcDbEntity
  8
0
 62
     0
100
AcDbLine
 10
1023.141
 20
38.725324
 30
0.0
 11
1026.024
 21
41.608324
 31
0.0
  0
LINE
  5
1B6C
100
AcDbEntity
  8
0
 62
     0
100
AcDbLine
 10
1020.857788
 20
36.038
 30
0.0
 11
1021.582
 21
36.762212
 31
0.0
  0
LINE
  5
1B6D
100
AcDbEntity
  8
0
 62
     0
100
AcDbLine
 10
1023.141
 20
38.321212
 30
0.0
 11
1026.024
 21
41.204212
 31
0.0
  0
LINE
  5
1B6E
100
AcDbEntity
  8
0
 62
     0
100
AcDbLine
 10
1021.261899
 20
36.038
 30
0.0
 11
1021.582
 21
36.358101
 31
0.0
  0
LINE
  5
1B6F
100
AcDbEntity
  8
0
 62
     0
100
AcDbLine
 10
1023.151978
 20
37.928079
 30
0.0
 11
1026.024
 21
40.800101
 31
0.0
  0
LINE
  5
1B70
100
AcDbEntity
  8
0
 62
     0
100
AcDbLine
 10
1023.215553
 20
37.587542
 30
0.0
 11
1026.024
 21
40.395989
 31
0.0
  0
LINE
  5
1B71
100
AcDbEntity
  8
0
 62
     0
100
AcDbLine
 10
1023.321686
 20
37.289564
 30
0.0
 11
1026.024
 21
39.991878
 31
0.0
  0
LINE
  5
1B72
100
AcDbEntity
  8
0
 62
     0
100
AcDbLine
 10
1023.461909
 20
37.025675
 30
0.0
 11
1026.024
 21
39.587766
 31
0.0
  0
LINE
  5
1B73
100
AcDbEntity
  8
0
 62
     0
100
AcDbLine
 10
1028.517
 20
42.080766
 30
0.0
 11
1028.708234
 21
42.272
 31
0.0
  0
LINE
  5
1B74
100
AcDbEntity
  8
0
 62
     0
100
AcDbLine
 10
1023.63195
 20
36.791605
 30
0.0
 11
1026.024
 21
39.183655
 31
0.0
  0
LINE
  5
1B75
100
AcDbEntity
  8
0
 62
     0
100
AcDbLine
 10
1028.517
 20
41.676655
 30
0.0
 11
1029.112345
 21
42.272
 31
0.0
  0
LINE
  5
1B76
100
AcDbEntity
  8
0
 62
     0
100
AcDbLine
 10
1023.829882
 20
36.585425
 30
0.0
 11
1026.040662
 21
38.796205
 31
0.0
  0
LINE
  5
1B77
100
AcDbEntity
  8
0
 62
     0
100
AcDbLine
 10
1028.517
 20
41.272543
 30
0.0
 11
1029.516457
 21
42.272
 31
0.0
  0
LINE
  5
1B78
100
AcDbEntity
  8
0
 62
     0
100
AcDbLine
 10
1024.055468
 20
36.4069
 30
0.0
 11
1026.134574
 21
38.486006
 31
0.0
  0
LINE
  5
1B79
100
AcDbEntity
  8
0
 62
     0
100
AcDbLine
 10
1028.517
 20
40.868432
 30
0.0
 11
1029.920568
 21
42.272
 31
0.0
  0
LINE
  5
1B7A
100
AcDbEntity
  8
0
 62
     0
100
AcDbLine
 10
1024.310093
 20
36.257413
 30
0.0
 11
1026.286588
 21
38.233908
 31
0.0
  0
LINE
  5
1B7B
100
AcDbEntity
  8
0
 62
     0
100
AcDbLine
 10
1028.517
 20
40.46432
 30
0.0
 11
1030.32468
 21
42.272
 31
0.0
  0
LINE
  5
1B7C
100
AcDbEntity
  8
0
 62
     0
100
AcDbLine
 10
1024.597206
 20
36.140415
 30
0.0
 11
1026.486697
 21
38.029906
 31
0.0
  0
LINE
  5
1B7D
100
AcDbEntity
  8
0
 62
     0
100
AcDbLine
 10
1028.517
 20
40.060209
 30
0.0
 11
1030.728791
 21
42.272
 31
0.0
  0
LINE
  5
1B7E
100
AcDbEntity
  8
0
 62
     0
100
AcDbLine
 10
1024.923691
 20
36.062788
 30
0.0
 11
1026.734565
 21
37.873662
 31
0.0
  0
LINE
  5
1B7F
100
AcDbEntity
  8
0
 62
     0
100
AcDbLine
 10
1028.517
 20
39.656097
 30
0.0
 11
1031.132903
 21
42.272
 31
0.0
  0
LINE
  5
1B80
100
AcDbEntity
  8
0
 62
     0
100
AcDbLine
 10
1025.294566
 20
36.029552
 30
0.0
 11
1027.039145
 21
37.774131
 31
0.0
  0
LINE
  5
1B81
100
AcDbEntity
  8
0
 62
     0
100
AcDbLine
 10
1028.517
 20
39.251986
 30
0.0
 11
1031.4
 21
42.134986
 31
0.0
  0
LINE
  5
1B82
100
AcDbEntity
  8
0
 62
     0
100
AcDbLine
 10
1025.655973
 20
35.986847
 30
0.0
 11
1027.446252
 21
37.777126
 31
0.0
  0
LINE
  5
1B83
100
AcDbEntity
  8
0
 62
     0
100
AcDbLine
 10
1028.492249
 20
38.823123
 30
0.0
 11
1031.4
 21
41.730874
 31
0.0
  0
LINE
  5
1B84
100
AcDbEntity
  8
0
 62
     0
100
AcDbLine
 10
1026.050679
 20
35.977441
 30
0.0
 11
1031.4
 21
41.326763
 31
0.0
  0
LINE
  5
1B85
100
AcDbEntity
  8
0
 62
     0
100
AcDbLine
 10
1026.48974
 20
36.012391
 30
0.0
 11
1031.4
 21
40.922651
 31
0.0
  0
LINE
  5
1B86
100
AcDbEntity
  8
0
 62
     0
100
AcDbLine
 10
1026.995016
 20
36.113556
 30
0.0
 11
1031.4
 21
40.51854
 31
0.0
  0
LINE
  5
1B87
100
AcDbEntity
  8
0
 62
     0
100
AcDbLine
 10
1027.624807
 20
36.339235
 30
0.0
 11
1031.4
 21
40.114428
 31
0.0
  0
LINE
  5
1B88
100
AcDbEntity
  8
0
 62
     0
100
AcDbLine
 10
1028.517
 20
36.827317
 30
0.0
 11
1031.4
 21
39.710317
 31
0.0
  0
LINE
  5
1B89
100
AcDbEntity
  8
0
 62
     0
100
AcDbLine
 10
1028.517
 20
36.423205
 30
0.0
 11
1031.4
 21
39.306205
 31
0.0
  0
LINE
  5
1B8A
100
AcDbEntity
  8
0
 62
     0
100
AcDbLine
 10
1028.613907
 20
36.116
 30
0.0
 11
1031.4
 21
38.902093
 31
0.0
  0
LINE
  5
1B8B
100
AcDbEntity
  8
0
 62
     0
100
AcDbLine
 10
1029.018018
 20
36.116
 30
0.0
 11
1031.4
 21
38.497982
 31
0.0
  0
LINE
  5
1B8C
100
AcDbEntity
  8
0
 62
     0
100
AcDbLine
 10
1029.42213
 20
36.116
 30
0.0
 11
1031.4
 21
38.09387
 31
0.0
  0
LINE
  5
1B8D
100
AcDbEntity
  8
0
 62
     0
100
AcDbLine
 10
1029.826241
 20
36.116
 30
0.0
 11
1031.4
 21
37.689759
 31
0.0
  0
LINE
  5
1B8E
100
AcDbEntity
  8
0
 62
     0
100
AcDbLine
 10
1030.230353
 20
36.116
 30
0.0
 11
1031.4
 21
37.285647
 31
0.0
  0
LINE
  5
1B8F
100
AcDbEntity
  8
0
 62
     0
100
AcDbLine
 10
1030.634464
 20
36.116
 30
0.0
 11
1031.4
 21
36.881536
 31
0.0
  0
LINE
  5
1B90
100
AcDbEntity
  8
0
 62
     0
100
AcDbLine
 10
1031.038576
 20
36.116
 30
0.0
 11
1031.4
 21
36.477424
 31
0.0
  0
ENDBLK
  5
1B92
100
AcDbEntity
  8
0
100
AcDbBlockEnd
  0
BLOCK
  5
1CA5
100
AcDbEntity
  8
0
100
AcDbBlockBegin
  2
SF_STD_B
 70
     2
 10
0.0
 20
0.0
 30
0.0
  3
SF_STD_B
  1

  0
ATTDEF
  5
1B95
100
AcDbEntity
  8
RAHM5
100
AcDbText
 10
-71.8843
 20
90.9863
 30
0.0
 40
5.0
  1
-
 41
0.72
  7
SF_TXT
100
AcDbAttributeDefinition
  3
Maßstab
  2
GEN-TITLE-SCA{5.42}
 70
     0
  0
ATTDEF
  5
1B96
100
AcDbEntity
  8
RAHM5
100
AcDbText
 10
-6.9087
 20
91.109
 30
0.0
 40
5.0
  1
.
 41
0.78
  7
SF_TXT
100
AcDbAttributeDefinition
  3
Format
  2
FORMAT
 70
     8
  0
ATTDEF
  5
1B97
100
AcDbEntity
  8
RAHM5
100
AcDbText
 10
-77.223733
 20
19.7952
 30
0.0
 40
7.0
  1
.
 41
0.514
  7
SF_TXT
 72
     1
 11
-49.0394
 21
19.7952
 31
0.0
100
AcDbAttributeDefinition
  3
Zeichnungsnummer
  2
ZEICHNUNGSNUMMER
 70
     8
  0
ATTDEF
  5
1B98
100
AcDbEntity
  8
RAHM5
100
AcDbText
 10
-27.118329
 20
18.8684
 30
0.0
 40
5.0
  1
.
 41
0.78
  7
SF_TXT
 72
     1
 11
-6.5969
 21
18.8684
 31
0.0
100
AcDbAttributeDefinition
  3
Blatt
  2
BLATTNUMMER
 70
     8
  0
ATTDEF
  5
1B99
100
AcDbEntity
  8
RAHM3
100
AcDbText
 10
-49.4446
 20
61.8831
 30
0.0
 40
3.5
  1
.
 41
0.557
  7
SF_TXT
100
AcDbAttributeDefinition
  3
Zeichn.-Art
  2
ZEICHNUNGSART
 70
     8
  0
ATTDEF
  5
1B9A
100
AcDbEntity
  8
RAHM5
100
AcDbText
 10
-81.5274
 20
54.8914
 30
0.0
 40
5.0
  1
.
 41
0.546
  7
SF_TXT
100
AcDbAttributeDefinition
  3
Benennung1
  2
BENENNUNG1
 70
     8
  0
ATTDEF
  5
1B9B
100
AcDbEntity
  8
RAHM5
100
AcDbText
 10
-81.5274
 20
47.2474
 30
0.0
 40
5.0
  1
.
 41
0.546
  7
SF_TXT
100
AcDbAttributeDefinition
  3
Benennung2
  2
BENENNUNG2
 70
     8
  0
ATTDEF
  5
1B9C
100
AcDbEntity
  8
RAHM3
100
AcDbText
 10
-82.2907
 20
42.3294
 30
0.0
 40
3.5
  1
.
 41
0.557
  7
SF_TXT
100
AcDbAttributeDefinition
  3
Benennung3
  2
BENENNUNG3
 70
     8
  0
ATTDEF
  5
1B9D
100
AcDbEntity
  8
RAHM3
100
AcDbText
 10
-82.2907
 20
35.6979
 30
0.0
 40
3.5
  1
.
 41
0.557
  7
SF_TXT
100
AcDbAttributeDefinition
  3
Benennung4
  2
BENENNUNG4
 70
     8
  0
ATTDEF
  5
1B9E
100
AcDbEntity
  8
RAHM3
100
AcDbText
 10
-39.6836
 20
42.3305
 30
0.0
 40
3.5
  1
.
 41
0.557
  7
SF_TXT
100
AcDbAttributeDefinition
  3
Benennung5
  2
BENENNUNG5
 70
     8
  0
ATTDEF
  5
1B9F
100
AcDbEntity
  8
RAHM3
100
AcDbText
 10
-39.6179
 20
35.7633
 30
0.0
 40
3.5
  1
.
 41
0.557
  7
SF_TXT
100
AcDbAttributeDefinition
  3
Benennung6
  2
BENENNUNG6
 70
     8
  0
ATTDEF
  5
1BA0
100
AcDbEntity
  8
RAHM5
100
AcDbText
 10
-35.1778
 20
91.005
 30
0.0
 40
5.0
  1
.
 41
0.78
  7
SF_TXT
100
AcDbAttributeDefinition
  3
Masse
  2
MASSE
 70
     8
  0
ATTDEF
  5
1BA1
100
AcDbEntity
  8
RAHM3
100
AcDbText
 10
-118.4202
 20
51.5502
 30
0.0
 40
3.5
  1
.
 41
0.58
  7
SF_TXT
100
AcDbAttributeDefinition
  3
Erstelldatum
  2
ERSTELLDATUM
 70
     8
  0
ATTDEF
  5
1BA2
100
AcDbEntity
  8
RAHM3
100
AcDbText
 10
-102.4722
 20
51.5502
 30
0.0
 40
3.5
  1
.
 41
0.6
  7
SF_TXT
100
AcDbAttributeDefinition
  3
Bearbeitet
  2
ERSTELLER
 70
     8
  0
ATTDEF
  5
1BA3
100
AcDbEntity
  8
RAHM3
100
AcDbText
 10
-118.4168
 20
45.8438
 30
0.0
 40
3.5
  1
.
 41
0.58
  7
SF_TXT
100
AcDbAttributeDefinition
  3
Prüfdatum
  2
PRUEFDATUM
 70
     8
  0
ATTDEF
  5
1BA4
100
AcDbEntity
  8
RAHM3
100
AcDbText
 10
-102.4603
 20
45.8438
 30
0.0
 40
3.5
  1
.
 41
0.6
  7
SF_TXT
100
AcDbAttributeDefinition
  3
Prüfer
  2
PRUEFBEARBEITER
 70
     8
  0
ATTDEF
  5
1BA5
100
AcDbEntity
  8
RAHM3
100
AcDbText
 10
-118.414
 20
40.2453
 30
0.0
 40
3.5
  1
.
 41
0.58
  7
SF_TXT
100
AcDbAttributeDefinition
  3
Normdatum
  2
NORMDATUM
 70
     8
  0
ATTDEF
  5
1BA6
100
AcDbEntity
  8
RAHM3
100
AcDbText
 10
-102.4826
 20
40.2453
 30
0.0
 40
3.5
  1
.
 41
0.6
  7
SF_TXT
100
AcDbAttributeDefinition
  3
Normbearb.
  2
NORMBEARBEITER
 70
     8
  0
ATTDEF
  5
1BA7
100
AcDbEntity
  8
RAHM3
100
AcDbText
 10
-118.8437
 20
34.8488
 30
0.0
 40
3.5
  1
.
 41
0.686
  7
SF_TXT
100
AcDbAttributeDefinition
  3
Abteilung
  2
ABTEILUNG
 70
     8
  0
ATTDEF
  5
1BA8
100
AcDbEntity
  8
RAHM3
100
AcDbText
 10
-102.4571
 20
34.8614
 30
0.0
 40
3.5
  1
.
 41
0.686
  7
SF_TXT
100
AcDbAttributeDefinition
  3
Abt.-Leiter
  2
ABTEILUNGSLEITER
 70
     8
  0
ATTDEF
  5
1BA9
100
AcDbEntity
  8
RAHM3
100
AcDbText
 10
-152.0
 20
81.4
 30
0.0
 40
3.5
  1
.
 41
0.5
  7
SF_TXT
100
AcDbAttributeDefinition
  3
Verwendbar f. Typ
  2
VERWENDBARKEIT
 70
     8
  0
ATTDEF
  5
1BAA
100
AcDbEntity
  8
RAHM3
100
AcDbText
 10
-152.0
 20
74.5
 30
0.0
 40
3.5
  1
.
 41
0.514
  7
SF_TXT
100
AcDbAttributeDefinition
  3
Auftrags-Nr.
  2
AUFTRAGSNUMMER
 70
     8
  0
ATTDEF
  5
1BAB
100
AcDbEntity
  8
RAHM3
100
AcDbText
 10
-177.254989
 20
63.640165
 30
0.0
 40
3.5
  1
.
 41
0.514
  7
SF_TXT
100
AcDbAttributeDefinition
  3
Referenz-Nr.
  2
REFERENZNUMMER
 70
     8
  0
ATTDEF
  5
1BAC
100
AcDbEntity
  8
RAHM3
100
AcDbText
 10
-153.375
 20
95.5
 30
0.0
 40
3.5
  1
.
 41
0.5
  7
SF_TXT
 72
     1
 11
-144.0
 21
95.5
 31
0.0
100
AcDbAttributeDefinition
  3
Ausführung
  2
AUSFUEHRUNG
 70
     8
  0
ATTDEF
  5
1BAD
100
AcDbEntity
  8
RAHM3
100
AcDbText
 10
-153.083333
 20
88.5
 30
0.0
 40
3.5
  1
.
 41
0.5
  7
SF_TXT
 72
     1
 11
-144.0
 21
88.5
 31
0.0
100
AcDbAttributeDefinition
  3
Oberflächenschutz
  2
OBERFLAECHE
 70
     8
  0
ATTDEF
  5
1BAE
100
AcDbEntity
  8
RAHM5
100
AcDbText
 10
-71.0
 20
81.5
 30
0.0
 40
5.0
  1
.
 41
0.546
  7
SF_TXT
100
AcDbAttributeDefinition
  3
Werkstoff
  2
WERKSTOFF
 70
     8
  0
ATTDEF
  5
1BAF
100
AcDbEntity
  8
RAHM5
100
AcDbText
 10
-54.0
 20
70.0
 30
0.0
 40
5.0
  1
.
 41
0.546
  7
SF_TXT
100
AcDbAttributeDefinition
  3
Halbzeug
  2
HALBZEUG
 70
     8
  0
ATTDEF
  5
1BB0
100
AcDbEntity
  8
RAHM3
100
AcDbText
 10
-129.478321
 20
62.661385
 30
0.0
 40
3.5
  1
.
 41
0.429
  7
SF_TXT
100
AcDbAttributeDefinition
  3
Fertigungstech. Beratername
  2
BERATUNG
 70
     8
  0
ATTDEF
  5
1BB1
100
AcDbEntity
  8
RAHM3
100
AcDbText
 10
-129.637761
 20
68.258935
 30
0.0
 40
3.5
  1
.
 41
0.6
  7
SF_TXT
100
AcDbAttributeDefinition
  3
Fertigungstechn. Datum
  2
BERATUNGDATUM
 70
     8
  0
ATTDEF
  5
1BB2
100
AcDbEntity
  8
RAHM3
100
AcDbText
 10
-113.396649
 20
64.760546
 30
0.0
 40
2.5
  1
.
 41
0.953
  7
SF_TXT
100
AcDbAttributeDefinition
  3
Vorlaufklasse
  2
VORLAUFKLASSE
 70
     8
  0
ATTDEF
  5
1BB3
100
AcDbEntity
  8
RAHM3
100
AcDbText
 10
-359.3455
 20
9.5498
 30
0.0
 40
3.5
  1
--
 41
0.686
  7
SF_TXT
 72
     1
 11
-353.0
 21
9.5498
 31
0.0
100
AcDbAttributeDefinition
  3
Feld Freigabe-"Buchstabe"
  2
B_FREI
 70
     8
  0
ATTDEF
  5
1BB4
100
AcDbEntity
  8
RAHM3
100
AcDbText
 10
-348.3455
 20
9.556217
 30
0.0
 40
3.5
  1
--
 41
0.686
  7
SF_TXT
 72
     1
 11
-342.0
 21
9.556217
 31
0.0
100
AcDbAttributeDefinition
  3
Feld Freigabe-"Kommt vor" 
  2
K_FREI
 70
     8
  0
ATTDEF
  5
1BB5
100
AcDbEntity
  8
RAHM3
100
AcDbText
 10
-335.0
 20
9.5197
 30
0.0
 40
3.5
  1
---
 41
0.6
  7
SF_TXT
100
AcDbAttributeDefinition
  3
Feld Freigabe-"Aenderung"
  2
AE_FREI
 70
     8
  0
ATTDEF
  5
1BB6
100
AcDbEntity
  8
RAHM3
100
AcDbText
 10
-257.0
 20
9.4876
 30
0.0
 40
3.5
  1
.
 41
0.651
  7
SF_TXT
100
AcDbAttributeDefinition
  3
Nummer Freigabe
  2
NR-FREI
 70
     8
  0
ATTDEF
  5
1BB7
100
AcDbEntity
  8
RAHM3
100
AcDbText
 10
-234.0
 20
9.5041
 30
0.0
 40
3.5
  1
.
 41
0.62
  7
SF_TXT
100
AcDbAttributeDefinition
  3
Datum Freigabe
  2
D-FREI
 70
     8
  0
ATTDEF
  5
1BB8
100
AcDbEntity
  8
RAHM3
100
AcDbText
 10
-218.0
 20
9.5041
 30
0.0
 40
3.5
  1
.
 41
0.55
  7
SF_TXT
100
AcDbAttributeDefinition
  3
Name für Freigabe
  2
N-FREI
 70
     8
  0
ATTDEF
  5
1BB9
100
AcDbEntity
  8
RAHM3
100
AcDbText
 10
-202.5
 20
9.4971
 30
0.0
 40
3.5
  1
.
 41
0.5
  7
SF_TXT
100
AcDbAttributeDefinition
  3
Geprüft Freigabe
  2
G-FREI
 70
     8
  0
ATTDEF
  5
1BBA
100
AcDbEntity
  8
RAHM3
100
AcDbText
 10
-356.773
 20
15.1181
 30
0.0
 40
3.5
  1
.
 41
0.686
  7
SF_TXT
 72
     1
 11
-353.0
 21
15.1181
 31
0.0
100
AcDbAttributeDefinition
  3
Buchstabe A
  2
B_A
 70
     8
  0
ATTDEF
  5
1BBB
100
AcDbEntity
  8
RAHM3
100
AcDbText
 10
-345.773
 20
15.124517
 30
0.0
 40
3.5
  1
.
 41
0.686
  7
SF_TXT
 72
     1
 11
-342.0
 21
15.124517
 31
0.0
100
AcDbAttributeDefinition
  3
Kommt vor A
  2
K_A
 70
     8
  0
ATTDEF
  5
1BBC
100
AcDbEntity
  8
RAHM3
100
AcDbText
 10
-335.0
 20
15.088
 30
0.0
 40
3.5
  1
.
 41
0.6
  7
SF_TXT
100
AcDbAttributeDefinition
  3
Aenderung A
  2
AE_A
 70
     8
  0
ATTDEF
  5
1BBD
100
AcDbEntity
  8
RAHM3
100
AcDbText
 10
-257.0
 20
15.1222
 30
0.0
 40
3.5
  1
.
 41
0.651
  7
SF_TXT
100
AcDbAttributeDefinition
  3
Nummer Rev. A
  2
NR-REVA
 70
     8
  0
ATTDEF
  5
1BBE
100
AcDbEntity
  8
RAHM3
100
AcDbText
 10
-234.0
 20
15.0973
 30
0.0
 40
3.5
  1
.
 41
0.62
  7
SF_TXT
100
AcDbAttributeDefinition
  3
Datum Rev. A
  2
D-REVA
 70
     8
  0
ATTDEF
  5
1BBF
100
AcDbEntity
  8
RAHM3
100
AcDbText
 10
-218.0
 20
15.0973
 30
0.0
 40
3.5
  1
.
 41
0.55
  7
SF_TXT
100
AcDbAttributeDefinition
  3
Name für Rev. A
  2
N-REVA
 70
     8
  0
ATTDEF
  5
1BC0
100
AcDbEntity
  8
RAHM3
100
AcDbText
 10
-202.5
 20
15.1164
 30
0.0
 40
3.5
  1
.
 41
0.5
  7
SF_TXT
100
AcDbAttributeDefinition
  3
Geprüft Rev. A
  2
G-REVA
 70
     8
  0
ATTDEF
  5
1BC1
100
AcDbEntity
  8
RAHM3
100
AcDbText
 10
-356.830167
 20
20.6862
 30
0.0
 40
3.5
  1
.
 41
0.686
  7
SF_TXT
 72
     1
 11
-353.0
 21
20.6862
 31
0.0
100
AcDbAttributeDefinition
  3
Buchstabe B
  2
B_B
 70
     8
  0
ATTDEF
  5
1BC2
100
AcDbEntity
  8
RAHM3
100
AcDbText
 10
-345.830167
 20
20.68306
 30
0.0
 40
3.5
  1
.
 41
0.686
  7
SF_TXT
 72
     1
 11
-342.0
 21
20.68306
 31
0.0
100
AcDbAttributeDefinition
  3
Kommt vor B
  2
K_B
 70
     8
  0
ATTDEF
  5
1BC3
100
AcDbEntity
  8
RAHM3
100
AcDbText
 10
-335.0
 20
20.6812
 30
0.0
 40
3.5
  1
.
 41
0.6
  7
SF_TXT
100
AcDbAttributeDefinition
  3
Aenderung B
  2
AE_B
 70
     8
  0
ATTDEF
  5
1BC4
100
AcDbEntity
  8
RAHM3
100
AcDbText
 10
-257.0
 20
20.5715
 30
0.0
 40
3.5
  1
.
 41
0.651
  7
SF_TXT
100
AcDbAttributeDefinition
  3
Nummer Rev. B
  2
NR-REVB
 70
     8
  0
ATTDEF
  5
1BC5
100
AcDbEntity
  8
RAHM3
100
AcDbText
 10
-234.0
 20
20.5524
 30
0.0
 40
3.5
  1
.
 41
0.62
  7
SF_TXT
100
AcDbAttributeDefinition
  3
Datum Rev. B
  2
D-REVB
 70
     8
  0
ATTDEF
  5
1BC6
100
AcDbEntity
  8
RAHM3
100
AcDbText
 10
-218.0
 20
20.5524
 30
0.0
 40
3.5
  1
.
 41
0.55
  7
SF_TXT
100
AcDbAttributeDefinition
  3
Name für Rev. B
  2
N-REVB
 70
     8
  0
ATTDEF
  5
1BC7
100
AcDbEntity
  8
RAHM3
100
AcDbText
 10
-202.5
 20
20.5276
 30
0.0
 40
3.5
  1
.
 41
0.5
  7
SF_TXT
100
AcDbAttributeDefinition
  3
Geprüft Rev. B
  2
G-REVB
 70
     8
  0
ATTDEF
  5
1BC8
100
AcDbEntity
  8
RAHM3
100
AcDbText
 10
-356.830167
 20
26.2545
 30
0.0
 40
3.5
  1
.
 41
0.686
  7
SF_TXT
 72
     1
 11
-353.0
 21
26.2545
 31
0.0
100
AcDbAttributeDefinition
  3
Buchstabe C
  2
B_C
 70
     8
  0
ATTDEF
  5
1BC9
100
AcDbEntity
  8
RAHM3
100
AcDbText
 10
-345.830167
 20
26.2545
 30
0.0
 40
3.5
  1
.
 41
0.686
  7
SF_TXT
 72
     1
 11
-342.0
 21
26.2545
 31
0.0
100
AcDbAttributeDefinition
  3
Kommt vor C
  2
K_C
 70
     8
  0
ATTDEF
  5
1BCA
100
AcDbEntity
  8
RAHM3
100
AcDbText
 10
-335.0
 20
26.2744
 30
0.0
 40
3.5
  1
.
 41
0.6
  7
SF_TXT
100
AcDbAttributeDefinition
  3
Aenderung C
  2
AE_C
 70
     8
  0
ATTDEF
  5
1BCB
100
AcDbEntity
  8
RAHM3
100
AcDbText
 10
-257.0
 20
26.1457
 30
0.0
 40
3.5
  1
.
 41
0.651
  7
SF_TXT
100
AcDbAttributeDefinition
  3
Nummer Rev. C
  2
NR-REVC
 70
     8
  0
ATTDEF
  5
1BCC
100
AcDbEntity
  8
RAHM3
100
AcDbText
 10
-234.0
 20
26.1457
 30
0.0
 40
3.5
  1
.
 41
0.62
  7
SF_TXT
100
AcDbAttributeDefinition
  3
Datum Rev. C
  2
D-REVC
 70
     8
  0
ATTDEF
  5
1BCD
100
AcDbEntity
  8
RAHM3
100
AcDbText
 10
-218.0
 20
26.1457
 30
0.0
 40
3.5
  1
.
 41
0.55
  7
SF_TXT
100
AcDbAttributeDefinition
  3
Name für Rev. C
  2
N-REVC
 70
     8
  0
ATTDEF
  5
1BCE
100
AcDbEntity
  8
RAHM3
100
AcDbText
 10
-202.5
 20
26.1469
 30
0.0
 40
3.5
  1
.
 41
0.5
  7
SF_TXT
100
AcDbAttributeDefinition
  3
Geprüft Rev. C
  2
G-REVC
 70
     8
  0
ATTDEF
  5
1BCF
100
AcDbEntity
  8
RAHM3
100
AcDbText
 10
-356.830167
 20
31.8478
 30
0.0
 40
3.5
  1
.
 41
0.686
  7
SF_TXT
 72
     1
 11
-353.0
 21
31.8478
 31
0.0
100
AcDbAttributeDefinition
  3
Buchstabe D
  2
B_D
 70
     8
  0
ATTDEF
  5
1BD0
100
AcDbEntity
  8
RAHM3
100
AcDbText
 10
-345.830167
 20
31.8478
 30
0.0
 40
3.5
  1
.
 41
0.686
  7
SF_TXT
 72
     1
 11
-342.0
 21
31.8478
 31
0.0
100
AcDbAttributeDefinition
  3
Kommt vor D
  2
K_D
 70
     8
  0
ATTDEF
  5
1BD1
100
AcDbEntity
  8
RAHM3
100
AcDbText
 10
-335.0
 20
31.8677
 30
0.0
 40
3.5
  1
.
 41
0.6
  7
SF_TXT
100
AcDbAttributeDefinition
  3
Aenderung D
  2
AE_D
 70
     8
  0
ATTDEF
  5
1BD2
100
AcDbEntity
  8
RAHM3
100
AcDbText
 10
-257.0
 20
31.7389
 30
0.0
 40
3.5
  1
.
 41
0.651
  7
SF_TXT
100
AcDbAttributeDefinition
  3
Nummer Rev. D
  2
NR-REVD
 70
     8
  0
ATTDEF
  5
1BD3
100
AcDbEntity
  8
RAHM3
100
AcDbText
 10
-234.0
 20
31.7389
 30
0.0
 40
3.5
  1
.
 41
0.62
  7
SF_TXT
100
AcDbAttributeDefinition
  3
Datum Rev. D
  2
D-REVD
 70
     8
  0
ATTDEF
  5
1BD4
100
AcDbEntity
  8
RAHM3
100
AcDbText
 10
-218.0
 20
31.7389
 30
0.0
 40
3.5
  1
.
 41
0.55
  7
SF_TXT
100
AcDbAttributeDefinition
  3
Name für Rev. D
  2
N-REVD
 70
     8
  0
ATTDEF
  5
1BD5
100
AcDbEntity
  8
RAHM3
100
AcDbText
 10
-202.5
 20
31.7662
 30
0.0
 40
3.5
  1
.
 41
0.5
  7
SF_TXT
100
AcDbAttributeDefinition
  3
Geprüft Rev. D
  2
G-REVD
 70
     8
  0
ATTDEF
  5
1BD6
100
AcDbEntity
  8
RAHM3
100
AcDbText
 10
-356.773
 20
37.441
 30
0.0
 40
3.5
  1
.
 41
0.686
  7
SF_TXT
 72
     1
 11
-353.0
 21
37.441
 31
0.0
100
AcDbAttributeDefinition
  3
Buchstabe E
  2
B_E
 70
     8
  0
ATTDEF
  5
1BD7
100
AcDbEntity
  8
RAHM3
100
AcDbText
 10
-345.773
 20
37.441
 30
0.0
 40
3.5
  1
.
 41
0.686
  7
SF_TXT
 72
     1
 11
-342.0
 21
37.441
 31
0.0
100
AcDbAttributeDefinition
  3
Kommt vor E
  2
K_E
 70
     8
  0
ATTDEF
  5
1BD8
100
AcDbEntity
  8
RAHM3
100
AcDbText
 10
-335.0
 20
37.4609
 30
0.0
 40
3.5
  1
.
 41
0.6
  7
SF_TXT
100
AcDbAttributeDefinition
  3
Aenderung E
  2
AE_E
 70
     8
  0
ATTDEF
  5
1BD9
100
AcDbEntity
  8
RAHM3
100
AcDbText
 10
-257.0
 20
37.3321
 30
0.0
 40
3.5
  1
.
 41
0.651
  7
SF_TXT
100
AcDbAttributeDefinition
  3
Nummer Rev. E
  2
NR-REVE
 70
     8
  0
ATTDEF
  5
1BDA
100
AcDbEntity
  8
RAHM3
100
AcDbText
 10
-234.0
 20
37.3321
 30
0.0
 40
3.5
  1
.
 41
0.62
  7
SF_TXT
100
AcDbAttributeDefinition
  3
Datum Rev. E
  2
D-REVE
 70
     8
  0
ATTDEF
  5
1BDB
100
AcDbEntity
  8
RAHM3
100
AcDbText
 10
-218.0
 20
37.3321
 30
0.0
 40
3.5
  1
.
 41
0.55
  7
SF_TXT
100
AcDbAttributeDefinition
  3
Name für Rev. E
  2
N-REVE
 70
     8
  0
ATTDEF
  5
1BDC
100
AcDbEntity
  8
RAHM3
100
AcDbText
 10
-202.5
 20
37.3161
 30
0.0
 40
3.5
  1
.
 41
0.5
  7
SF_TXT
100
AcDbAttributeDefinition
  3
Geprüft Rev. E
  2
G-REVE
 70
     8
  0
ATTDEF
  5
1BDD
100
AcDbEntity
  8
RAHM3
100
AcDbText
 10
-382.0
 20
13.0
 30
0.0
 40
3.5
  1
.
 41
0.686
  7
SF_TXT
100
AcDbAttributeDefinition
  3
Passmass 1
  2
P_1
 70
     8
  0
ATTDEF
  5
1BDE
100
AcDbEntity
  8
RAHM3
100
AcDbText
 10
-377.0
 20
16.0
 30
0.0
 40
3.0
  1
.
 41
0.8
  7
SF_TXT
100
AcDbAttributeDefinition
  3
Passmass 1 (oben)
  2
PO_1
 70
     8
  0
ATTDEF
  5
1BDF
100
AcDbEntity
  8
RAHM3
100
AcDbText
 10
-377.0
 20
9.3
 30
0.0
 40
3.0
  1
.
 41
0.8
  7
SF_TXT
100
AcDbAttributeDefinition
  3
Passmass 1 (unten)
  2
PU_1
 70
     8
  0
ATTDEF
  5
1BE0
100
AcDbEntity
  8
RAHM3
100
AcDbText
 10
-368.0
 20
14.881
 30
0.0
 40
3.0
  1
.
 41
0.686
  7
SF_TXT
100
AcDbAttributeDefinition
  3
Oberes Abmass (zu 1)
  2
AB_A
 70
     8
  0
ATTDEF
  5
1BE1
100
AcDbEntity
  8
RAHM3
100
AcDbText
 10
-368.0
 20
9.5
 30
0.0
 40
3.0
  1
.
 41
0.686
  7
SF_TXT
100
AcDbAttributeDefinition
  3
Unteres Abmass (zu 1)
  2
AB_FREI
 70
     8
  0
ATTDEF
  5
1BE2
100
AcDbEntity
  8
RAHM3
100
AcDbText
 10
-382.0
 20
24.0
 30
0.0
 40
3.5
  1
.
 41
0.686
  7
SF_TXT
100
AcDbAttributeDefinition
  3
Passmass 2
  2
P_2
 70
     8
  0
ATTDEF
  5
1BE3
100
AcDbEntity
  8
RAHM3
100
AcDbText
 10
-377.0
 20
27.2
 30
0.0
 40
3.0
  1
.
 41
0.8
  7
SF_TXT
100
AcDbAttributeDefinition
  3
Passmass 2 (oben)
  2
PO_2
 70
     8
  0
ATTDEF
  5
1BE4
100
AcDbEntity
  8
RAHM3
100
AcDbText
 10
-377.0
 20
20.5
 30
0.0
 40
3.0
  1
.
 41
0.8
  7
SF_TXT
100
AcDbAttributeDefinition
  3
Passmass 2 (unten)
  2
PU_2
 70
     8
  0
ATTDEF
  5
1BE5
100
AcDbEntity
  8
RAHM3
100
AcDbText
 10
-368.0
 20
26.3
 30
0.0
 40
3.0
  1
.
 41
0.686
  7
SF_TXT
100
AcDbAttributeDefinition
  3
Oberes Abmass (zu 1)
  2
AB_C
 70
     8
  0
ATTDEF
  5
1BE6
100
AcDbEntity
  8
RAHM3
100
AcDbText
 10
-368.0
 20
20.7
 30
0.0
 40
3.0
  1
.
 41
0.686
  7
SF_TXT
100
AcDbAttributeDefinition
  3
Unteres Abmass (zu 2)
  2
AB_B
 70
     8
  0
ATTDEF
  5
1BE7
100
AcDbEntity
  8
RAHM3
100
AcDbText
 10
-382.0
 20
35.0
 30
0.0
 40
3.5
  1
.
 41
0.686
  7
SF_TXT
100
AcDbAttributeDefinition
  3
Passmass 3
  2
P_3
 70
     8
  0
ATTDEF
  5
1BE8
100
AcDbEntity
  8
RAHM3
100
AcDbText
 10
-377.0
 20
38.4
 30
0.0
 40
3.0
  1
.
 41
0.8
  7
SF_TXT
100
AcDbAttributeDefinition
  3
Passmass 3 (oben)
  2
PO_3
 70
     8
  0
ATTDEF
  5
1BE9
100
AcDbEntity
  8
RAHM3
100
AcDbText
 10
-377.0
 20
31.5
 30
0.0
 40
3.0
  1
.
 41
0.8
  7
SF_TXT
100
AcDbAttributeDefinition
  3
Passmass 3 (unten)
  2
PU_3
 70
     8
  0
ATTDEF
  5
1BEA
100
AcDbEntity
  8
RAHM3
100
AcDbText
 10
-368.0
 20
37.5
 30
0.0
 40
3.0
  1
.
 41
0.686
  7
SF_TXT
100
AcDbAttributeDefinition
  3
Oberes Abmass (zu 3)
  2
AB_E
 70
     8
  0
ATTDEF
  5
1BEB
100
AcDbEntity
  8
RAHM3
100
AcDbText
 10
-368.0
 20
31.9
 30
0.0
 40
3.0
  1
.
 41
0.686
  7
SF_TXT
100
AcDbAttributeDefinition
  3
Unteres Abmass (zu 3)
  2
AB_D
 70
     8
  0
ATTDEF
  5
1BEC
100
AcDbEntity
  8
RAHM2
100
AcDbText
 10
-159.661575
 20
28.852174
 30
0.0
 40
1.0
  1

 41
0.1
  7
SF_TXT
100
AcDbAttributeDefinition
  3
Schriftfeldname
  2
SCHRIFTFELD
 70
     8
  0
LINE
  5
1BED
100
AcDbEntity
  8
0
100
AcDbLine
 10
-357.0
 20
42.1
 30
0.0
 11
-195.4
 21
42.1
 31
0.0
  0
LINE
  5
1BEE
100
AcDbEntity
  8
RAHM2
100
AcDbLine
 10
-383.0
 20
19.7
 30
0.0
 11
-195.4
 21
19.7
 31
0.0
  0
LINE
  5
1BEF
100
AcDbEntity
  8
RAHM2
100
AcDbLine
 10
-370.0
 20
25.3
 30
0.0
 11
-195.4
 21
25.3
 31
0.0
  0
LINE
  5
1BF0
100
AcDbEntity
  8
RAHM2
100
AcDbLine
 10
-383.0
 20
30.9
 30
0.0
 11
-195.4
 21
30.9
 31
0.0
  0
LINE
  5
1BF1
100
AcDbEntity
  8
RAHM2
100
AcDbLine
 10
-370.0
 20
36.5
 30
0.0
 11
-195.4
 21
36.5
 31
0.0
  0
LINE
  5
1BF2
100
AcDbEntity
  8
RAHM5
100
AcDbLine
 10
-383.0
 20
8.5
 30
0.0
 11
-195.4
 21
8.5
 31
0.0
  0
LINE
  5
1BF3
100
AcDbEntity
  8
RAHM2
100
AcDbLine
 10
-370.0
 20
14.1
 30
0.0
 11
-195.4
 21
14.1
 31
0.0
  0
LINE
  5
1BF4
100
AcDbEntity
  8
RAHM2
100
AcDbLine
 10
-383.0
 20
0.0
 30
0.0
 11
0.0
 21
0.0
 31
0.0
  0
LINE
  5
1BF5
100
AcDbEntity
  8
0
100
AcDbLine
 10
-383.0
 20
42.1
 30
0.0
 11
-357.0
 21
42.1
 31
0.0
  0
LINE
  5
1BF6
100
AcDbEntity
  8
RAHM2
100
AcDbLine
 10
-370.0
 20
36.5
 30
0.0
 11
-357.0
 21
36.5
 31
0.0
  0
LINE
  5
1BF7
100
AcDbEntity
  8
0
100
AcDbLine
 10
-383.0
 20
0.0
 30
0.0
 11
-383.0
 21
42.1
 31
0.0
  0
LINE
  5
1BF8
100
AcDbEntity
  8
RAHM2
100
AcDbLine
 10
-370.0
 20
0.0
 30
0.0
 11
-370.0
 21
42.1
 31
0.0
  0
TEXT
  5
1BF9
100
AcDbEntity
  8
RAHM2
100
AcDbText
 10
-381.599
 20
4.75
 30
0.0
 40
2.5
  1
Passmass
 41
0.55
  7
SF_TXT
100
AcDbText
  0
TEXT
  5
1BFA
100
AcDbEntity
  8
RAHM2
100
AcDbText
 10
-378.412
 20
1.25
 30
0.0
 40
2.5
  1
Fit
 41
0.55
  7
SF_TXT
100
AcDbText
  0
TEXT
  5
1BFB
100
AcDbEntity
  8
RAHM2
100
AcDbText
 10
-369.342
 20
3.205
 30
0.0
 40
2.25
  1
Deviation
 41
0.6
  7
SF_TXT
100
AcDbText
  0
TEXT
  5
1BFC
100
AcDbEntity
  8
RAHM2
100
AcDbText
 10
-367.206
 20
1.029
 30
0.0
 40
2.5
  1
m
 41
1.11
  7
SF_TXT
100
AcDbText
  0
LINE
  5
1BFD
100
AcDbEntity
  8
RAHM2
100
AcDbLine
 10
-367.71
 20
1.383
 30
0.0
 11
-367.71
 21
2.837
 31
0.0
  0
LINE
  5
1BFE
100
AcDbEntity
  8
RAHM2
100
AcDbLine
 10
-369.359
 20
0.259
 30
0.0
 11
-369.359
 21
2.837
 31
0.0
  0
ARC
  5
1BFF
100
AcDbEntity
  8
RAHM2
100
AcDbCircle
 10
-368.535
 20
1.719
 30
0.0
 40
0.835
100
AcDbArc
 50
189.026
 51
350.974
  0
ARC
  5
1C00
100
AcDbEntity
  8
RAHM2
100
AcDbCircle
 10
-367.184
 20
1.383
 30
0.0
 40
0.526
100
AcDbArc
 50
180.0
 51
229.948
  0
TEXT
  5
1C01
100
AcDbEntity
  8
RAHM2
100
AcDbText
 10
-369.342
 20
5.855
 30
0.0
 40
2.25
  1
Abmass in
 41
0.6
  7
SF_TXT
100
AcDbText
  0
LINE
  5
1C02
100
AcDbEntity
  8
RAHM2
100
AcDbLine
 10
-257.8
 20
0.0
 30
0.0
 11
-257.8
 21
42.1
 31
0.0
  0
LINE
  5
1C03
100
AcDbEntity
  8
RAHM2
100
AcDbLine
 10
-234.4
 20
0.0
 30
0.0
 11
-234.4
 21
42.1
 31
0.0
  0
LINE
  5
1C04
100
AcDbEntity
  8
RAHM5
100
AcDbLine
 10
-357.0
 20
0.0
 30
0.0
 11
-357.0
 21
42.1
 31
0.0
  0
LINE
  5
1C05
100
AcDbEntity
  8
RAHM2
100
AcDbLine
 10
-346.6
 20
0.0
 30
0.0
 11
-346.6
 21
42.1
 31
0.0
  0
LINE
  5
1C06
100
AcDbEntity
  8
RAHM2
100
AcDbLine
 10
-336.2
 20
0.0
 30
0.0
 11
-336.2
 21
42.1
 31
0.0
  0
TEXT
  5
1C07
100
AcDbEntity
  8
RAHM2
100
AcDbText
 10
-309.574
 20
3.0
 30
0.0
 40
2.5
  1
Aenderung/Revision
 41
0.55
  7
SF_TXT
100
AcDbText
  0
TEXT
  5
1C08
100
AcDbEntity
  8
RAHM2
100
AcDbText
 10
-346.124
 20
1.25
 30
0.0
 40
2.5
  1
Frequency
 41
0.45
  7
SF_TXT
100
AcDbText
  0
TEXT
  5
1C09
100
AcDbEntity
  8
RAHM2
100
AcDbText
 10
-346.124
 20
4.75
 30
0.0
 40
2.5
  1
kommt vor
 41
0.45
  7
SF_TXT
100
AcDbText
  0
TEXT
  5
1C0A
100
AcDbEntity
  8
RAHM2
100
AcDbText
 10
-355.999
 20
1.25
 30
0.0
 40
2.5
  1
Rev.Ltr.
 41
0.5
  7
SF_TXT
100
AcDbText
  0
TEXT
  5
1C0B
100
AcDbEntity
  8
RAHM2
100
AcDbText
 10
-355.474
 20
4.75
 30
0.0
 40
2.5
  1
Buchst.
 41
0.5
  7
SF_TXT
100
AcDbText
  0
TEXT
  5
1C0C
100
AcDbEntity
  8
RAHM2
100
AcDbText
 10
-253.299
 20
4.75
 30
0.0
 40
2.5
  1
Auftrags-Nr.
 41
0.5
  7
SF_TXT
100
AcDbText
  0
TEXT
  5
1C0D
100
AcDbEntity
  8
RAHM2
100
AcDbText
 10
-257.499
 20
1.25
 30
0.0
 40
2.5
  1
Revision Notice No.
 41
0.5
  7
SF_TXT
100
AcDbText
  0
LINE
  5
1C0E
100
AcDbEntity
  8
RAHM5
100
AcDbLine
 10
-86.2
 20
16.8
 30
0.0
 11
-86.2
 21
100.8
 31
0.0
  0
LINE
  5
1C0F
100
AcDbEntity
  8
RAHM2
100
AcDbLine
 10
-120.0
 20
39.2
 30
0.0
 11
-120.0
 21
61.6
 31
0.0
  0
LINE
  5
1C10
100
AcDbEntity
  8
RAHM2
100
AcDbLine
 10
-104.4
 20
33.6
 30
0.0
 11
-104.4
 21
61.6
 31
0.0
  0
TEXT
  5
1C11
100
AcDbEntity
  8
RAHM2
100
AcDbText
 10
-183.832
 20
54.98
 30
0.0
 40
2.5
  1
alle technischen Aenderungen am
 41
0.75
  7
SF_TXT
100
AcDbText
  0
LINE
  5
1C12
100
AcDbEntity
  8
RAHM5
100
AcDbLine
 10
-130.4
 20
33.6
 30
0.0
 11
-130.4
 21
100.8
 31
0.0
  0
LINE
  5
1C13
100
AcDbEntity
  8
0
100
AcDbLine
 10
-185.0
 20
0.0
 30
0.0
 11
-185.0
 21
100.8
 31
0.0
  0
TEXT
  5
1C14
100
AcDbEntity
  8
RAHM3
100
AcDbText
 10
-136.2
 20
24.0
 30
0.0
 40
2.4
  1
TURBINEN-UNION
  7
SF_TXT
100
AcDbText
  0
TEXT
  5
1C15
100
AcDbEntity
  8
RAHM3
100
AcDbText
 10
-136.2
 20
19.6
 30
0.0
 40
2.4
  1
FRIEDRICHSHAFEN GMBH
  7
SF_TXT
100
AcDbText
  0
TEXT
  5
1C16
100
AcDbEntity
  8
RAHM3
100
AcDbText
 10
-136.2
 20
28.4
 30
0.0
 40
2.4
  1
MTU MOTOREN- UND
  7
SF_TXT
100
AcDbText
  0
LINE
  5
1C17
100
AcDbEntity
  8
RAHM2
100
AcDbLine
 10
-130.4
 20
50.4
 30
0.0
 11
-86.2
 21
50.4
 31
0.0
  0
LINE
  5
1C18
100
AcDbEntity
  8
RAHM5
100
AcDbLine
 10
-130.4
 20
33.6
 30
0.0
 11
-86.2
 21
33.6
 31
0.0
  0
LINE
  5
1C19
100
AcDbEntity
  8
RAHM2
100
AcDbLine
 10
-130.4
 20
44.8
 30
0.0
 11
-86.2
 21
44.8
 31
0.0
  0
LINE
  5
1C1A
100
AcDbEntity
  8
RAHM3
100
AcDbLine
 10
-130.4
 20
39.2
 30
0.0
 11
-86.2
 21
39.2
 31
0.0
  0
TEXT
  5
1C1B
100
AcDbEntity
  8
RAHM2
100
AcDbText
 10
-183.264
 20
5.585
 30
0.0
 40
2.5
  1
All rights reserved. This document may not be reproduced or disclosed to a third party or used for any other
 41
0.75
  7
SF_TXT
100
AcDbText
  0
TEXT
  5
1C1C
100
AcDbEntity
  8
RAHM2
100
AcDbText
 10
-183.264
 20
9.085
 30
0.0
 40
2.5
  1
noch Dritten zugaenglich gemacht, noch in anderer Weise missbraeuchlich verwertet werden.
 41
0.75
  7
SF_TXT
100
AcDbText
  0
TEXT
  5
1C1D
100
AcDbEntity
  8
RAHM2
100
AcDbText
 10
-183.264
 20
12.585
 30
0.0
 40
2.5
  1
Fuer diese technische Unterlage behalten wir uns alle Rechte vor. Sie darf ohne unsere Zustimmung weder vervielfaeltigt,
 41
0.75
  7
SF_TXT
100
AcDbText
  0
LINE
  5
1C1E
100
AcDbEntity
  8
RAHM5
100
AcDbLine
 10
-185.0
 20
16.8
 30
0.0
 11
0.0
 21
16.8
 31
0.0
  0
LINE
  5
1C1F
100
AcDbEntity
  8
RAHM2
100
AcDbLine
 10
-218.8
 20
0.0
 30
0.0
 11
-218.8
 21
42.1
 31
0.0
  0
LINE
  5
1C20
100
AcDbEntity
  8
RAHM2
100
AcDbLine
 10
-203.2
 20
0.0
 30
0.0
 11
-203.2
 21
42.1
 31
0.0
  0
LINE
  5
1C21
100
AcDbEntity
  8
0
100
AcDbLine
 10
-195.4
 20
0.0
 30
0.0
 11
-195.4
 21
42.1
 31
0.0
  0
TEXT
  5
1C22
100
AcDbEntity
  8
RAHM2
100
AcDbText
 10
-183.264
 20
2.085
 30
0.0
 40
2.5
  1
purpose without our express consent.
 41
0.75
  7
SF_TXT
100
AcDbText
  0
TEXT
  5
1C23
100
AcDbEntity
  8
RAHM2
100
AcDbText
 10
-202.359
 20
0.929
 30
0.0
 40
2.5
  1
Check.
 41
0.5
  7
SF_TXT
100
AcDbText
  0
TEXT
  5
1C24
100
AcDbEntity
  8
RAHM2
100
AcDbText
 10
-202.359
 20
4.429
 30
0.0
 40
2.5
  1
Gepr.
 41
0.5
  7
SF_TXT
100
AcDbText
  0
TEXT
  5
1C25
100
AcDbEntity
  8
RAHM2
100
AcDbText
 10
-229.15
 20
1.25
 30
0.0
 40
2.5
  1
Date
 41
0.5
  7
SF_TXT
100
AcDbText
  0
TEXT
  5
1C26
100
AcDbEntity
  8
RAHM2
100
AcDbText
 10
-229.787
 20
4.75
 30
0.0
 40
2.5
  1
Datum
 41
0.5
  7
SF_TXT
100
AcDbText
  0
TEXT
  5
1C27
100
AcDbEntity
  8
RAHM2
100
AcDbText
 10
-213.55
 20
3.0
 30
0.0
 40
2.5
  1
Name
 41
0.51
  7
SF_TXT
100
AcDbText
  0
TEXT
  5
1C28
100
AcDbEntity
  8
RAHM2
100
AcDbText
 10
-183.832
 20
48.18
 30
0.0
 40
2.5
  1
vorherigen Genehmigung
 41
0.75
  7
SF_TXT
100
AcDbText
  0
LINE
  5
1C29
100
AcDbEntity
  8
RAHM3
  6
CONTINUOUS
100
AcDbLine
 10
-167.34
 20
24.038
 30
0.0
 11
-170.223
 21
24.038
 31
0.0
  0
ARC
  5
1C2A
100
AcDbEntity
  8
RAHM3
  6
CONTINUOUS
100
AcDbCircle
 10
-170.846563
 20
26.762073
 30
0.0
 40
3.508998
100
AcDbArc
 50
39.986932
 51
122.211113
  0
TEXT
  5
1C2B
100
AcDbEntity
  8
RAHM2
100
AcDbText
 10
-183.832
 20
44.78
 30
0.0
 40
2.5
  1
vorgenommen werden.
 41
0.75
  7
SF_TXT
100
AcDbText
  0
TEXT
  5
1C2C
100
AcDbEntity
  8
RAHM2
100
AcDbText
 10
-183.832
 20
51.58
 30
0.0
 40
2.5
  1
Lieferumfang nur nach unserer
 41
0.75
  7
SF_TXT
100
AcDbText
  0
TEXT
  5
1C2D
100
AcDbEntity
  8
RAHM3
100
AcDbText
 10
-175.6
 20
19.925
 30
0.0
 40
2.4
  1
FRIEDRICHSHAFEN
 41
0.95
  7
SF_TXT
100
AcDbText
  0
TEXT
  5
1C2E
100
AcDbEntity
  8
RAHM2
100
AcDbText
 10
-183.832
 20
41.38
 30
0.0
 40
2.5
  1
Technical modifications to
 41
0.75
  7
SF_TXT
100
AcDbText
  0
LINE
  5
1C2F
100
AcDbEntity
  8
RAHM5
100
AcDbLine
 10
-185.0
 20
33.6
 30
0.0
 11
-130.4
 21
33.6
 31
0.0
  0
TEXT
  5
1C30
100
AcDbEntity
  8
RAHM2
100
AcDbText
 10
-183.832
 20
34.58
 30
0.0
 40
2.5
  1
require our prior permission.
 41
0.75
  7
SF_TXT
100
AcDbText
  0
TEXT
  5
1C31
100
AcDbEntity
  8
RAHM2
100
AcDbText
 10
-183.832
 20
37.98
 30
0.0
 40
2.5
  1
third party or purchased parts
 41
0.75
  7
SF_TXT
100
AcDbText
  0
INSERT
  5
1C32
100
AcDbEntity
  8
RAHM5
100
AcDbBlockReference
  2
*X2
 10
-1177.0
 20
-12.0
 30
0.0
1001
ACAD
1000
HATCH
1002
{
1070
    16
1000
ANSI31
1040
0.09
1040
0.0
1002
}
  0
LINE
  5
1C33
100
AcDbEntity
  8
RAHM3
  6
CONTINUOUS
100
AcDbLine
 10
-170.223
 20
24.038
 30
0.0
 11
-170.223
 21
27.077
 31
0.0
  0
LINE
  5
1C34
100
AcDbEntity
  8
RAHM3
  6
CONTINUOUS
100
AcDbLine
 10
-175.6
 20
24.038
 30
0.0
 11
-175.6
 21
30.194
 31
0.0
  0
LINE
  5
1C35
100
AcDbEntity
  8
RAHM3
  6
CONTINUOUS
100
AcDbLine
 10
-172.717
 20
26.999
 30
0.0
 11
-172.717
 21
24.038
 31
0.0
  0
LINE
  5
1C36
100
AcDbEntity
  8
RAHM3
  6
CONTINUOUS
100
AcDbLine
 10
-172.717
 20
24.038
 30
0.0
 11
-175.6
 21
24.038
 31
0.0
  0
LINE
  5
1C37
100
AcDbEntity
  8
RAHM3
  6
CONTINUOUS
100
AcDbLine
 10
-175.6
 20
30.194
 30
0.0
 11
-172.717
 21
30.194
 31
0.0
  0
ARC
  5
1C38
100
AcDbEntity
  8
RAHM3
  6
CONTINUOUS
100
AcDbCircle
 10
-171.390771
 20
26.99738
 30
0.0
 40
1.32623
100
AcDbArc
 50
91.738238
 51
179.930027
  0
LINE
  5
1C39
100
AcDbEntity
  8
RAHM3
  6
CONTINUOUS
100
AcDbLine
 10
-172.717
 20
30.194
 30
0.0
 11
-172.717
 21
29.731
 31
0.0
  0
ARC
  5
1C3A
100
AcDbEntity
  8
RAHM3
  6
CONTINUOUS
100
AcDbCircle
 10
-171.469978
 20
27.076631
 30
0.0
 40
1.246978
100
AcDbArc
 50
0.016955
 51
88.208745
  0
ARC
  5
1C3B
100
AcDbEntity
  8
RAHM3
  6
CONTINUOUS
100
AcDbCircle
 10
-151.754233
 20
26.142767
 30
0.0
 40
2.104768
100
AcDbArc
 50
180.02089
 51
269.97911
  0
LINE
  5
1C3C
100
AcDbEntity
  8
RAHM3
  6
CONTINUOUS
100
AcDbLine
 10
-153.859
 20
28.558
 30
0.0
 11
-156.703
 21
28.558
 31
0.0
  0
LINE
  5
1C3D
100
AcDbEntity
  8
RAHM3
  6
CONTINUOUS
100
AcDbLine
 10
-156.703
 20
30.272
 30
0.0
 11
-150.976
 21
30.272
 31
0.0
  0
LINE
  5
1C3E
100
AcDbEntity
  8
RAHM3
  6
CONTINUOUS
100
AcDbLine
 10
-156.703
 20
28.558
 30
0.0
 11
-156.704
 21
26.103
 31
0.0
  0
LINE
  5
1C3F
100
AcDbEntity
  8
RAHM3
  6
CONTINUOUS
100
AcDbLine
 10
-161.963
 20
27.7
 30
0.0
 11
-161.963
 21
24.038
 31
0.0
  0
LINE
  5
1C40
100
AcDbEntity
  8
RAHM3
  6
CONTINUOUS
100
AcDbLine
 10
-167.34
 20
26.999
 30
0.0
 11
-167.34
 21
24.038
 31
0.0
  0
LINE
  5
1C41
100
AcDbEntity
  8
RAHM3
  6
CONTINUOUS
100
AcDbLine
 10
-164.846
 20
24.038
 30
0.0
 11
-164.846
 21
27.077
 31
0.0
  0
LINE
  5
1C42
100
AcDbEntity
  8
RAHM3
  6
CONTINUOUS
100
AcDbLine
 10
-159.703
 20
25.596
 30
0.0
 11
-159.703
 21
28.558
 31
0.0
  0
LINE
  5
1C43
100
AcDbEntity
  8
RAHM3
  6
CONTINUOUS
100
AcDbLine
 10
-161.963
 20
24.038
 30
0.0
 11
-164.846
 21
24.038
 31
0.0
  0
LINE
  5
1C44
100
AcDbEntity
  8
RAHM3
  6
CONTINUOUS
100
AcDbLine
 10
-155.418
 20
25.752
 30
0.0
 11
-155.418
 21
24.038
 31
0.0
  0
LINE
  5
1C45
100
AcDbEntity
  8
RAHM3
  6
CONTINUOUS
100
AcDbLine
 10
-155.418
 20
24.038
 30
0.0
 11
-158.145
 21
24.038
 31
0.0
  0
LINE
  5
1C46
100
AcDbEntity
  8
RAHM3
  6
CONTINUOUS
100
AcDbLine
 10
-156.353
 20
25.752
 30
0.0
 11
-155.418
 21
25.752
 31
0.0
  0
ARC
  5
1C47
100
AcDbEntity
  8
RAHM3
  6
CONTINUOUS
100
AcDbCircle
 10
-156.352872
 20
26.103128
 30
0.0
 40
0.351128
100
AcDbArc
 50
180.02089
 51
269.97911
  0
ARC
  5
1C48
100
AcDbEntity
  8
RAHM3
  6
CONTINUOUS
100
AcDbCircle
 10
-158.144432
 20
25.596568
 30
0.0
 40
1.558568
100
AcDbArc
 50
180.02089
 51
269.97911
  0
LINE
  5
1C49
100
AcDbEntity
  8
RAHM3
  6
CONTINUOUS
100
AcDbLine
 10
-159.703
 20
28.558
 30
0.0
 11
-162.11
 21
28.558
 31
0.0
  0
LINE
  5
1C4A
100
AcDbEntity
  8
RAHM3
  6
CONTINUOUS
100
AcDbLine
 10
-165.47
 20
30.272
 30
0.0
 11
-159.703
 21
30.272
 31
0.0
  0
ARC
  5
1C4B
100
AcDbEntity
  8
RAHM3
  6
CONTINUOUS
100
AcDbCircle
 10
-164.541797
 20
27.699771
 30
0.0
 40
2.578797
100
AcDbArc
 50
0.005092
 51
19.438944
  0
ARC
  5
1C4C
100
AcDbEntity
  8
RAHM3
  6
CONTINUOUS
100
AcDbCircle
 10
-166.014271
 20
26.997896
 30
0.0
 40
1.325729
100
AcDbArc
 50
91.760513
 51
179.952303
  0
ARC
  5
1C4D
100
AcDbEntity
  8
RAHM3
  6
CONTINUOUS
100
AcDbCircle
 10
-166.093478
 20
27.076115
 30
0.0
 40
1.247479
100
AcDbArc
 50
0.04065
 51
88.232439
  0
ARC
  5
1C4E
100
AcDbEntity
  8
RAHM3
  6
CONTINUOUS
100
AcDbCircle
 10
-165.470364
 20
26.766657
 30
0.0
 40
3.505343
100
AcDbArc
 50
89.994047
 51
140.060743
  0
LINE
  5
1C4F
100
AcDbEntity
  8
RAHM3
  6
CONTINUOUS
100
AcDbLine
 10
-159.703
 20
31.83
 30
0.0
 11
-156.703
 21
31.83
 31
0.0
  0
LINE
  5
1C50
100
AcDbEntity
  8
RAHM3
  6
CONTINUOUS
100
AcDbLine
 10
-156.703
 20
31.83
 30
0.0
 11
-156.703
 21
30.272
 31
0.0
  0
LINE
  5
1C51
100
AcDbEntity
  8
RAHM3
  6
CONTINUOUS
100
AcDbLine
 10
-159.703
 20
30.272
 30
0.0
 11
-159.703
 21
31.83
 31
0.0
  0
LINE
  5
1C52
100
AcDbEntity
  8
RAHM3
  6
CONTINUOUS
100
AcDbLine
 10
-145.6
 20
30.272
 30
0.0
 11
-145.6
 21
24.116
 31
0.0
  0
ARC
  5
1C53
100
AcDbEntity
  8
RAHM3
  6
CONTINUOUS
100
AcDbCircle
 10
-149.729022
 20
26.999369
 30
0.0
 40
1.246978
100
AcDbArc
 50
180.016955
 51
268.208745
  0
LINE
  5
1C54
100
AcDbEntity
  8
RAHM3
  6
CONTINUOUS
100
AcDbLine
 10
-153.859
 20
26.142
 30
0.0
 11
-153.859
 21
28.558
 31
0.0
  0
ARC
  5
1C55
100
AcDbEntity
  8
RAHM3
  6
CONTINUOUS
100
AcDbCircle
 10
-149.808729
 20
27.078104
 30
0.0
 40
1.325729
100
AcDbArc
 50
271.760513
 51
359.952303
  0
LINE
  5
1C56
100
AcDbEntity
  8
RAHM3
  6
CONTINUOUS
100
AcDbLine
 10
-145.6
 20
24.116
 30
0.0
 11
-148.483
 21
24.116
 31
0.0
  0
ARC
  5
1C57
100
AcDbEntity
  8
RAHM3
  6
CONTINUOUS
100
AcDbCircle
 10
-151.05039
 20
28.022518
 30
0.0
 40
4.046339
100
AcDbArc
 50
259.971661
 51
309.382686
  0
LINE
  5
1C58
100
AcDbEntity
  8
RAHM3
  6
CONTINUOUS
100
AcDbLine
 10
-148.483
 20
24.116
 30
0.0
 11
-148.483
 21
24.895
 31
0.0
  0
LINE
  5
1C59
100
AcDbEntity
  8
RAHM3
  6
CONTINUOUS
100
AcDbLine
 10
-148.483
 20
30.272
 30
0.0
 11
-145.6
 21
30.272
 31
0.0
  0
LINE
  5
1C5A
100
AcDbEntity
  8
RAHM3
  6
CONTINUOUS
100
AcDbLine
 10
-150.976
 20
30.272
 30
0.0
 11
-150.976
 21
26.999
 31
0.0
  0
LINE
  5
1C5B
100
AcDbEntity
  8
RAHM3
  6
CONTINUOUS
100
AcDbLine
 10
-148.483
 20
27.077
 30
0.0
 11
-148.483
 21
30.272
 31
0.0
  0
TEXT
  5
1C5C
100
AcDbEntity
  8
RAHM2
100
AcDbText
 10
-129.4
 20
42.25
 30
0.0
 40
2.0
  1
Norm.
 41
0.75
  7
SF_TXT
100
AcDbText
  0
TEXT
  5
1C5D
100
AcDbEntity
  8
RAHM2
100
AcDbText
 10
-129.4
 20
36.95
 30
0.0
 40
2.0
  1
Abt.
 41
0.75
  7
SF_TXT
100
AcDbText
  0
TEXT
  5
1C5E
100
AcDbEntity
  8
RAHM2
100
AcDbText
 10
-129.4
 20
34.45
 30
0.0
 40
2.0
  1
Dept.
 41
0.75
  7
SF_TXT
100
AcDbText
  0
TEXT
  5
1C5F
100
AcDbEntity
  8
RAHM2
100
AcDbText
 10
-129.4
 20
39.75
 30
0.0
 40
2.0
  1
Stndr.
 41
0.75
  7
SF_TXT
100
AcDbText
  0
TEXT
  5
1C60
100
AcDbEntity
  8
RAHM2
100
AcDbText
 10
-129.4
 20
45.35
 30
0.0
 40
2.0
  1
Checked
 41
0.75
  7
SF_TXT
100
AcDbText
  0
TEXT
  5
1C61
100
AcDbEntity
  8
RAHM2
100
AcDbText
 10
-129.4
 20
47.85
 30
0.0
 40
2.0
  1
Gepr.
 41
0.75
  7
SF_TXT
100
AcDbText
  0
TEXT
  5
1C62
100
AcDbEntity
  8
RAHM2
100
AcDbText
 10
-129.544
 20
51.062
 30
0.0
 40
2.0
  1
Drawn
 41
0.75
  7
SF_TXT
100
AcDbText
  0
TEXT
  5
1C63
100
AcDbEntity
  8
RAHM2
100
AcDbText
 10
-129.544
 20
53.562
 30
0.0
 40
2.0
  1
Bearb.
 41
0.75
  7
SF_TXT
100
AcDbText
  0
LINE
  5
1C64
100
AcDbEntity
  8
RAHM5
100
AcDbLine
 10
-86.2
 20
33.6
 30
0.0
 11
0.0
 21
33.6
 31
0.0
  0
TEXT
  5
1C65
100
AcDbEntity
  8
RAHM2
100
AcDbText
 10
-84.9
 20
29.85
 30
0.0
 40
2.5
  1
Zeichnungs-Nr./Drawing No.
 41
0.6
  7
SF_TXT
100
AcDbText
  0
LINE
  5
1C66
100
AcDbEntity
  8
RAHM5
100
AcDbLine
 10
-13.0
 20
16.8
 30
0.0
 11
-13.0
 21
33.6
 31
0.0
  0
TEXT
  5
1C67
100
AcDbEntity
  8
RAHM2
100
AcDbText
 10
-9.938
 20
26.254
 30
0.0
 40
2.5
  1
Sheet
 41
0.6
  7
SF_TXT
100
AcDbText
  0
TEXT
  5
1C68
100
AcDbEntity
  8
RAHM2
100
AcDbText
 10
-9.938
 20
29.754
 30
0.0
 40
2.5
  1
Blatt
 41
0.6
  7
SF_TXT
100
AcDbText
  0
TEXT
  5
1C69
100
AcDbEntity
  8
RAHM2
100
AcDbText
 10
-129.033
 20
90.987
 30
0.0
 40
2.4
  1
Surface Specification
 41
0.675
  7
SF_TXT
100
AcDbText
  0
TEXT
  5
1C6A
100
AcDbEntity
  8
RAHM2
100
AcDbText
 10
-128.694
 20
83.937
 30
0.0
 40
2.2
  1
Allgemeine Fertigungs-
 41
0.736
  7
SF_TXT
100
AcDbText
  0
TEXT
  5
1C6B
100
AcDbEntity
  8
RAHM2
100
AcDbText
 10
-129.033
 20
97.587
 30
0.0
 40
2.4
  1
Oberflaechenangaben
 41
0.675
  7
SF_TXT
100
AcDbText
  0
TEXT
  5
1C6C
100
AcDbEntity
  8
RAHM2
100
AcDbText
 10
-118.95
 20
57.55
 30
0.0
 40
2.5
  1
Datum/Date
 41
0.6
  7
SF_TXT
100
AcDbText
  0
LINE
  5
1C6D
100
AcDbEntity
  8
RAHM2
100
AcDbLine
 10
-130.4
 20
56.0
 30
0.0
 11
-86.2
 21
56.0
 31
0.0
  0
LINE
  5
1C6E
100
AcDbEntity
  8
RAHM5
100
AcDbLine
 10
-185.0
 20
72.8
 30
0.0
 11
-86.2
 21
72.8
 31
0.0
  0
LINE
  5
1C6F
100
AcDbEntity
  8
RAHM5
100
AcDbLine
 10
-185.0
 20
61.6
 30
0.0
 11
-86.2
 21
61.6
 31
0.0
  0
TEXT
  5
1C70
100
AcDbEntity
  8
RAHM2
100
AcDbText
 10
-128.694
 20
77.537
 30
0.0
 40
2.2
  1
Production Specification
 41
0.736
  7
SF_TXT
100
AcDbText
  0
TEXT
  5
1C71
100
AcDbEntity
  8
RAHM2
100
AcDbText
 10
-128.694
 20
80.737
 30
0.0
 40
2.2
  1
vorschriften nach MMN 332
 41
0.736
  7
SF_TXT
100
AcDbText
  0
LINE
  5
1C72
100
AcDbEntity
  8
RAHM5
100
AcDbLine
 10
-130.4
 20
86.8
 30
0.0
 11
-86.2
 21
86.8
 31
0.0
  0
LINE
  5
1C73
100
AcDbEntity
  8
0
100
AcDbLine
 10
-185.0
 20
100.8
 30
0.0
 11
0.0
 21
100.8
 31
0.0
  0
TEXT
  5
1C74
100
AcDbEntity
  8
RAHM2
100
AcDbText
 10
-183.827
 20
80.806
 30
0.0
 40
2.4
  1
Applicable to Model
 41
0.7
  7
SF_TXT
100
AcDbText
  0
TEXT
  5
1C75
100
AcDbEntity
  8
RAHM2
100
AcDbText
 10
-183.827
 20
83.706
 30
0.0
 40
2.4
  1
Verwendbar fuer Typ
 41
0.7
  7
SF_TXT
100
AcDbText
  0
TEXT
  5
1C76
100
AcDbEntity
  8
RAHM2
100
AcDbText
 10
-183.913
 20
94.678
 30
0.0
 40
2.5
  1
Tech. Characteristics
 41
0.6
  7
SF_TXT
100
AcDbText
  0
TEXT
  5
1C77
100
AcDbEntity
  8
RAHM2
100
AcDbText
 10
-183.913
 20
97.678
 30
0.0
 40
2.5
  1
Ausfuehrung u.Lieferung
 41
0.6
  7
SF_TXT
100
AcDbText
  0
TEXT
  5
1C78
100
AcDbEntity
  8
RAHM2
100
AcDbText
 10
-183.94
 20
87.555
 30
0.0
 40
2.5
  1
Surface Protection
 41
0.6
  7
SF_TXT
100
AcDbText
  0
TEXT
  5
1C79
100
AcDbEntity
  8
RAHM2
100
AcDbText
 10
-183.94
 20
90.555
 30
0.0
 40
2.5
  1
Oberflaechenschutz
 41
0.6
  7
SF_TXT
100
AcDbText
  0
LINE
  5
1C7A
100
AcDbEntity
  8
RAHM5
100
AcDbLine
 10
-185.0
 20
86.8
 30
0.0
 11
-130.4
 21
86.8
 31
0.0
  0
LINE
  5
1C7B
100
AcDbEntity
  8
RAHM5
100
AcDbLine
 10
-185.0
 20
93.8
 30
0.0
 11
-130.4
 21
93.8
 31
0.0
  0
TEXT
  5
1C7C
100
AcDbEntity
  8
RAHM2
100
AcDbText
 10
-183.856
 20
69.527
 30
0.0
 40
2.5
  1
Referenz-Nr./Reference No.
 41
0.6
  7
SF_TXT
100
AcDbText
  0
TEXT
  5
1C7D
100
AcDbEntity
  8
RAHM2
100
AcDbText
 10
-183.864
 20
76.651
 30
0.0
 40
2.5
  1
Projekt-/Auftrags-Nr.
 41
0.6
  7
SF_TXT
100
AcDbText
  0
TEXT
  5
1C7E
100
AcDbEntity
  8
RAHM2
100
AcDbText
 10
-183.864
 20
73.651
 30
0.0
 40
2.5
  1
Project/Order No.
 41
0.6
  7
SF_TXT
100
AcDbText
  0
TEXT
  5
1C7F
100
AcDbEntity
  8
RAHM2
100
AcDbText
 10
-183.832
 20
58.38
 30
0.0
 40
2.5
  1
Bei Fremdteil/Kaufteil duerfen
 41
0.75
  7
SF_TXT
100
AcDbText
  0
LINE
  5
1C80
100
AcDbEntity
  8
RAHM5
100
AcDbLine
 10
-185.0
 20
79.8
 30
0.0
 11
-130.4
 21
79.8
 31
0.0
  0
CIRCLE
  5
1C81
100
AcDbEntity
  8
RAHM3
100
AcDbCircle
 10
-112.482649
 20
65.860546
 30
0.0
 40
2.5
  0
LINE
  5
1C82
100
AcDbEntity
  8
RAHM5
100
AcDbLine
 10
-109.6
 20
61.6
 30
0.0
 11
-109.6
 21
72.8
 31
0.0
  0
TEXT
  5
1C83
100
AcDbEntity
  8
RAHM3
  6
CONTINUOUS
100
AcDbText
 10
-129.797625
 20
57.599477
 30
0.0
 40
2.5
  1
ACAD
 41
0.99
  7
SF_TXT
100
AcDbText
  0
LINE
  5
1C84
100
AcDbEntity
  8
RAHM5
100
AcDbLine
 10
-130.259
 20
57.151
 30
0.0
 11
-129.249
 21
56.141
 31
0.0
  0
LINE
  5
1C85
100
AcDbEntity
  8
RAHM5
100
AcDbLine
 10
-130.259
 20
60.449
 30
0.0
 11
-129.249
 21
61.459
 31
0.0
  0
LINE
  5
1C86
100
AcDbEntity
  8
RAHM5
100
AcDbLine
 10
-121.151
 20
56.141
 30
0.0
 11
-120.141
 21
57.151
 31
0.0
  0
LINE
  5
1C87
100
AcDbEntity
  8
RAHM5
100
AcDbLine
 10
-121.151
 20
61.459
 30
0.0
 11
-120.141
 21
60.449
 31
0.0
  0
TEXT
  5
1C88
100
AcDbEntity
  8
RAHM2
100
AcDbText
 10
-128.694
 20
74.337
 30
0.0
 40
2.2
  1
per MMN 332
 41
0.736
  7
SF_TXT
100
AcDbText
  0
TEXT
  5
1C89
100
AcDbEntity
  8
RAHM2
100
AcDbText
 10
-129.033
 20
87.687
 30
0.0
 40
2.4
  1
per MTN5033
 41
0.675
  7
SF_TXT
100
AcDbText
  0
TEXT
  5
1C8A
100
AcDbEntity
  8
RAHM2
100
AcDbText
 10
-129.033
 20
94.287
 30
0.0
 40
2.4
  1
nach MTN5033
 41
0.675
  7
SF_TXT
100
AcDbText
  0
LINE
  5
1C8B
100
AcDbEntity
  8
RAHM5
100
AcDbLine
 10
-86.2
 20
89.6
 30
0.0
 11
0.0
 21
89.6
 31
0.0
  0
LINE
  5
1C8C
100
AcDbEntity
  8
RAHM5
100
AcDbLine
 10
-86.2
 20
78.4
 30
0.0
 11
0.0
 21
78.4
 31
0.0
  0
LINE
  5
1C8D
100
AcDbEntity
  8
RAHM5
100
AcDbLine
 10
-86.2
 20
67.2
 30
0.0
 11
0.0
 21
67.2
 31
0.0
  0
TEXT
  5
1C8E
100
AcDbEntity
  8
RAHM2
100
AcDbText
 10
-84.838
 20
71.73
 30
0.0
 40
2.5
  1
Semifinished Product,
 41
0.6
  7
SF_TXT
100
AcDbText
  0
TEXT
  5
1C8F
100
AcDbEntity
  8
RAHM2
100
AcDbText
 10
-84.925
 20
63.45
 30
0.0
 40
2.5
  1
Benennung/Title
 41
0.6
  7
SF_TXT
100
AcDbText
  0
TEXT
  5
1C90
100
AcDbEntity
  8
RAHM2
100
AcDbText
 10
-84.838
 20
75.23
 30
0.0
 40
2.5
  1
Halbzeug,Modell,Gesenk
 41
0.6
  7
SF_TXT
100
AcDbText
  0
TEXT
  5
1C91
100
AcDbEntity
  8
RAHM2
100
AcDbText
 10
-84.838
 20
68.23
 30
0.0
 40
2.5
  1
Pattern,Die
 41
0.6
  7
SF_TXT
100
AcDbText
  0
CIRCLE
  5
1C92
100
AcDbEntity
  8
RAHM3
100
AcDbCircle
 10
-93.575
 20
67.2
 30
0.0
 40
2.0
  0
CIRCLE
  5
1C93
100
AcDbEntity
  8
RAHM3
100
AcDbCircle
 10
-93.575
 20
67.2
 30
0.0
 40
3.5
  0
LINE
  5
1C94
100
AcDbEntity
  8
RAHM3
100
AcDbLine
 10
-98.575
 20
63.7
 30
0.0
 11
-98.575
 21
70.7
 31
0.0
  0
LINE
  5
1C95
100
AcDbEntity
  8
RAHM2
100
AcDbLine
 10
-93.575
 20
63.252
 30
0.0
 11
-93.575
 21
71.318
 31
0.0
  0
LINE
  5
1C96
100
AcDbEntity
  8
RAHM3
100
AcDbLine
 10
-105.575
 20
65.2
 30
0.0
 11
-105.575
 21
69.2
 31
0.0
  0
LINE
  5
1C97
100
AcDbEntity
  8
RAHM2
100
AcDbLine
 10
-106.53
 20
67.2
 30
0.0
 11
-89.441
 21
67.2
 31
0.0
  0
TEXT
  5
1C98
100
AcDbEntity
  8
RAHM2
100
AcDbText
 10
-98.0
 20
57.55
 30
0.0
 40
2.5
  1
Name
 41
0.6
  7
SF_TXT
100
AcDbText
  0
LINE
  5
1C99
100
AcDbEntity
  8
RAHM3
100
AcDbLine
 10
-105.575
 20
65.2
 30
0.0
 11
-98.575
 21
63.7
 31
0.0
  0
LINE
  5
1C9A
100
AcDbEntity
  8
RAHM3
100
AcDbLine
 10
-105.575
 20
69.2
 30
0.0
 11
-98.575
 21
70.7
 31
0.0
  0
TEXT
  5
1C9B
100
AcDbEntity
  8
RAHM2
100
AcDbText
 10
-84.817
 20
97.393
 30
0.0
 40
2.5
  1
Massstab
 41
0.6
  7
SF_TXT
100
AcDbText
  0
TEXT
  5
1C9C
100
AcDbEntity
  8
RAHM2
100
AcDbText
 10
-84.875
 20
82.376
 30
0.0
 40
2.5
  1
Material
 41
0.54
  7
SF_TXT
100
AcDbText
  0
TEXT
  5
1C9D
100
AcDbEntity
  8
RAHM2
100
AcDbText
 10
-84.875
 20
85.876
 30
0.0
 40
2.5
  1
Werkstoff
 41
0.54
  7
SF_TXT
100
AcDbText
  0
TEXT
  5
1C9E
100
AcDbEntity
  8
RAHM2
100
AcDbText
 10
-84.817
 20
93.893
 30
0.0
 40
2.5
  1
Scale
 41
0.6
  7
SF_TXT
100
AcDbText
  0
LINE
  5
1C9F
100
AcDbEntity
  8
RAHM5
100
AcDbLine
 10
-13.0
 20
89.6
 30
0.0
 11
-13.0
 21
100.8
 31
0.0
  0
LINE
  5
1CA0
100
AcDbEntity
  8
RAHM5
100
AcDbLine
 10
-42.0
 20
89.6
 30
0.0
 11
-42.0
 21
100.8
 31
0.0
  0
TEXT
  5
1CA1
100
AcDbEntity
  8
RAHM2
100
AcDbText
 10
-40.75
 20
97.35
 30
0.0
 40
2.5
  1
Masse/Mass
 41
0.6
  7
SF_TXT
100
AcDbText
  0
TEXT
  5
1CA2
100
AcDbEntity
  8
RAHM2
100
AcDbText
 10
-17.35
 20
97.35
 30
0.0
 40
2.5
  1
kg
 41
0.6
  7
SF_TXT
100
AcDbText
  0
TEXT
  5
1CA3
100
AcDbEntity
  8
RAHM2
100
AcDbText
 10
-12.272
 20
97.5
 30
0.0
 40
2.5
  1
Format/Size
 41
0.5
  7
SF_TXT
100
AcDbText
  0
LINE
  5
1CA4
100
AcDbEntity
  8
RAHM2
100
AcDbLine
 10
0.0
 20
100.8
 30
0.0
 11
0.0
 21
0.0
 31
0.0
  0
ENDBLK
  5
1CA6
100
AcDbEntity
  8
0
100
AcDbBlockEnd
  0
ENDSEC
  0
SECTION
  2
ENTITIES
  0
LINE
  5
11D8
100
AcDbEntity
  8
LISTE-1
100
AcDbLine
 10
108.42264
 20
567.833826
 30
0.0
 11
925.42264
 21
567.833826
 31
0.0
  0
LINE
  5
11D9
100
AcDbEntity
  8
LISTE-1
100
AcDbLine
 10
108.42264
 20
554.833826
 30
0.0
 11
925.42264
 21
554.833826
 31
0.0
  0
LINE
  5
11DA
100
AcDbEntity
  8
LISTE-1
100
AcDbLine
 10
108.42264
 20
541.833826
 30
0.0
 11
925.42264
 21
541.833826
 31
0.0
  0
LINE
  5
11DB
100
AcDbEntity
  8
LISTE-1
100
AcDbLine
 10
108.42264
 20
515.833826
 30
0.0
 11
925.42264
 21
515.833826
 31
0.0
  0
LINE
  5
11DC
100
AcDbEntity
  8
LISTE-1
100
AcDbLine
 10
108.42264
 20
502.833826
 30
0.0
 11
925.42264
 21
502.833826
 31
0.0
  0
LINE
  5
11DD
100
AcDbEntity
  8
LISTE-1
100
AcDbLine
 10
108.42264
 20
489.833826
 30
0.0
 11
925.42264
 21
489.833826
 31
0.0
  0
LINE
  5
11DE
100
AcDbEntity
  8
LISTE-1
100
AcDbLine
 10
108.42264
 20
476.833826
 30
0.0
 11
925.42264
 21
476.833826
 31
0.0
  0
LINE
  5
11DF
100
AcDbEntity
  8
LISTE-1
100
AcDbLine
 10
108.42264
 20
463.833826
 30
0.0
 11
925.42264
 21
463.833826
 31
0.0
  0
LINE
  5
11E0
100
AcDbEntity
  8
LISTE-1
100
AcDbLine
 10
108.42264
 20
450.833826
 30
0.0
 11
925.42264
 21
450.833826
 31
0.0
  0
LINE
  5
11E1
100
AcDbEntity
  8
LISTE-1
100
AcDbLine
 10
108.42264
 20
437.833826
 30
0.0
 11
925.42264
 21
437.833826
 31
0.0
  0
LINE
  5
11E2
100
AcDbEntity
  8
LISTE-1
100
AcDbLine
 10
108.42264
 20
424.833826
 30
0.0
 11
925.42264
 21
424.833826
 31
0.0
  0
LINE
  5
11E3
100
AcDbEntity
  8
LISTE-1
100
AcDbLine
 10
108.42264
 20
411.833826
 30
0.0
 11
925.42264
 21
411.833826
 31
0.0
  0
LINE
  5
11E4
100
AcDbEntity
  8
LISTE-1
100
AcDbLine
 10
108.42264
 20
398.833826
 30
0.0
 11
925.42264
 21
398.833826
 31
0.0
  0
LINE
  5
11E5
100
AcDbEntity
  8
LISTE-1
100
AcDbLine
 10
108.42264
 20
385.833826
 30
0.0
 11
925.42264
 21
385.833826
 31
0.0
  0
LINE
  5
11E6
100
AcDbEntity
  8
LISTE-1
100
AcDbLine
 10
108.42264
 20
372.833826
 30
0.0
 11
925.42264
 21
372.833826
 31
0.0
  0
LINE
  5
11E7
100
AcDbEntity
  8
LISTE-1
100
AcDbLine
 10
108.42264
 20
359.833826
 30
0.0
 11
925.42264
 21
359.833826
 31
0.0
  0
LINE
  5
11E8
100
AcDbEntity
  8
LISTE-1
100
AcDbLine
 10
108.42264
 20
346.833826
 30
0.0
 11
925.42264
 21
346.833826
 31
0.0
  0
LINE
  5
11E9
100
AcDbEntity
  8
LISTE-1
100
AcDbLine
 10
108.42264
 20
333.833826
 30
0.0
 11
925.42264
 21
333.833826
 31
0.0
  0
LINE
  5
11EA
100
AcDbEntity
  8
LISTE-1
100
AcDbLine
 10
108.42264
 20
320.833826
 30
0.0
 11
925.42264
 21
320.833826
 31
0.0
  0
LINE
  5
11EB
100
AcDbEntity
  8
LISTE-1
100
AcDbLine
 10
108.42264
 20
307.833826
 30
0.0
 11
925.42264
 21
307.833826
 31
0.0
  0
LINE
  5
11EC
100
AcDbEntity
  8
LISTE-1
100
AcDbLine
 10
108.42264
 20
294.833826
 30
0.0
 11
925.42264
 21
294.833826
 31
0.0
  0
LINE
  5
11ED
100
AcDbEntity
  8
LISTE-1
100
AcDbLine
 10
108.42264
 20
281.833826
 30
0.0
 11
925.42264
 21
281.833826
 31
0.0
  0
LINE
  5
11EE
100
AcDbEntity
  8
LISTE-1
100
AcDbLine
 10
108.42264
 20
268.833826
 30
0.0
 11
925.42264
 21
268.833826
 31
0.0
  0
LINE
  5
11EF
100
AcDbEntity
  8
LISTE-1
100
AcDbLine
 10
108.42264
 20
255.833826
 30
0.0
 11
925.42264
 21
255.833826
 31
0.0
  0
LINE
  5
11F0
100
AcDbEntity
  8
LISTE-1
100
AcDbLine
 10
108.42264
 20
242.833826
 30
0.0
 11
925.42264
 21
242.833826
 31
0.0
  0
LINE
  5
11F1
100
AcDbEntity
  8
LISTE-1
100
AcDbLine
 10
108.42264
 20
229.833826
 30
0.0
 11
925.42264
 21
229.833826
 31
0.0
  0
LINE
  5
11F2
100
AcDbEntity
  8
LISTE-1
100
AcDbLine
 10
108.42264
 20
216.833826
 30
0.0
 11
925.42264
 21
216.833826
 31
0.0
  0
LINE
  5
11F3
100
AcDbEntity
  8
LISTE-1
100
AcDbLine
 10
108.42264
 20
203.833826
 30
0.0
 11
925.42264
 21
203.833826
 31
0.0
  0
LINE
  5
11F4
100
AcDbEntity
  8
LISTE-1
100
AcDbLine
 10
108.42264
 20
190.833826
 30
0.0
 11
925.42264
 21
190.833826
 31
0.0
  0
LINE
  5
11F5
100
AcDbEntity
  8
LISTE-1
100
AcDbLine
 10
108.42264
 20
177.833826
 30
0.0
 11
925.42264
 21
177.833826
 31
0.0
  0
LINE
  5
11F6
100
AcDbEntity
  8
LISTE-1
100
AcDbLine
 10
108.42264
 20
164.833826
 30
0.0
 11
925.42264
 21
164.833826
 31
0.0
  0
LINE
  5
11F7
100
AcDbEntity
  8
LISTE-1
100
AcDbLine
 10
108.42264
 20
151.833826
 30
0.0
 11
925.42264
 21
151.833826
 31
0.0
  0
LINE
  5
11F8
100
AcDbEntity
  8
LISTE-1
100
AcDbLine
 10
108.42264
 20
138.833826
 30
0.0
 11
721.17264
 21
138.833826
 31
0.0
  0
LINE
  5
11F9
100
AcDbEntity
  8
LISTE-0
100
AcDbLine
 10
108.42264
 20
125.833826
 30
0.0
 11
721.17264
 21
125.833826
 31
0.0
  0
LINE
  5
11FA
100
AcDbEntity
  8
LISTE-0
100
AcDbLine
 10
108.42264
 20
112.833826
 30
0.0
 11
721.17264
 21
112.833826
 31
0.0
  0
LINE
  5
11FB
100
AcDbEntity
  8
LISTE-1
100
AcDbLine
 10
108.42264
 20
528.833826
 30
0.0
 11
925.42264
 21
528.833826
 31
0.0
  0
LINE
  5
11FC
100
AcDbEntity
  8
LISTE-1
100
AcDbLine
 10
108.42264
 20
177.833826
 30
0.0
 11
925.42264
 21
177.833826
 31
0.0
  0
LINE
  5
11FD
100
AcDbEntity
  8
LISTE-1
100
AcDbLine
 10
108.42264
 20
177.833826
 30
0.0
 11
925.42264
 21
177.833826
 31
0.0
  0
LINE
  5
11FE
100
AcDbEntity
  8
LISTE-1
100
AcDbLine
 10
108.42264
 20
177.833826
 30
0.0
 11
925.42264
 21
177.833826
 31
0.0
  0
LINE
  5
11FF
100
AcDbEntity
  8
LISTE-1
100
AcDbLine
 10
108.42264
 20
151.833826
 30
0.0
 11
721.17264
 21
151.833826
 31
0.0
  0
LINE
  5
1200
100
AcDbEntity
  8
LISTE-1
100
AcDbLine
 10
108.42264
 20
320.833826
 30
0.0
 11
925.42264
 21
320.833826
 31
0.0
  0
LINE
  5
1201
100
AcDbEntity
  8
LISTE-0
100
AcDbLine
 10
311.67264
 20
112.833826
 30
0.0
 11
311.67264
 21
567.833826
 31
0.0
  0
LINE
  5
1202
100
AcDbEntity
  8
LISTE-0
100
AcDbLine
 10
516.92264
 20
112.833826
 30
0.0
 11
516.92264
 21
567.833826
 31
0.0
  0
LINE
  5
1203
100
AcDbEntity
  8
LISTE-1
100
AcDbLine
 10
492.92264
 20
112.833826
 30
0.0
 11
492.92264
 21
567.833826
 31
0.0
  0
LINE
  5
1204
100
AcDbEntity
  8
LISTE-1
100
AcDbLine
 10
334.67264
 20
112.833826
 30
0.0
 11
334.67264
 21
567.833826
 31
0.0
  0
LINE
  5
1205
100
AcDbEntity
  8
LISTE-1
100
AcDbLine
 10
287.67264
 20
112.833826
 30
0.0
 11
287.67264
 21
567.833826
 31
0.0
  0
LINE
  5
1206
100
AcDbEntity
  8
LISTE-1
100
AcDbLine
 10
130.42264
 20
112.833826
 30
0.0
 11
130.42264
 21
567.833826
 31
0.0
  0
TEXT
  5
120A
100
AcDbEntity
  8
LISTE-6
100
AcDbText
 10
109.82264
 20
117.583826
 30
0.0
 40
3.5
  1
Position
100
AcDbText
  0
TEXT
  5
1214
100
AcDbEntity
  8
LISTE-6
100
AcDbText
 10
118.22264
 20
129.833826
 30
0.0
 40
5.0
  1
.
 41
0.48
  7
MONOTXT
100
AcDbText
  0
TEXT
  5
1215
100
AcDbEntity
  8
LISTE-6
100
AcDbText
 10
108.786124
 20
220.833826
 30
0.0
 40
5.0
  1
20.028
 72
     1
 11
118.22264
 21
220.833826
 31
0.0
100
AcDbText
  0
TEXT
  5
1216
100
AcDbEntity
  8
LISTE-6
100
AcDbText
 10
108.662109
 20
272.832826
 30
0.0
 40
5.0
  1
20.056
 72
     1
 11
118.22264
 21
272.832826
 31
0.0
100
AcDbText
  0
TEXT
  5
1217
100
AcDbEntity
  8
LISTE-6
100
AcDbText
 10
118.22264
 20
285.832826
 30
0.0
 40
5.0
  1
.
 41
0.48
  7
MONOTXT
100
AcDbText
  0
TEXT
  5
1223
100
AcDbEntity
  8
LISTE-6
100
AcDbText
 10
197.34764
 20
115.333826
 30
0.0
 40
3.5
  1
DESIGNATION
100
AcDbText
  0
TEXT
  5
1224
100
AcDbEntity
  8
LISTE-6
100
AcDbText
 10
199.74764
 20
119.833826
 30
0.0
 40
3.5
  1
Benennung
100
AcDbText
  0
TEXT
  5
122E
100
AcDbEntity
  8
LISTE-6
100
AcDbText
 10
132.42264
 20
219.253826
 30
0.0
 40
3.5
  1
OUTLET CONNECTION, PREHEATING LINE
100
AcDbText
  0
TEXT
  5
122F
100
AcDbEntity
  8
LISTE-6
100
AcDbText
 10
132.42264
 20
224.333826
 30
0.0
 40
3.5
  1
Anschluss, Vorwaermleitunsaustritt Motor
100
AcDbText
  0
TEXT
  5
1230
100
AcDbEntity
  8
LISTE-6
100
AcDbText
 10
132.42264
 20
276.332826
 30
0.0
 40
3.5
  1
Anschluss, Motorkuehlwasser-Entlueftungsleitung (Kurbelgehaeuse 12)
100
AcDbText
  0
TEXT
  5
1231
100
AcDbEntity
  8
LISTE-6
100
AcDbText
 10
132.42264
 20
271.253826
 30
0.0
 40
3.5
  1
CONNECTION. COOLANT VENT LINE, (CRANKCASE 12)
100
AcDbText
  0
TEXT
  5
1232
100
AcDbEntity
  8
LISTE-6
100
AcDbText
 10
132.42264
 20
289.332826
 30
0.0
 40
3.5
  1
.
 41
0.686
  7
MONOTXT
100
AcDbText
  0
TEXT
  5
1233
100
AcDbEntity
  8
LISTE-6
100
AcDbText
 10
132.42264
 20
284.252826
 30
0.0
 40
3.5
  1
.
 41
0.686
  7
MONOTXT
100
AcDbText
  0
TEXT
  5
1243
100
AcDbEntity
  8
LISTE-6
100
AcDbText
 10
314.07264
 20
117.583826
 30
0.0
 40
3.5
  1
Position
100
AcDbText
  0
TEXT
  5
1245
100
AcDbEntity
  8
LISTE-6
100
AcDbText
 10
293.67264
 20
115.333826
 30
0.0
 40
3.5
  1
SHEET
100
AcDbText
  0
TEXT
  5
1246
100
AcDbEntity
  8
LISTE-6
100
AcDbText
 10
293.67264
 20
119.833826
 30
0.0
 40
3.5
  1
Blatt
100
AcDbText
  0
TEXT
  5
1247
100
AcDbEntity
  8
LISTE-6
100
AcDbText
 10
293.30764
 20
128.990826
 30
0.0
 40
5.0
  1
.
 41
0.879
  7
MONOTXT
100
AcDbText
  0
TEXT
  5
1248
100
AcDbEntity
  8
LISTE-6
100
AcDbText
 10
299.25364
 20
129.112826
 30
0.0
 40
5.0
  1
.
 41
0.879
  7
MONOTXT
100
AcDbText
  0
TEXT
  5
1249
100
AcDbEntity
  8
LISTE-6
100
AcDbText
 10
293.30764
 20
141.990826
 30
0.0
 40
5.0
  1
1
100
AcDbText
  0
TEXT
  5
124B
100
AcDbEntity
  8
LISTE-6
100
AcDbText
 10
305.29664
 20
128.990826
 30
0.0
 40
5.0
  1
.
 41
0.879
  7
MONOTXT
100
AcDbText
  0
TEXT
  5
124C
100
AcDbEntity
  8
LISTE-6
100
AcDbText
 10
305.29664
 20
141.990826
 30
0.0
 40
5.0
  1
.
 41
0.879
  7
MONOTXT
100
AcDbText
  0
TEXT
  5
124D
100
AcDbEntity
  8
LISTE-6
100
AcDbText
 10
293.30764
 20
154.990826
 30
0.0
 40
5.0
  1
1
100
AcDbText
  0
TEXT
  5
1250
100
AcDbEntity
  8
LISTE-6
100
AcDbText
 10
299.25364
 20
168.112826
 30
0.0
 40
5.0
  1
.
 41
0.879
  7
MONOTXT
100
AcDbText
  0
TEXT
  5
1251
100
AcDbEntity
  8
LISTE-6
100
AcDbText
 10
305.29664
 20
154.990826
 30
0.0
 40
5.0
  1
.
 41
0.879
  7
MONOTXT
100
AcDbText
  0
TEXT
  5
1252
100
AcDbEntity
  8
LISTE-6
100
AcDbText
 10
305.29664
 20
167.990826
 30
0.0
 40
5.0
  1
.
 41
0.879
  7
MONOTXT
100
AcDbText
  0
TEXT
  5
1255
100
AcDbEntity
  8
LISTE-6
100
AcDbText
 10
305.29664
 20
180.990826
 30
0.0
 40
5.0
  1
.
 41
0.879
  7
MONOTXT
100
AcDbText
  0
TEXT
  5
1256
100
AcDbEntity
  8
LISTE-6
100
AcDbText
 10
305.29664
 20
193.990826
 30
0.0
 40
5.0
  1
.
 41
0.879
  7
MONOTXT
100
AcDbText
  0
TEXT
  5
1257
100
AcDbEntity
  8
LISTE-6
100
AcDbText
 10
322.47264
 20
129.833826
 30
0.0
 40
5.0
  1
.
 41
0.48
  7
MONOTXT
100
AcDbText
  0
TEXT
  5
1258
100
AcDbEntity
  8
LISTE-6
100
AcDbText
 10
322.47264
 20
155.833826
 30
0.0
 40
5.0
  1
.
 41
0.48
  7
MONOTXT
100
AcDbText
  0
TEXT
  5
1259
100
AcDbEntity
  8
LISTE-6
100
AcDbText
 10
322.47264
 20
168.833826
 30
0.0
 40
5.0
  1
.
 41
0.48
  7
MONOTXT
100
AcDbText
  0
TEXT
  5
125A
100
AcDbEntity
  8
LISTE-6
100
AcDbText
 10
336.67264
 20
159.333826
 30
0.0
 40
3.5
  1
.
 41
0.686
  7
MONOTXT
100
AcDbText
  0
TEXT
  5
125B
100
AcDbEntity
  8
LISTE-6
100
AcDbText
 10
336.67264
 20
154.253826
 30
0.0
 40
3.5
  1
.
 41
0.686
  7
MONOTXT
100
AcDbText
  0
TEXT
  5
125C
100
AcDbEntity
  8
LISTE-6
100
AcDbText
 10
336.67264
 20
172.333826
 30
0.0
 40
3.5
  1
.
 41
0.686
  7
MONOTXT
100
AcDbText
  0
TEXT
  5
125D
100
AcDbEntity
  8
LISTE-6
100
AcDbText
 10
336.67264
 20
167.253826
 30
0.0
 40
3.5
  1
.
 41
0.643
  7
MONOTXT
100
AcDbText
  0
TEXT
  5
125E
100
AcDbEntity
  8
LISTE-6
100
AcDbText
 10
322.47264
 20
181.833826
 30
0.0
 40
5.0
  1
.
 41
0.48
  7
MONOTXT
100
AcDbText
  0
TEXT
  5
125F
100
AcDbEntity
  8
LISTE-6
100
AcDbText
 10
322.47264
 20
194.833826
 30
0.0
 40
5.0
  1
.
 41
0.48
  7
MONOTXT
100
AcDbText
  0
TEXT
  5
1260
100
AcDbEntity
  8
LISTE-6
100
AcDbText
 10
336.67264
 20
185.333826
 30
0.0
 40
3.5
  1
.
 41
0.686
  7
MONOTXT
100
AcDbText
  0
TEXT
  5
1261
100
AcDbEntity
  8
LISTE-6
100
AcDbText
 10
336.67264
 20
180.253826
 30
0.0
 40
3.5
  1
.
 41
0.686
  7
MONOTXT
100
AcDbText
  0
TEXT
  5
1267
100
AcDbEntity
  8
LISTE-6
100
AcDbText
 10
293.30764
 20
219.990826
 30
0.0
 40
5.0
  1
1
100
AcDbText
  0
TEXT
  5
1268
100
AcDbEntity
  8
LISTE-6
100
AcDbText
 10
299.25364
 20
220.112826
 30
0.0
 40
5.0
  1
2
100
AcDbText
  0
TEXT
  5
1269
100
AcDbEntity
  8
LISTE-6
100
AcDbText
 10
305.29664
 20
219.990826
 30
0.0
 40
5.0
  1
.
 41
0.879
  7
MONOTXT
100
AcDbText
  0
TEXT
  5
126C
100
AcDbEntity
  8
LISTE-6
100
AcDbText
 10
305.29664
 20
206.990826
 30
0.0
 40
5.0
  1
.
 41
0.879
  7
MONOTXT
100
AcDbText
  0
TEXT
  5
126E
100
AcDbEntity
  8
LISTE-6
100
AcDbText
 10
299.25364
 20
233.112826
 30
0.0
 40
5.0
  1
.
 41
0.879
  7
MONOTXT
100
AcDbText
  0
TEXT
  5
126F
100
AcDbEntity
  8
LISTE-6
100
AcDbText
 10
305.29664
 20
232.990826
 30
0.0
 40
5.0
  1
.
 41
0.879
  7
MONOTXT
100
AcDbText
  0
TEXT
  5
1272
100
AcDbEntity
  8
LISTE-6
100
AcDbText
 10
293.30764
 20
258.990826
 30
0.0
 40
5.0
  1
1
100
AcDbText
  0
TEXT
  5
1274
100
AcDbEntity
  8
LISTE-6
100
AcDbText
 10
305.29664
 20
245.990826
 30
0.0
 40
5.0
  1
.
 41
0.879
  7
MONOTXT
100
AcDbText
  0
TEXT
  5
1275
100
AcDbEntity
  8
LISTE-6
100
AcDbText
 10
305.29664
 20
258.990826
 30
0.0
 40
5.0
  1
.
 41
0.879
  7
MONOTXT
100
AcDbText
  0
TEXT
  5
1276
100
AcDbEntity
  8
LISTE-6
100
AcDbText
 10
293.30764
 20
271.990826
 30
0.0
 40
5.0
  1
1
100
AcDbText
  0
TEXT
  5
1277
100
AcDbEntity
  8
LISTE-6
100
AcDbText
 10
299.25364
 20
272.111826
 30
0.0
 40
5.0
  1
.
 41
0.879
  7
MONOTXT
100
AcDbText
  0
TEXT
  5
1278
100
AcDbEntity
  8
LISTE-6
100
AcDbText
 10
293.30764
 20
284.990826
 30
0.0
 40
5.0
  1
.
 41
0.879
  7
MONOTXT
100
AcDbText
  0
TEXT
  5
1279
100
AcDbEntity
  8
LISTE-6
100
AcDbText
 10
299.25364
 20
285.111826
 30
0.0
 40
5.0
  1
.
 41
0.879
  7
MONOTXT
100
AcDbText
  0
TEXT
  5
127A
100
AcDbEntity
  8
LISTE-6
100
AcDbText
 10
305.29664
 20
271.990826
 30
0.0
 40
5.0
  1
.
 41
0.879
  7
MONOTXT
100
AcDbText
  0
TEXT
  5
127B
100
AcDbEntity
  8
LISTE-6
100
AcDbText
 10
305.29664
 20
284.990826
 30
0.0
 40
5.0
  1
.
 41
0.879
  7
MONOTXT
100
AcDbText
  0
TEXT
  5
1280
100
AcDbEntity
  8
LISTE-6
100
AcDbText
 10
322.47264
 20
207.833826
 30
0.0
 40
5.0
  1
.
 41
0.48
  7
MONOTXT
100
AcDbText
  0
TEXT
  5
1281
100
AcDbEntity
  8
LISTE-6
100
AcDbText
 10
336.67264
 20
206.253826
 30
0.0
 40
3.5
  1
.
 41
0.686
  7
MONOTXT
100
AcDbText
  0
TEXT
  5
1282
100
AcDbEntity
  8
LISTE-6
100
AcDbText
 10
336.67264
 20
211.333826
 30
0.0
 40
3.5
  1
.
 41
0.686
  7
MONOTXT
100
AcDbText
  0
TEXT
  5
1283
100
AcDbEntity
  8
LISTE-6
100
AcDbText
 10
401.59764
 20
115.333826
 30
0.0
 40
3.5
  1
DESIGNATION
100
AcDbText
  0
TEXT
  5
1284
100
AcDbEntity
  8
LISTE-6
100
AcDbText
 10
403.99764
 20
119.833826
 30
0.0
 40
3.5
  1
Bennenung
100
AcDbText
  0
TEXT
  5
1285
100
AcDbEntity
  8
LISTE-6
100
AcDbText
 10
498.92264
 20
115.333826
 30
0.0
 40
3.5
  1
SHEET
100
AcDbText
  0
TEXT
  5
1286
100
AcDbEntity
  8
LISTE-6
100
AcDbText
 10
498.92264
 20
119.833826
 30
0.0
 40
3.5
  1
Blatt
100
AcDbText
  0
TEXT
  5
1287
100
AcDbEntity
  8
LISTE-6
100
AcDbText
 10
497.55764
 20
128.990826
 30
0.0
 40
5.0
  1
.
 41
0.879
  7
MONOTXT
100
AcDbText
  0
TEXT
  5
1289
100
AcDbEntity
  8
LISTE-6
100
AcDbText
 10
503.50364
 20
129.112826
 30
0.0
 40
5.0
  1
.
 41
0.879
  7
MONOTXT
100
AcDbText
  0
TEXT
  5
128A
100
AcDbEntity
  8
LISTE-6
100
AcDbText
 10
509.54664
 20
128.990826
 30
0.0
 40
5.0
  1
.
 41
0.879
  7
MONOTXT
100
AcDbText
  0
TEXT
  5
128B
100
AcDbEntity
  8
LISTE-6
100
AcDbText
 10
503.50364
 20
142.112826
 30
0.0
 40
5.0
  1
2
100
AcDbText
  0
TEXT
  5
128C
100
AcDbEntity
  8
LISTE-6
100
AcDbText
 10
509.54664
 20
141.990826
 30
0.0
 40
5.0
  1
.
 41
0.879
  7
MONOTXT
100
AcDbText
  0
TEXT
  5
128D
100
AcDbEntity
  8
LISTE-6
100
AcDbText
 10
497.55764
 20
154.990826
 30
0.0
 40
5.0
  1
.
 41
0.879
  7
MONOTXT
100
AcDbText
  0
TEXT
  5
128E
100
AcDbEntity
  8
LISTE-6
100
AcDbText
 10
497.55764
 20
167.990826
 30
0.0
 40
5.0
  1
.
 41
0.879
  7
MONOTXT
100
AcDbText
  0
TEXT
  5
128F
100
AcDbEntity
  8
LISTE-6
100
AcDbText
 10
503.50364
 20
155.112826
 30
0.0
 40
5.0
  1
.
 41
0.879
  7
MONOTXT
100
AcDbText
  0
TEXT
  5
1290
100
AcDbEntity
  8
LISTE-6
100
AcDbText
 10
509.54664
 20
154.990826
 30
0.0
 40
5.0
  1
.
 41
0.879
  7
MONOTXT
100
AcDbText
  0
TEXT
  5
1291
100
AcDbEntity
  8
LISTE-6
100
AcDbText
 10
503.50364
 20
168.112826
 30
0.0
 40
5.0
  1
.
 41
0.879
  7
MONOTXT
100
AcDbText
  0
TEXT
  5
1292
100
AcDbEntity
  8
LISTE-6
100
AcDbText
 10
509.54664
 20
167.990826
 30
0.0
 40
5.0
  1
.
 41
0.879
  7
MONOTXT
100
AcDbText
  0
TEXT
  5
1293
100
AcDbEntity
  8
LISTE-6
100
AcDbText
 10
497.55764
 20
180.990826
 30
0.0
 40
5.0
  1
.
 41
0.879
  7
MONOTXT
100
AcDbText
  0
TEXT
  5
1294
100
AcDbEntity
  8
LISTE-6
100
AcDbText
 10
497.55764
 20
193.990826
 30
0.0
 40
5.0
  1
.
 41
0.879
  7
MONOTXT
100
AcDbText
  0
TEXT
  5
1295
100
AcDbEntity
  8
LISTE-6
100
AcDbText
 10
503.50364
 20
181.112826
 30
0.0
 40
5.0
  1
.
 41
0.879
  7
MONOTXT
100
AcDbText
  0
TEXT
  5
1296
100
AcDbEntity
  8
LISTE-6
100
AcDbText
 10
509.54664
 20
180.990826
 30
0.0
 40
5.0
  1
.
 41
0.879
  7
MONOTXT
100
AcDbText
  0
TEXT
  5
1297
100
AcDbEntity
  8
LISTE-6
100
AcDbText
 10
503.50364
 20
194.112826
 30
0.0
 40
5.0
  1
.
 41
0.879
  7
MONOTXT
100
AcDbText
  0
TEXT
  5
1298
100
AcDbEntity
  8
LISTE-6
100
AcDbText
 10
509.54664
 20
193.990826
 30
0.0
 40
5.0
  1
.
 41
0.879
  7
MONOTXT
100
AcDbText
  0
TEXT
  5
129A
100
AcDbEntity
  8
LISTE-6
100
AcDbText
 10
503.50364
 20
220.112826
 30
0.0
 40
5.0
  1
.
 41
0.879
  7
MONOTXT
100
AcDbText
  0
TEXT
  5
129B
100
AcDbEntity
  8
LISTE-6
100
AcDbText
 10
509.54664
 20
219.990826
 30
0.0
 40
5.0
  1
.
 41
0.879
  7
MONOTXT
100
AcDbText
  0
TEXT
  5
129C
100
AcDbEntity
  8
LISTE-6
100
AcDbText
 10
497.55764
 20
206.990826
 30
0.0
 40
5.0
  1
.
 41
0.879
  7
MONOTXT
100
AcDbText
  0
TEXT
  5
129D
100
AcDbEntity
  8
LISTE-6
100
AcDbText
 10
503.50364
 20
207.112826
 30
0.0
 40
5.0
  1
.
 41
0.879
  7
MONOTXT
100
AcDbText
  0
TEXT
  5
129E
100
AcDbEntity
  8
LISTE-6
100
AcDbText
 10
509.54664
 20
206.990826
 30
0.0
 40
5.0
  1
.
 41
0.879
  7
MONOTXT
100
AcDbText
  0
TEXT
  5
129F
100
AcDbEntity
  8
LISTE-6
100
AcDbText
 10
497.55764
 20
232.990826
 30
0.0
 40
5.0
  1
1
100
AcDbText
  0
TEXT
  5
12A1
100
AcDbEntity
  8
LISTE-6
100
AcDbText
 10
509.54664
 20
232.990826
 30
0.0
 40
5.0
  1
.
 41
0.879
  7
MONOTXT
100
AcDbText
  0
TEXT
  5
12A4
100
AcDbEntity
  8
LISTE-6
100
AcDbText
 10
503.50364
 20
246.111826
 30
0.0
 40
5.0
  1
.
 41
0.879
  7
MONOTXT
100
AcDbText
  0
TEXT
  5
12A5
100
AcDbEntity
  8
LISTE-6
100
AcDbText
 10
509.54664
 20
245.990826
 30
0.0
 40
5.0
  1
.
 41
0.879
  7
MONOTXT
100
AcDbText
  0
TEXT
  5
12A6
100
AcDbEntity
  8
LISTE-6
100
AcDbText
 10
503.50364
 20
259.111826
 30
0.0
 40
5.0
  1
.
 41
0.879
  7
MONOTXT
100
AcDbText
  0
TEXT
  5
12A7
100
AcDbEntity
  8
LISTE-6
100
AcDbText
 10
509.54664
 20
258.990826
 30
0.0
 40
5.0
  1
.
 41
0.879
  7
MONOTXT
100
AcDbText
  0
TEXT
  5
12A8
100
AcDbEntity
  8
LISTE-6
100
AcDbText
 10
497.55764
 20
271.990826
 30
0.0
 40
5.0
  1
1
100
AcDbText
  0
TEXT
  5
12A9
100
AcDbEntity
  8
LISTE-6
100
AcDbText
 10
497.55764
 20
284.990826
 30
0.0
 40
5.0
  1
.
 41
0.879
  7
MONOTXT
100
AcDbText
  0
TEXT
  5
12AB
100
AcDbEntity
  8
LISTE-6
100
AcDbText
 10
509.54664
 20
271.990826
 30
0.0
 40
5.0
  1
.
 41
0.879
  7
MONOTXT
100
AcDbText
  0
TEXT
  5
12AC
100
AcDbEntity
  8
LISTE-6
100
AcDbText
 10
509.54664
 20
284.990826
 30
0.0
 40
5.0
  1
.
 41
0.879
  7
MONOTXT
100
AcDbText
  0
TEXT
  5
12B4
100
AcDbEntity
  8
LISTE-6
100
AcDbText
 10
108.682571
 20
298.832826
 30
0.0
 40
5.0
  1
20.063
 72
     1
 11
118.22264
 21
298.832826
 31
0.0
100
AcDbText
  0
TEXT
  5
12B5
100
AcDbEntity
  8
LISTE-6
100
AcDbText
 10
108.682571
 20
350.832826
 30
0.0
 40
5.0
  1
20.075
 72
     1
 11
118.22264
 21
350.832826
 31
0.0
100
AcDbText
  0
TEXT
  5
12B6
100
AcDbEntity
  8
LISTE-6
100
AcDbText
 10
118.22264
 20
363.832826
 30
0.0
 40
5.0
  1
.
 41
0.48
  7
MONOTXT
100
AcDbText
  0
TEXT
  5
12B7
100
AcDbEntity
  8
LISTE-6
100
AcDbText
 10
118.22264
 20
428.832826
 30
0.0
 40
5.0
  1
.
 41
0.48
  7
MONOTXT
100
AcDbText
  0
TEXT
  5
12B8
100
AcDbEntity
  8
LISTE-6
100
AcDbText
 10
118.22264
 20
389.832826
 30
0.0
 40
5.0
  1
.
 41
0.48
  7
MONOTXT
100
AcDbText
  0
TEXT
  5
12B9
100
AcDbEntity
  8
LISTE-6
100
AcDbText
 10
118.22264
 20
402.832826
 30
0.0
 40
5.0
  1
.
 41
0.48
  7
MONOTXT
100
AcDbText
  0
TEXT
  5
12BA
100
AcDbEntity
  8
LISTE-6
100
AcDbText
 10
109.277389
 20
415.832826
 30
0.0
 40
5.0
  1
20.091
 72
     1
 11
118.22264
 21
415.832826
 31
0.0
100
AcDbText
  0
TEXT
  5
12BB
100
AcDbEntity
  8
LISTE-6
100
AcDbText
 10
118.22264
 20
441.832826
 30
0.0
 40
5.0
  1
.
 41
0.48
  7
MONOTXT
100
AcDbText
  0
TEXT
  5
12BC
100
AcDbEntity
  8
LISTE-6
100
AcDbText
 10
118.22264
 20
454.832826
 30
0.0
 40
5.0
  1
.
 41
0.48
  7
MONOTXT
100
AcDbText
  0
TEXT
  5
12BD
100
AcDbEntity
  8
LISTE-6
100
AcDbText
 10
118.22264
 20
467.832826
 30
0.0
 40
5.0
  1
.
 41
0.48
  7
MONOTXT
100
AcDbText
  0
TEXT
  5
12C3
100
AcDbEntity
  8
LISTE-6
100
AcDbText
 10
132.42264
 20
297.252826
 30
0.0
 40
3.5
  1
CONNECTION, COOLANT VENT LINE, INTERCOOLER
100
AcDbText
  0
TEXT
  5
12C4
100
AcDbEntity
  8
LISTE-6
100
AcDbText
 10
132.42264
 20
302.332826
 30
0.0
 40
3.5
  1
Anschluss, Entlueftungsleitung Motorkuehlwasser am LLK
100
AcDbText
  0
TEXT
  5
12C5
100
AcDbEntity
  8
LISTE-6
100
AcDbText
 10
132.42264
 20
349.252826
 30
0.0
 40
3.5
  1
FAN WHEEL
100
AcDbText
  0
TEXT
  5
12C6
100
AcDbEntity
  8
LISTE-6
100
AcDbText
 10
132.42264
 20
354.332826
 30
0.0
 40
3.5
  1
Luefterrad
100
AcDbText
  0
TEXT
  5
12C7
100
AcDbEntity
  8
LISTE-6
100
AcDbText
 10
132.42264
 20
393.332826
 30
0.0
 40
3.5
  1
.
 41
0.686
  7
MONOTXT
100
AcDbText
  0
TEXT
  5
12C8
100
AcDbEntity
  8
LISTE-6
100
AcDbText
 10
132.42264
 20
388.252826
 30
0.0
 40
3.5
  1
.
 41
0.686
  7
MONOTXT
100
AcDbText
  0
TEXT
  5
12C9
100
AcDbEntity
  8
LISTE-6
100
AcDbText
 10
132.42264
 20
401.252826
 30
0.0
 40
3.5
  1
.
 41
0.557
  7
MONOTXT
100
AcDbText
  0
TEXT
  5
12CA
100
AcDbEntity
  8
LISTE-6
100
AcDbText
 10
132.42264
 20
414.252826
 30
0.0
 40
3.5
  1
DRAIN PLUG, COOLANT-TO-RAW WATER HEAT EXCHANGER
100
AcDbText
  0
TEXT
  5
12CB
100
AcDbEntity
  8
LISTE-6
100
AcDbText
 10
132.42264
 20
406.332826
 30
0.0
 40
3.5
  1
.
 41
0.686
  7
MONOTXT
100
AcDbText
  0
TEXT
  5
12CC
100
AcDbEntity
  8
LISTE-6
100
AcDbText
 10
132.42264
 20
419.332826
 30
0.0
 40
3.5
  1
Ablasschraube, Waermetauscher, See-/Motorkuehlwasser
100
AcDbText
  0
TEXT
  5
12CD
100
AcDbEntity
  8
LISTE-6
100
AcDbText
 10
132.42264
 20
427.252826
 30
0.0
 40
3.5
  1
.
 41
0.686
  7
MONOTXT
100
AcDbText
  0
TEXT
  5
12CE
100
AcDbEntity
  8
LISTE-6
100
AcDbText
 10
132.42264
 20
440.252826
 30
0.0
 40
3.5
  1
.
 41
0.686
  7
MONOTXT
100
AcDbText
  0
TEXT
  5
12CF
100
AcDbEntity
  8
LISTE-6
100
AcDbText
 10
132.42264
 20
432.332826
 30
0.0
 40
3.5
  1
.
 41
0.686
  7
MONOTXT
100
AcDbText
  0
TEXT
  5
12D0
100
AcDbEntity
  8
LISTE-6
100
AcDbText
 10
132.42264
 20
445.332826
 30
0.0
 40
3.5
  1
.
 41
0.686
  7
MONOTXT
100
AcDbText
  0
TEXT
  5
12D1
100
AcDbEntity
  8
LISTE-6
100
AcDbText
 10
132.42264
 20
458.332826
 30
0.0
 40
3.5
  1
.
 41
0.686
  7
MONOTXT
100
AcDbText
  0
TEXT
  5
12D2
100
AcDbEntity
  8
LISTE-6
100
AcDbText
 10
132.42264
 20
453.252826
 30
0.0
 40
3.5
  1
.
 41
0.643
  7
MONOTXT
100
AcDbText
  0
TEXT
  5
12D3
100
AcDbEntity
  8
LISTE-6
100
AcDbText
 10
132.42264
 20
466.252826
 30
0.0
 40
3.5
  1
.
 41
0.686
  7
MONOTXT
100
AcDbText
  0
TEXT
  5
12D4
100
AcDbEntity
  8
LISTE-6
100
AcDbText
 10
132.42264
 20
471.332826
 30
0.0
 40
3.5
  1
.
 41
0.686
  7
MONOTXT
100
AcDbText
  0
TEXT
  5
12D8
100
AcDbEntity
  8
LISTE-6
100
AcDbText
 10
109.036124
 20
480.832826
 30
0.0
 40
5.0
  1
20.134
 72
     1
 11
118.22264
 21
480.832826
 31
0.0
100
AcDbText
  0
TEXT
  5
12D9
100
AcDbEntity
  8
LISTE-6
100
AcDbText
 10
118.22264
 20
493.832826
 30
0.0
 40
5.0
  1
.
 41
0.48
  7
MONOTXT
100
AcDbText
  0
TEXT
  5
12DA
100
AcDbEntity
  8
LISTE-6
100
AcDbText
 10
118.22264
 20
506.832826
 30
0.0
 40
5.0
  1
.
 41
0.48
  7
MONOTXT
100
AcDbText
  0
TEXT
  5
12DB
100
AcDbEntity
  8
LISTE-6
100
AcDbText
 10
108.635977
 20
558.832826
 30
0.0
 40
5.0
  1
23.022
 72
     1
 11
118.22264
 21
558.832826
 31
0.0
100
AcDbText
  0
TEXT
  5
12E0
100
AcDbEntity
  8
LISTE-6
100
AcDbText
 10
132.42264
 20
484.332826
 30
0.0
 40
3.5
  1
Anschluss, Motorkuehlwasseraustritt Nebenwasserkreislauf
100
AcDbText
  0
TEXT
  5
12E1
100
AcDbEntity
  8
LISTE-6
100
AcDbText
 10
132.42264
 20
479.252826
 30
0.0
 40
3.5
  1
CONNECTION, ENGINE COOLANT OUTLET, BYPASS SYSTEM
100
AcDbText
  0
TEXT
  5
12E2
100
AcDbEntity
  8
LISTE-6
100
AcDbText
 10
132.42264
 20
492.252826
 30
0.0
 40
3.5
  1
.
 41
0.557
  7
MONOTXT
100
AcDbText
  0
TEXT
  5
12E3
100
AcDbEntity
  8
LISTE-6
100
AcDbText
 10
132.42264
 20
497.332826
 30
0.0
 40
3.5
  1
.
 41
0.686
  7
MONOTXT
100
AcDbText
  0
TEXT
  5
12E7
100
AcDbEntity
  8
LISTE-6
100
AcDbText
 10
132.42264
 20
557.252826
 30
0.0
 40
3.5
  1
DATAPLATE
100
AcDbText
  0
TEXT
  5
12E9
100
AcDbEntity
  8
LISTE-6
100
AcDbText
 10
132.42264
 20
562.332826
 30
0.0
 40
3.5
  1
Typenschild
100
AcDbText
  0
TEXT
  5
1303
100
AcDbEntity
  8
LISTE-6
100
AcDbText
 10
293.30764
 20
297.990826
 30
0.0
 40
5.0
  1
1
100
AcDbText
  0
TEXT
  5
1304
100
AcDbEntity
  8
LISTE-6
100
AcDbText
 10
299.25364
 20
298.111826
 30
0.0
 40
5.0
  1
.
 41
0.879
  7
MONOTXT
100
AcDbText
  0
TEXT
  5
1305
100
AcDbEntity
  8
LISTE-6
100
AcDbText
 10
299.25364
 20
311.111826
 30
0.0
 40
5.0
  1
.
 41
0.879
  7
MONOTXT
100
AcDbText
  0
TEXT
  5
1306
100
AcDbEntity
  8
LISTE-6
100
AcDbText
 10
305.29664
 20
297.990826
 30
0.0
 40
5.0
  1
.
 41
0.879
  7
MONOTXT
100
AcDbText
  0
TEXT
  5
1307
100
AcDbEntity
  8
LISTE-6
100
AcDbText
 10
305.29664
 20
310.990826
 30
0.0
 40
5.0
  1
.
 41
0.879
  7
MONOTXT
100
AcDbText
  0
TEXT
  5
1309
100
AcDbEntity
  8
LISTE-6
100
AcDbText
 10
293.30764
 20
323.990826
 30
0.0
 40
5.0
  1
.
 41
0.879
  7
MONOTXT
100
AcDbText
  0
TEXT
  5
130A
100
AcDbEntity
  8
LISTE-6
100
AcDbText
 10
305.29664
 20
323.990826
 30
0.0
 40
5.0
  1
.
 41
0.879
  7
MONOTXT
100
AcDbText
  0
TEXT
  5
130D
100
AcDbEntity
  8
LISTE-6
100
AcDbText
 10
293.30764
 20
349.990826
 30
0.0
 40
5.0
  1
1
100
AcDbText
  0
TEXT
  5
130E
100
AcDbEntity
  8
LISTE-6
100
AcDbText
 10
299.25364
 20
350.111826
 30
0.0
 40
5.0
  1
2
100
AcDbText
  0
TEXT
  5
130F
100
AcDbEntity
  8
LISTE-6
100
AcDbText
 10
305.29664
 20
336.990826
 30
0.0
 40
5.0
  1
.
 41
0.879
  7
MONOTXT
100
AcDbText
  0
TEXT
  5
1310
100
AcDbEntity
  8
LISTE-6
100
AcDbText
 10
305.29664
 20
349.990826
 30
0.0
 40
5.0
  1
.
 41
0.879
  7
MONOTXT
100
AcDbText
  0
TEXT
  5
1311
100
AcDbEntity
  8
LISTE-6
100
AcDbText
 10
293.30764
 20
362.990826
 30
0.0
 40
5.0
  1
.
 41
0.879
  7
MONOTXT
100
AcDbText
  0
TEXT
  5
1312
100
AcDbEntity
  8
LISTE-6
100
AcDbText
 10
299.25364
 20
363.111826
 30
0.0
 40
5.0
  1
.
 41
0.879
  7
MONOTXT
100
AcDbText
  0
TEXT
  5
1314
100
AcDbEntity
  8
LISTE-6
100
AcDbText
 10
299.25364
 20
376.111826
 30
0.0
 40
5.0
  1
.
 41
0.879
  7
MONOTXT
100
AcDbText
  0
TEXT
  5
1315
100
AcDbEntity
  8
LISTE-6
100
AcDbText
 10
305.29664
 20
362.990826
 30
0.0
 40
5.0
  1
.
 41
0.879
  7
MONOTXT
100
AcDbText
  0
TEXT
  5
1316
100
AcDbEntity
  8
LISTE-6
100
AcDbText
 10
305.29664
 20
375.990826
 30
0.0
 40
5.0
  1
.
 41
0.879
  7
MONOTXT
100
AcDbText
  0
TEXT
  5
1317
100
AcDbEntity
  8
LISTE-6
100
AcDbText
 10
322.47264
 20
324.832826
 30
0.0
 40
5.0
  1
.
 41
0.48
  7
MONOTXT
100
AcDbText
  0
TEXT
  5
1318
100
AcDbEntity
  8
LISTE-6
100
AcDbText
 10
336.67264
 20
323.252826
 30
0.0
 40
3.5
  1
.
 41
0.686
  7
MONOTXT
100
AcDbText
  0
TEXT
  5
1319
100
AcDbEntity
  8
LISTE-6
100
AcDbText
 10
336.67264
 20
328.332826
 30
0.0
 40
3.5
  1
.
 41
0.686
  7
MONOTXT
100
AcDbText
  0
TEXT
  5
131D
100
AcDbEntity
  8
LISTE-6
100
AcDbText
 10
322.47264
 20
363.832826
 30
0.0
 40
5.0
  1
.
 41
0.48
  7
MONOTXT
100
AcDbText
  0
TEXT
  5
1323
100
AcDbEntity
  8
LISTE-6
100
AcDbText
 10
293.30764
 20
388.990826
 30
0.0
 40
5.0
  1
.
 41
0.879
  7
MONOTXT
100
AcDbText
  0
TEXT
  5
1324
100
AcDbEntity
  8
LISTE-6
100
AcDbText
 10
299.25364
 20
389.111826
 30
0.0
 40
5.0
  1
.
 41
0.879
  7
MONOTXT
100
AcDbText
  0
TEXT
  5
1325
100
AcDbEntity
  8
LISTE-6
100
AcDbText
 10
293.30764
 20
401.990826
 30
0.0
 40
5.0
  1
.
 41
0.879
  7
MONOTXT
100
AcDbText
  0
TEXT
  5
1326
100
AcDbEntity
  8
LISTE-6
100
AcDbText
 10
299.25364
 20
402.111826
 30
0.0
 40
5.0
  1
.
 41
0.879
  7
MONOTXT
100
AcDbText
  0
TEXT
  5
1327
100
AcDbEntity
  8
LISTE-6
100
AcDbText
 10
305.29664
 20
388.990826
 30
0.0
 40
5.0
  1
.
 41
0.879
  7
MONOTXT
100
AcDbText
  0
TEXT
  5
1328
100
AcDbEntity
  8
LISTE-6
100
AcDbText
 10
305.29664
 20
401.990826
 30
0.0
 40
5.0
  1
.
 41
0.879
  7
MONOTXT
100
AcDbText
  0
TEXT
  5
1329
100
AcDbEntity
  8
LISTE-6
100
AcDbText
 10
293.30764
 20
414.990826
 30
0.0
 40
5.0
  1
1
100
AcDbText
  0
TEXT
  5
132A
100
AcDbEntity
  8
LISTE-6
100
AcDbText
 10
299.25364
 20
415.111826
 30
0.0
 40
5.0
  1
.
 41
0.879
  7
MONOTXT
100
AcDbText
  0
TEXT
  5
132B
100
AcDbEntity
  8
LISTE-6
100
AcDbText
 10
293.30764
 20
427.990826
 30
0.0
 40
5.0
  1
.
 41
0.879
  7
MONOTXT
100
AcDbText
  0
TEXT
  5
132C
100
AcDbEntity
  8
LISTE-6
100
AcDbText
 10
299.25364
 20
428.111826
 30
0.0
 40
5.0
  1
.
 41
0.879
  7
MONOTXT
100
AcDbText
  0
TEXT
  5
132D
100
AcDbEntity
  8
LISTE-6
100
AcDbText
 10
305.29664
 20
414.990826
 30
0.0
 40
5.0
  1
.
 41
0.879
  7
MONOTXT
100
AcDbText
  0
TEXT
  5
132E
100
AcDbEntity
  8
LISTE-6
100
AcDbText
 10
305.29664
 20
427.990826
 30
0.0
 40
5.0
  1
.
 41
0.879
  7
MONOTXT
100
AcDbText
  0
TEXT
  5
132F
100
AcDbEntity
  8
LISTE-6
100
AcDbText
 10
293.30764
 20
440.990826
 30
0.0
 40
5.0
  1
.
 41
0.879
  7
MONOTXT
100
AcDbText
  0
TEXT
  5
1330
100
AcDbEntity
  8
LISTE-6
100
AcDbText
 10
299.25364
 20
441.111826
 30
0.0
 40
5.0
  1
.
 41
0.879
  7
MONOTXT
100
AcDbText
  0
TEXT
  5
1331
100
AcDbEntity
  8
LISTE-6
100
AcDbText
 10
305.29664
 20
440.990826
 30
0.0
 40
5.0
  1
.
 41
0.879
  7
MONOTXT
100
AcDbText
  0
TEXT
  5
1332
100
AcDbEntity
  8
LISTE-6
100
AcDbText
 10
293.30764
 20
453.990826
 30
0.0
 40
5.0
  1
.
 41
0.879
  7
MONOTXT
100
AcDbText
  0
TEXT
  5
1333
100
AcDbEntity
  8
LISTE-6
100
AcDbText
 10
299.25364
 20
454.111826
 30
0.0
 40
5.0
  1
.
 41
0.879
  7
MONOTXT
100
AcDbText
  0
TEXT
  5
1334
100
AcDbEntity
  8
LISTE-6
100
AcDbText
 10
293.30764
 20
466.990826
 30
0.0
 40
5.0
  1
.
 41
0.879
  7
MONOTXT
100
AcDbText
  0
TEXT
  5
1335
100
AcDbEntity
  8
LISTE-6
100
AcDbText
 10
299.25364
 20
467.111826
 30
0.0
 40
5.0
  1
.
 41
0.879
  7
MONOTXT
100
AcDbText
  0
TEXT
  5
1336
100
AcDbEntity
  8
LISTE-6
100
AcDbText
 10
305.29664
 20
453.990826
 30
0.0
 40
5.0
  1
.
 41
0.879
  7
MONOTXT
100
AcDbText
  0
TEXT
  5
1337
100
AcDbEntity
  8
LISTE-6
100
AcDbText
 10
305.29664
 20
466.990826
 30
0.0
 40
5.0
  1
.
 41
0.879
  7
MONOTXT
100
AcDbText
  0
TEXT
  5
1338
100
AcDbEntity
  8
LISTE-6
100
AcDbText
 10
322.47264
 20
428.832826
 30
0.0
 40
5.0
  1
.
 41
0.48
  7
MONOTXT
100
AcDbText
  0
TEXT
  5
1339
100
AcDbEntity
  8
LISTE-6
100
AcDbText
 10
336.67264
 20
427.252826
 30
0.0
 40
3.5
  1
.
 41
0.686
  7
MONOTXT
100
AcDbText
  0
TEXT
  5
133A
100
AcDbEntity
  8
LISTE-6
100
AcDbText
 10
336.67264
 20
432.332826
 30
0.0
 40
3.5
  1
.
 41
0.686
  7
MONOTXT
100
AcDbText
  0
TEXT
  5
133B
100
AcDbEntity
  8
LISTE-6
100
AcDbText
 10
322.47264
 20
454.832826
 30
0.0
 40
5.0
  1
.
 41
0.48
  7
MONOTXT
100
AcDbText
  0
TEXT
  5
133C
100
AcDbEntity
  8
LISTE-6
100
AcDbText
 10
322.47264
 20
454.832826
 30
0.0
 40
5.0
  1
.
 41
0.48
  7
MONOTXT
100
AcDbText
  0
TEXT
  5
133D
100
AcDbEntity
  8
LISTE-6
100
AcDbText
 10
336.67264
 20
458.332826
 30
0.0
 40
3.5
  1
.
 41
0.686
  7
MONOTXT
100
AcDbText
  0
TEXT
  5
133E
100
AcDbEntity
  8
LISTE-6
100
AcDbText
 10
336.67264
 20
453.252826
 30
0.0
 40
3.5
  1
.
 41
0.686
  7
MONOTXT
100
AcDbText
  0
TEXT
  5
1341
100
AcDbEntity
  8
LISTE-6
100
AcDbText
 10
497.55764
 20
310.990826
 30
0.0
 40
5.0
  1
.
 41
0.879
  7
MONOTXT
100
AcDbText
  0
TEXT
  5
1342
100
AcDbEntity
  8
LISTE-6
100
AcDbText
 10
503.50364
 20
298.111826
 30
0.0
 40
5.0
  1
.
 41
0.879
  7
MONOTXT
100
AcDbText
  0
TEXT
  5
1343
100
AcDbEntity
  8
LISTE-6
100
AcDbText
 10
509.54664
 20
297.990826
 30
0.0
 40
5.0
  1
.
 41
0.879
  7
MONOTXT
100
AcDbText
  0
TEXT
  5
1344
100
AcDbEntity
  8
LISTE-6
100
AcDbText
 10
503.50364
 20
311.111826
 30
0.0
 40
5.0
  1
.
 41
0.879
  7
MONOTXT
100
AcDbText
  0
TEXT
  5
1345
100
AcDbEntity
  8
LISTE-6
100
AcDbText
 10
509.54664
 20
310.990826
 30
0.0
 40
5.0
  1
.
 41
0.879
  7
MONOTXT
100
AcDbText
  0
TEXT
  5
1346
100
AcDbEntity
  8
LISTE-6
100
AcDbText
 10
497.55764
 20
323.990826
 30
0.0
 40
5.0
  1
.
 41
0.879
  7
MONOTXT
100
AcDbText
  0
TEXT
  5
1347
100
AcDbEntity
  8
LISTE-6
100
AcDbText
 10
503.50364
 20
324.111826
 30
0.0
 40
5.0
  1
.
 41
0.879
  7
MONOTXT
100
AcDbText
  0
TEXT
  5
1348
100
AcDbEntity
  8
LISTE-6
100
AcDbText
 10
509.54664
 20
323.990826
 30
0.0
 40
5.0
  1
.
 41
0.879
  7
MONOTXT
100
AcDbText
  0
TEXT
  5
134B
100
AcDbEntity
  8
LISTE-6
100
AcDbText
 10
503.50364
 20
337.111826
 30
0.0
 40
5.0
  1
.
 41
0.879
  7
MONOTXT
100
AcDbText
  0
TEXT
  5
134C
100
AcDbEntity
  8
LISTE-6
100
AcDbText
 10
509.54664
 20
336.990826
 30
0.0
 40
5.0
  1
.
 41
0.879
  7
MONOTXT
100
AcDbText
  0
TEXT
  5
134D
100
AcDbEntity
  8
LISTE-6
100
AcDbText
 10
503.50364
 20
350.111826
 30
0.0
 40
5.0
  1
2
100
AcDbText
  0
TEXT
  5
134E
100
AcDbEntity
  8
LISTE-6
100
AcDbText
 10
509.54664
 20
349.990826
 30
0.0
 40
5.0
  1
.
 41
0.879
  7
MONOTXT
100
AcDbText
  0
TEXT
  5
134F
100
AcDbEntity
  8
LISTE-6
100
AcDbText
 10
497.55764
 20
362.990826
 30
0.0
 40
5.0
  1
.
 41
0.879
  7
MONOTXT
100
AcDbText
  0
TEXT
  5
1351
100
AcDbEntity
  8
LISTE-6
100
AcDbText
 10
503.50364
 20
363.111826
 30
0.0
 40
5.0
  1
.
 41
0.879
  7
MONOTXT
100
AcDbText
  0
TEXT
  5
1352
100
AcDbEntity
  8
LISTE-6
100
AcDbText
 10
509.54664
 20
362.990826
 30
0.0
 40
5.0
  1
.
 41
0.879
  7
MONOTXT
100
AcDbText
  0
TEXT
  5
1353
100
AcDbEntity
  8
LISTE-6
100
AcDbText
 10
503.50364
 20
376.111826
 30
0.0
 40
5.0
  1
2
100
AcDbText
  0
TEXT
  5
1354
100
AcDbEntity
  8
LISTE-6
100
AcDbText
 10
509.54664
 20
375.990826
 30
0.0
 40
5.0
  1
.
 41
0.879
  7
MONOTXT
100
AcDbText
  0
TEXT
  5
1357
100
AcDbEntity
  8
LISTE-6
100
AcDbText
 10
503.50364
 20
389.111826
 30
0.0
 40
5.0
  1
.
 41
0.879
  7
MONOTXT
100
AcDbText
  0
TEXT
  5
1358
100
AcDbEntity
  8
LISTE-6
100
AcDbText
 10
509.54664
 20
388.990826
 30
0.0
 40
5.0
  1
.
 41
0.879
  7
MONOTXT
100
AcDbText
  0
TEXT
  5
1359
100
AcDbEntity
  8
LISTE-6
100
AcDbText
 10
503.50364
 20
402.111826
 30
0.0
 40
5.0
  1
2
100
AcDbText
  0
TEXT
  5
135A
100
AcDbEntity
  8
LISTE-6
100
AcDbText
 10
509.54664
 20
401.990826
 30
0.0
 40
5.0
  1
.
 41
0.879
  7
MONOTXT
100
AcDbText
  0
TEXT
  5
135C
100
AcDbEntity
  8
LISTE-6
100
AcDbText
 10
497.55764
 20
427.990826
 30
0.0
 40
5.0
  1
.
 41
0.879
  7
MONOTXT
100
AcDbText
  0
TEXT
  5
135E
100
AcDbEntity
  8
LISTE-6
100
AcDbText
 10
509.54664
 20
414.990826
 30
0.0
 40
5.0
  1
.
 41
0.879
  7
MONOTXT
100
AcDbText
  0
TEXT
  5
135F
100
AcDbEntity
  8
LISTE-6
100
AcDbText
 10
503.50364
 20
428.111826
 30
0.0
 40
5.0
  1
.
 41
0.879
  7
MONOTXT
100
AcDbText
  0
TEXT
  5
1360
100
AcDbEntity
  8
LISTE-6
100
AcDbText
 10
509.54664
 20
427.990826
 30
0.0
 40
5.0
  1
.
 41
0.879
  7
MONOTXT
100
AcDbText
  0
TEXT
  5
1362
100
AcDbEntity
  8
LISTE-6
100
AcDbText
 10
503.50364
 20
441.111826
 30
0.0
 40
5.0
  1
.
 41
0.879
  7
MONOTXT
100
AcDbText
  0
TEXT
  5
1363
100
AcDbEntity
  8
LISTE-6
100
AcDbText
 10
509.54664
 20
440.990826
 30
0.0
 40
5.0
  1
.
 41
0.879
  7
MONOTXT
100
AcDbText
  0
TEXT
  5
1364
100
AcDbEntity
  8
LISTE-6
100
AcDbText
 10
497.55764
 20
453.990826
 30
0.0
 40
5.0
  1
.
 41
0.879
  7
MONOTXT
100
AcDbText
  0
TEXT
  5
1366
100
AcDbEntity
  8
LISTE-6
100
AcDbText
 10
503.50364
 20
454.111826
 30
0.0
 40
5.0
  1
.
 41
0.879
  7
MONOTXT
100
AcDbText
  0
TEXT
  5
1367
100
AcDbEntity
  8
LISTE-6
100
AcDbText
 10
509.54664
 20
453.990826
 30
0.0
 40
5.0
  1
.
 41
0.879
  7
MONOTXT
100
AcDbText
  0
TEXT
  5
1368
100
AcDbEntity
  8
LISTE-6
100
AcDbText
 10
503.50364
 20
467.111826
 30
0.0
 40
5.0
  1
.
 41
0.879
  7
MONOTXT
100
AcDbText
  0
TEXT
  5
1369
100
AcDbEntity
  8
LISTE-6
100
AcDbText
 10
509.54664
 20
466.990826
 30
0.0
 40
5.0
  1
.
 41
0.879
  7
MONOTXT
100
AcDbText
  0
TEXT
  5
136C
100
AcDbEntity
  8
LISTE-6
100
AcDbText
 10
293.30764
 20
479.990826
 30
0.0
 40
5.0
  1
1
100
AcDbText
  0
TEXT
  5
136D
100
AcDbEntity
  8
LISTE-6
100
AcDbText
 10
299.25364
 20
480.111826
 30
0.0
 40
5.0
  1
.
 41
0.879
  7
MONOTXT
100
AcDbText
  0
TEXT
  5
136E
100
AcDbEntity
  8
LISTE-6
100
AcDbText
 10
293.30764
 20
492.990826
 30
0.0
 40
5.0
  1
.
 41
0.879
  7
MONOTXT
100
AcDbText
  0
TEXT
  5
136F
100
AcDbEntity
  8
LISTE-6
100
AcDbText
 10
299.25364
 20
493.111826
 30
0.0
 40
5.0
  1
.
 41
0.879
  7
MONOTXT
100
AcDbText
  0
TEXT
  5
1370
100
AcDbEntity
  8
LISTE-6
100
AcDbText
 10
305.29664
 20
479.990826
 30
0.0
 40
5.0
  1
.
 41
0.879
  7
MONOTXT
100
AcDbText
  0
TEXT
  5
1371
100
AcDbEntity
  8
LISTE-6
100
AcDbText
 10
305.29664
 20
492.990826
 30
0.0
 40
5.0
  1
.
 41
0.879
  7
MONOTXT
100
AcDbText
  0
TEXT
  5
1372
100
AcDbEntity
  8
LISTE-6
100
AcDbText
 10
293.30764
 20
505.990826
 30
0.0
 40
5.0
  1
.
 41
0.879
  7
MONOTXT
100
AcDbText
  0
TEXT
  5
1373
100
AcDbEntity
  8
LISTE-6
100
AcDbText
 10
299.25364
 20
506.111826
 30
0.0
 40
5.0
  1
.
 41
0.879
  7
MONOTXT
100
AcDbText
  0
TEXT
  5
1374
100
AcDbEntity
  8
LISTE-6
100
AcDbText
 10
305.29664
 20
505.990826
 30
0.0
 40
5.0
  1
.
 41
0.879
  7
MONOTXT
100
AcDbText
  0
TEXT
  5
1375
100
AcDbEntity
  8
LISTE-6
100
AcDbText
 10
305.29664
 20
518.990826
 30
0.0
 40
5.0
  1
.
 41
0.879
  7
MONOTXT
100
AcDbText
  0
TEXT
  5
1376
100
AcDbEntity
  8
LISTE-6
100
AcDbText
 10
293.30764
 20
544.990826
 30
0.0
 40
5.0
  1
1
100
AcDbText
  0
TEXT
  5
1377
100
AcDbEntity
  8
LISTE-6
100
AcDbText
 10
299.25364
 20
545.111826
 30
0.0
 40
5.0
  1
2
100
AcDbText
  0
TEXT
  5
1378
100
AcDbEntity
  8
LISTE-6
100
AcDbText
 10
305.29664
 20
544.990826
 30
0.0
 40
5.0
  1
.
 41
0.879
  7
MONOTXT
100
AcDbText
  0
TEXT
  5
137B
100
AcDbEntity
  8
LISTE-6
100
AcDbText
 10
305.29664
 20
531.990826
 30
0.0
 40
5.0
  1
.
 41
0.879
  7
MONOTXT
100
AcDbText
  0
TEXT
  5
137C
100
AcDbEntity
  8
LISTE-6
100
AcDbText
 10
293.30764
 20
557.990826
 30
0.0
 40
5.0
  1
.
 41
0.879
  7
MONOTXT
100
AcDbText
  0
TEXT
  5
137E
100
AcDbEntity
  8
LISTE-6
100
AcDbText
 10
305.29664
 20
557.990826
 30
0.0
 40
5.0
  1
.
 41
0.879
  7
MONOTXT
100
AcDbText
  0
TEXT
  5
137F
100
AcDbEntity
  8
LISTE-6
100
AcDbText
 10
313.97264
 20
493.832826
 30
0.0
 40
5.0
  1
18.108
 72
     1
 11
322.47264
 21
493.832826
 31
0.0
100
AcDbText
  0
TEXT
  5
1380
100
AcDbEntity
  8
LISTE-6
100
AcDbText
 10
336.67264
 20
484.332826
 30
0.0
 40
3.5
  1
.
 41
0.686
  7
MONOTXT
100
AcDbText
  0
TEXT
  5
1381
100
AcDbEntity
  8
LISTE-6
100
AcDbText
 10
336.67264
 20
479.252826
 30
0.0
 40
3.5
  1
.
 41
0.686
  7
MONOTXT
100
AcDbText
  0
TEXT
  5
1382
100
AcDbEntity
  8
LISTE-6
100
AcDbText
 10
336.67264
 20
492.252826
 30
0.0
 40
3.5
  1
CONNECTION, LUBE OIL PRESSURE SENSOR M30X1.5; 16 DEEP
100
AcDbText
  0
TEXT
  5
1383
100
AcDbEntity
  8
LISTE-6
100
AcDbText
 10
336.67264
 20
497.332826
 30
0.0
 40
3.5
  1
Anschluss, Druckaufnehmer Schmieroel M30x1.5; 16 tief
100
AcDbText
  0
TEXT
  5
1384
100
AcDbEntity
  8
LISTE-6
100
AcDbText
 10
322.47264
 20
506.832826
 30
0.0
 40
5.0
  1
.
 41
0.48
  7
MONOTXT
100
AcDbText
  0
TEXT
  5
1385
100
AcDbEntity
  8
LISTE-6
100
AcDbText
 10
313.822493
 20
519.832826
 30
0.0
 40
5.0
  1
18.132
 72
     1
 11
322.47264
 21
519.832826
 31
0.0
100
AcDbText
  0
TEXT
  5
1386
100
AcDbEntity
  8
LISTE-6
100
AcDbText
 10
336.67264
 20
510.332826
 30
0.0
 40
3.5
  1
.
 41
0.686
  7
MONOTXT
100
AcDbText
  0
TEXT
  5
1387
100
AcDbEntity
  8
LISTE-6
100
AcDbText
 10
336.67264
 20
505.252826
 30
0.0
 40
3.5
  1
.
 41
0.686
  7
MONOTXT
100
AcDbText
  0
TEXT
  5
1388
100
AcDbEntity
  8
LISTE-6
100
AcDbText
 10
336.67264
 20
518.252826
 30
0.0
 40
3.5
  1
CONNECTION, LUBE OIL TEMPERATURE SENSOR, M30X1.5; 16 DEEP
100
AcDbText
  0
TEXT
  5
1389
100
AcDbEntity
  8
LISTE-6
100
AcDbText
 10
322.47264
 20
532.832826
 30
0.0
 40
5.0
  1
.
 41
0.48
  7
MONOTXT
100
AcDbText
  0
TEXT
  5
138A
100
AcDbEntity
  8
LISTE-6
100
AcDbText
 10
336.67264
 20
531.252826
 30
0.0
 40
3.5
  1
.
 41
0.686
  7
MONOTXT
100
AcDbText
  0
TEXT
  5
138B
100
AcDbEntity
  8
LISTE-6
100
AcDbText
 10
336.67264
 20
523.332826
 30
0.0
 40
3.5
  1
Anschluss, Temperaturaufnehmer Schmieroel, vor Motor M30x1.5; 16 tief
100
AcDbText
  0
TEXT
  5
138C
100
AcDbEntity
  8
LISTE-6
100
AcDbText
 10
336.67264
 20
544.252826
 30
0.0
 40
3.5
  1
DRAIN PLUG, LUBE OIL HEAT EXCHANGER
100
AcDbText
  0
TEXT
  5
138D
100
AcDbEntity
  8
LISTE-6
100
AcDbText
 10
336.67264
 20
536.332826
 30
0.0
 40
3.5
  1
.
 41
0.686
  7
MONOTXT
100
AcDbText
  0
TEXT
  5
138E
100
AcDbEntity
  8
LISTE-6
100
AcDbText
 10
313.72264
 20
545.832826
 30
0.0
 40
5.0
  1
18.134
 72
     1
 11
322.47264
 21
545.832826
 31
0.0
100
AcDbText
  0
TEXT
  5
138F
100
AcDbEntity
  8
LISTE-6
100
AcDbText
 10
322.47264
 20
558.832826
 30
0.0
 40
5.0
  1
.
 41
0.48
  7
MONOTXT
100
AcDbText
  0
TEXT
  5
1390
100
AcDbEntity
  8
LISTE-6
100
AcDbText
 10
336.67264
 20
549.332826
 30
0.0
 40
3.5
  1
Ablasschraube, Waermetauscher Schmieroel
 41
0.686
  7
MONOTXT
100
AcDbText
  0
TEXT
  5
1391
100
AcDbEntity
  8
LISTE-6
100
AcDbText
 10
336.67264
 20
562.332826
 30
0.0
 40
3.5
  1
.
 41
0.686
  7
MONOTXT
100
AcDbText
  0
TEXT
  5
1392
100
AcDbEntity
  8
LISTE-6
100
AcDbText
 10
336.67264
 20
557.252826
 30
0.0
 40
3.5
  1
.
 41
0.557
  7
MONOTXT
100
AcDbText
  0
TEXT
  5
1393
100
AcDbEntity
  8
LISTE-6
100
AcDbText
 10
497.55764
 20
479.990826
 30
0.0
 40
5.0
  1
.
 41
0.879
  7
MONOTXT
100
AcDbText
  0
TEXT
  5
1394
100
AcDbEntity
  8
LISTE-6
100
AcDbText
 10
497.55764
 20
492.990826
 30
0.0
 40
5.0
  1
1
100
AcDbText
  0
TEXT
  5
1395
100
AcDbEntity
  8
LISTE-6
100
AcDbText
 10
503.50364
 20
480.111826
 30
0.0
 40
5.0
  1
.
 41
0.879
  7
MONOTXT
100
AcDbText
  0
TEXT
  5
1396
100
AcDbEntity
  8
LISTE-6
100
AcDbText
 10
509.54664
 20
479.990826
 30
0.0
 40
5.0
  1
.
 41
0.879
  7
MONOTXT
100
AcDbText
  0
TEXT
  5
1397
100
AcDbEntity
  8
LISTE-6
100
AcDbText
 10
503.50364
 20
493.111826
 30
0.0
 40
5.0
  1
.
 41
0.879
  7
MONOTXT
100
AcDbText
  0
TEXT
  5
1398
100
AcDbEntity
  8
LISTE-6
100
AcDbText
 10
509.54664
 20
492.990826
 30
0.0
 40
5.0
  1
.
 41
0.879
  7
MONOTXT
100
AcDbText
  0
TEXT
  5
1399
100
AcDbEntity
  8
LISTE-6
100
AcDbText
 10
497.55764
 20
505.990826
 30
0.0
 40
5.0
  1
.
 41
0.879
  7
MONOTXT
100
AcDbText
  0
TEXT
  5
139A
100
AcDbEntity
  8
LISTE-6
100
AcDbText
 10
497.55764
 20
518.990826
 30
0.0
 40
5.0
  1
1
100
AcDbText
  0
TEXT
  5
139B
100
AcDbEntity
  8
LISTE-6
100
AcDbText
 10
503.50364
 20
506.111826
 30
0.0
 40
5.0
  1
.
 41
0.879
  7
MONOTXT
100
AcDbText
  0
TEXT
  5
139C
100
AcDbEntity
  8
LISTE-6
100
AcDbText
 10
509.54664
 20
505.990826
 30
0.0
 40
5.0
  1
.
 41
0.879
  7
MONOTXT
100
AcDbText
  0
TEXT
  5
139D
100
AcDbEntity
  8
LISTE-6
100
AcDbText
 10
503.50364
 20
519.111826
 30
0.0
 40
5.0
  1
.
 41
0.879
  7
MONOTXT
100
AcDbText
  0
TEXT
  5
139E
100
AcDbEntity
  8
LISTE-6
100
AcDbText
 10
509.54664
 20
518.990826
 30
0.0
 40
5.0
  1
.
 41
0.879
  7
MONOTXT
100
AcDbText
  0
TEXT
  5
139F
100
AcDbEntity
  8
LISTE-6
100
AcDbText
 10
497.55764
 20
544.990826
 30
0.0
 40
5.0
  1
.
 41
0.879
  7
MONOTXT
100
AcDbText
  0
TEXT
  5
13A0
100
AcDbEntity
  8
LISTE-6
100
AcDbText
 10
503.50364
 20
545.111826
 30
0.0
 40
5.0
  1
2
100
AcDbText
  0
TEXT
  5
13A1
100
AcDbEntity
  8
LISTE-6
100
AcDbText
 10
509.54664
 20
544.990826
 30
0.0
 40
5.0
  1
.
 41
0.879
  7
MONOTXT
100
AcDbText
  0
TEXT
  5
13A2
100
AcDbEntity
  8
LISTE-6
100
AcDbText
 10
497.55764
 20
531.990826
 30
0.0
 40
5.0
  1
.
 41
0.879
  7
MONOTXT
100
AcDbText
  0
TEXT
  5
13A3
100
AcDbEntity
  8
LISTE-6
100
AcDbText
 10
503.50364
 20
532.111826
 30
0.0
 40
5.0
  1
.
 41
0.879
  7
MONOTXT
100
AcDbText
  0
TEXT
  5
13A4
100
AcDbEntity
  8
LISTE-6
100
AcDbText
 10
509.54664
 20
531.990826
 30
0.0
 40
5.0
  1
.
 41
0.879
  7
MONOTXT
100
AcDbText
  0
TEXT
  5
13A5
100
AcDbEntity
  8
LISTE-6
100
AcDbText
 10
497.55764
 20
557.990826
 30
0.0
 40
5.0
  1
.
 41
0.879
  7
MONOTXT
100
AcDbText
  0
TEXT
  5
13A6
100
AcDbEntity
  8
LISTE-6
100
AcDbText
 10
503.50364
 20
558.111826
 30
0.0
 40
5.0
  1
.
 41
0.879
  7
MONOTXT
100
AcDbText
  0
TEXT
  5
13A7
100
AcDbEntity
  8
LISTE-6
100
AcDbText
 10
509.54664
 20
557.990826
 30
0.0
 40
5.0
  1
.
 41
0.879
  7
MONOTXT
100
AcDbText
  0
LINE
  5
13A8
100
AcDbEntity
  8
LISTE-0
100
AcDbLine
 10
721.17264
 20
112.833826
 30
0.0
 11
721.17264
 21
567.833826
 31
0.0
  0
LINE
  5
13A9
100
AcDbEntity
  8
LISTE-1
100
AcDbLine
 10
743.17264
 20
125.833826
 30
0.0
 11
743.17264
 21
567.833826
 31
0.0
  0
LINE
  5
13AA
100
AcDbEntity
  8
LISTE-1
100
AcDbLine
 10
901.42264
 20
125.833826
 30
0.0
 11
901.42264
 21
567.833826
 31
0.0
  0
LINE
  5
13AB
100
AcDbEntity
  8
LISTE-1
100
AcDbLine
 10
697.17264
 20
112.833826
 30
0.0
 11
697.17264
 21
567.833826
 31
0.0
  0
LINE
  5
13AC
100
AcDbEntity
  8
LISTE-1
100
AcDbLine
 10
538.92264
 20
112.833826
 30
0.0
 11
538.92264
 21
567.833826
 31
0.0
  0
LINE
  5
13BC
100
AcDbEntity
  8
LISTE-0
100
AcDbLine
 10
721.17264
 20
112.833826
 30
0.0
 11
925.42264
 21
112.833826
 31
0.0
  0
LINE
  5
13BD
100
AcDbEntity
  8
LISTE-0
100
AcDbLine
 10
721.17264
 20
125.833826
 30
0.0
 11
925.42264
 21
125.833826
 31
0.0
  0
TEXT
  5
13C6
100
AcDbEntity
  8
LISTE-6
100
AcDbText
 10
518.32264
 20
117.583826
 30
0.0
 40
3.5
  1
Position
100
AcDbText
  0
TEXT
  5
13C7
100
AcDbEntity
  8
LISTE-6
100
AcDbText
 10
526.72264
 20
129.833826
 30
0.0
 40
5.0
  1
.
 41
0.48
  7
MONOTXT
100
AcDbText
  0
TEXT
  5
13C8
100
AcDbEntity
  8
LISTE-6
100
AcDbText
 10
526.72264
 20
142.833826
 30
0.0
 40
5.0
  1
.
 41
0.48
  7
MONOTXT
100
AcDbText
  0
TEXT
  5
13C9
100
AcDbEntity
  8
LISTE-6
100
AcDbText
 10
540.92264
 20
141.247826
 30
0.0
 40
3.5
  1
.
 41
0.686
  7
MONOTXT
100
AcDbText
  0
TEXT
  5
13CA
100
AcDbEntity
  8
LISTE-6
100
AcDbText
 10
540.92264
 20
146.333826
 30
0.0
 40
3.5
  1
.
 41
0.686
  7
MONOTXT
100
AcDbText
  0
TEXT
  5
13D0
100
AcDbEntity
  8
LISTE-6
100
AcDbText
 10
526.72264
 20
194.833826
 30
0.0
 40
5.0
  1
.
 41
0.48
  7
MONOTXT
100
AcDbText
  0
TEXT
  5
13D1
100
AcDbEntity
  8
LISTE-6
100
AcDbText
 10
540.92264
 20
193.247826
 30
0.0
 40
3.5
  1
.
 41
0.686
  7
MONOTXT
100
AcDbText
  0
TEXT
  5
13D2
100
AcDbEntity
  8
LISTE-6
100
AcDbText
 10
605.84764
 20
115.333826
 30
0.0
 40
3.5
  1
DESIGNATION
100
AcDbText
  0
TEXT
  5
13D3
100
AcDbEntity
  8
LISTE-6
100
AcDbText
 10
608.24764
 20
119.833826
 30
0.0
 40
3.5
  1
Bennenung
100
AcDbText
  0
TEXT
  5
13DC
100
AcDbEntity
  8
LISTE-6
100
AcDbText
 10
526.72264
 20
207.833826
 30
0.0
 40
5.0
  1
.
 41
0.48
  7
MONOTXT
100
AcDbText
  0
TEXT
  5
13DD
100
AcDbEntity
  8
LISTE-6
100
AcDbText
 10
540.92264
 20
198.333826
 30
0.0
 40
3.5
  1
.
 41
0.686
  7
MONOTXT
100
AcDbText
  0
TEXT
  5
13DE
100
AcDbEntity
  8
LISTE-6
100
AcDbText
 10
540.92264
 20
206.247826
 30
0.0
 40
3.5
  1
.
 41
0.686
  7
MONOTXT
100
AcDbText
  0
TEXT
  5
13DF
100
AcDbEntity
  8
LISTE-6
100
AcDbText
 10
540.92264
 20
211.333826
 30
0.0
 40
3.5
  1
.
 41
0.686
  7
MONOTXT
100
AcDbText
  0
TEXT
  5
13E7
100
AcDbEntity
  8
LISTE-6
100
AcDbText
 10
703.17264
 20
115.333826
 30
0.0
 40
3.5
  1
SHEET
100
AcDbText
  0
TEXT
  5
13E8
100
AcDbEntity
  8
LISTE-6
100
AcDbText
 10
703.17264
 20
119.833826
 30
0.0
 40
3.5
  1
Blatt
100
AcDbText
  0
TEXT
  5
13E9
100
AcDbEntity
  8
LISTE-6
100
AcDbText
 10
701.80764
 20
128.990826
 30
0.0
 40
5.0
  1
.
 41
0.879
  7
MONOTXT
100
AcDbText
  0
TEXT
  5
13EA
100
AcDbEntity
  8
LISTE-6
100
AcDbText
 10
707.75364
 20
129.112826
 30
0.0
 40
5.0
  1
.
 41
0.879
  7
MONOTXT
100
AcDbText
  0
TEXT
  5
13EB
100
AcDbEntity
  8
LISTE-6
100
AcDbText
 10
713.79664
 20
128.990826
 30
0.0
 40
5.0
  1
.
 41
0.879
  7
MONOTXT
100
AcDbText
  0
TEXT
  5
13EC
100
AcDbEntity
  8
LISTE-6
100
AcDbText
 10
701.80764
 20
141.990826
 30
0.0
 40
5.0
  1
.
 41
0.879
  7
MONOTXT
100
AcDbText
  0
TEXT
  5
13ED
100
AcDbEntity
  8
LISTE-6
100
AcDbText
 10
707.75364
 20
142.112826
 30
0.0
 40
5.0
  1
.
 41
0.879
  7
MONOTXT
100
AcDbText
  0
TEXT
  5
13EE
100
AcDbEntity
  8
LISTE-6
100
AcDbText
 10
713.79664
 20
141.990826
 30
0.0
 40
5.0
  1
.
 41
0.879
  7
MONOTXT
100
AcDbText
  0
TEXT
  5
13F0
100
AcDbEntity
  8
LISTE-6
100
AcDbText
 10
707.75364
 20
155.112826
 30
0.0
 40
5.0
  1
.
 41
0.879
  7
MONOTXT
100
AcDbText
  0
TEXT
  5
13F1
100
AcDbEntity
  8
LISTE-6
100
AcDbText
 10
713.79664
 20
154.990826
 30
0.0
 40
5.0
  1
.
 41
0.879
  7
MONOTXT
100
AcDbText
  0
TEXT
  5
13F2
100
AcDbEntity
  8
LISTE-6
100
AcDbText
 10
701.80764
 20
167.990826
 30
0.0
 40
5.0
  1
.
 41
0.879
  7
MONOTXT
100
AcDbText
  0
TEXT
  5
13F4
100
AcDbEntity
  8
LISTE-6
100
AcDbText
 10
713.79664
 20
167.990826
 30
0.0
 40
5.0
  1
.
 41
0.879
  7
MONOTXT
100
AcDbText
  0
TEXT
  5
13F6
100
AcDbEntity
  8
LISTE-6
100
AcDbText
 10
701.80764
 20
180.990826
 30
0.0
 40
5.0
  1
1
100
AcDbText
  0
TEXT
  5
13F7
100
AcDbEntity
  8
LISTE-6
100
AcDbText
 10
713.79664
 20
180.990826
 30
0.0
 40
5.0
  1
.
 41
0.879
  7
MONOTXT
100
AcDbText
  0
TEXT
  5
13F8
100
AcDbEntity
  8
LISTE-6
100
AcDbText
 10
701.80764
 20
193.990826
 30
0.0
 40
5.0
  1
1
100
AcDbText
  0
TEXT
  5
13F9
100
AcDbEntity
  8
LISTE-6
100
AcDbText
 10
707.75364
 20
194.112826
 30
0.0
 40
5.0
  1
.
 41
0.879
  7
MONOTXT
100
AcDbText
  0
TEXT
  5
13FA
100
AcDbEntity
  8
LISTE-6
100
AcDbText
 10
713.79664
 20
193.990826
 30
0.0
 40
5.0
  1
.
 41
0.879
  7
MONOTXT
100
AcDbText
  0
TEXT
  5
13FB
100
AcDbEntity
  8
LISTE-6
100
AcDbText
 10
722.57264
 20
117.583826
 30
0.0
 40
3.5
  1
Position
100
AcDbText
  0
TEXT
  5
13FE
100
AcDbEntity
  8
LISTE-6
100
AcDbText
 10
730.97264
 20
155.833826
 30
0.0
 40
5.0
  1
.
 41
0.48
  7
MONOTXT
100
AcDbText
  0
TEXT
  5
13FF
100
AcDbEntity
  8
LISTE-6
100
AcDbText
 10
730.97264
 20
168.833826
 30
0.0
 40
5.0
  1
.
 41
0.48
  7
MONOTXT
100
AcDbText
  0
TEXT
  5
1400
100
AcDbEntity
  8
LISTE-6
100
AcDbText
 10
745.17264
 20
172.333826
 30
0.0
 40
3.5
  1
.
 41
0.686
  7
MONOTXT
100
AcDbText
  0
TEXT
  5
1401
100
AcDbEntity
  8
LISTE-6
100
AcDbText
 10
745.17264
 20
167.247826
 30
0.0
 40
3.5
  1
.
 41
0.686
  7
MONOTXT
100
AcDbText
  0
TEXT
  5
1404
100
AcDbEntity
  8
LISTE-6
100
AcDbText
 10
707.75364
 20
220.112826
 30
0.0
 40
5.0
  1
.
 41
0.879
  7
MONOTXT
100
AcDbText
  0
TEXT
  5
1405
100
AcDbEntity
  8
LISTE-6
100
AcDbText
 10
713.79664
 20
219.990826
 30
0.0
 40
5.0
  1
.
 41
0.879
  7
MONOTXT
100
AcDbText
  0
TEXT
  5
1406
100
AcDbEntity
  8
LISTE-6
100
AcDbText
 10
701.80764
 20
206.990826
 30
0.0
 40
5.0
  1
1
100
AcDbText
  0
TEXT
  5
1407
100
AcDbEntity
  8
LISTE-6
100
AcDbText
 10
707.75364
 20
207.112826
 30
0.0
 40
5.0
  1
.
 41
0.879
  7
MONOTXT
100
AcDbText
  0
TEXT
  5
1408
100
AcDbEntity
  8
LISTE-6
100
AcDbText
 10
713.79664
 20
206.990826
 30
0.0
 40
5.0
  1
.
 41
0.879
  7
MONOTXT
100
AcDbText
  0
TEXT
  5
140B
100
AcDbEntity
  8
LISTE-6
100
AcDbText
 10
713.79664
 20
232.990826
 30
0.0
 40
5.0
  1
.
 41
0.879
  7
MONOTXT
100
AcDbText
  0
TEXT
  5
140D
100
AcDbEntity
  8
LISTE-6
100
AcDbText
 10
707.75364
 20
246.111826
 30
0.0
 40
5.0
  1
2
100
AcDbText
  0
TEXT
  5
140E
100
AcDbEntity
  8
LISTE-6
100
AcDbText
 10
713.79664
 20
245.990826
 30
0.0
 40
5.0
  1
.
 41
0.879
  7
MONOTXT
100
AcDbText
  0
TEXT
  5
140F
100
AcDbEntity
  8
LISTE-6
100
AcDbText
 10
701.80764
 20
258.990826
 30
0.0
 40
5.0
  1
.
 41
0.879
  7
MONOTXT
100
AcDbText
  0
TEXT
  5
1411
100
AcDbEntity
  8
LISTE-6
100
AcDbText
 10
713.79664
 20
258.990826
 30
0.0
 40
5.0
  1
.
 41
0.879
  7
MONOTXT
100
AcDbText
  0
TEXT
  5
1413
100
AcDbEntity
  8
LISTE-6
100
AcDbText
 10
707.75364
 20
272.111826
 30
0.0
 40
5.0
  1
2
100
AcDbText
  0
TEXT
  5
1414
100
AcDbEntity
  8
LISTE-6
100
AcDbText
 10
713.79664
 20
271.990826
 30
0.0
 40
5.0
  1
.
 41
0.879
  7
MONOTXT
100
AcDbText
  0
TEXT
  5
1415
100
AcDbEntity
  8
LISTE-6
100
AcDbText
 10
701.80764
 20
284.990826
 30
0.0
 40
5.0
  1
.
 41
0.879
  7
MONOTXT
100
AcDbText
  0
TEXT
  5
1416
100
AcDbEntity
  8
LISTE-6
100
AcDbText
 10
713.79664
 20
284.990826
 30
0.0
 40
5.0
  1
.
 41
0.879
  7
MONOTXT
100
AcDbText
  0
TEXT
  5
141A
100
AcDbEntity
  8
LISTE-6
100
AcDbText
 10
745.17264
 20
219.247826
 30
0.0
 40
3.5
  1
.
 41
0.686
  7
MONOTXT
100
AcDbText
  0
TEXT
  5
141C
100
AcDbEntity
  8
LISTE-6
100
AcDbText
 10
730.97264
 20
220.833826
 30
0.0
 40
5.0
  1
.
 41
0.48
  7
MONOTXT
 72
     1
 11
730.97264
 21
220.833826
 31
0.0
100
AcDbText
  0
TEXT
  5
141D
100
AcDbEntity
  8
LISTE-6
100
AcDbText
 10
745.17264
 20
224.333826
 30
0.0
 40
3.5
  1
.
 41
0.686
  7
MONOTXT
100
AcDbText
  0
TEXT
  5
1422
100
AcDbEntity
  8
LISTE-6
100
AcDbText
 10
730.97264
 20
272.833826
 30
0.0
 40
5.0
  1
.
 41
0.48
  7
MONOTXT
100
AcDbText
  0
TEXT
  5
1423
100
AcDbEntity
  8
LISTE-6
100
AcDbText
 10
745.17264
 20
271.247826
 30
0.0
 40
3.5
  1
.
 41
0.686
  7
MONOTXT
100
AcDbText
  0
TEXT
  5
1424
100
AcDbEntity
  8
LISTE-6
100
AcDbText
 10
745.17264
 20
276.333826
 30
0.0
 40
3.5
  1
.
 41
0.686
  7
MONOTXT
100
AcDbText
  0
TEXT
  5
1425
100
AcDbEntity
  8
LISTE-6
100
AcDbText
 10
907.42264
 20
115.333826
 30
0.0
 40
3.5
  1
SHEET
100
AcDbText
  0
TEXT
  5
1426
100
AcDbEntity
  8
LISTE-6
100
AcDbText
 10
907.42264
 20
119.833826
 30
0.0
 40
3.5
  1
Blatt 
100
AcDbText
  0
TEXT
  5
1427
100
AcDbEntity
  8
LISTE-6
100
AcDbText
 10
809.09764
 20
115.333826
 30
0.0
 40
3.5
  1
DESIGNATION
100
AcDbText
  0
TEXT
  5
1428
100
AcDbEntity
  8
LISTE-6
100
AcDbText
 10
811.49764
 20
119.833826
 30
0.0
 40
3.5
  1
Bennenung
100
AcDbText
  0
TEXT
  5
1429
100
AcDbEntity
  8
LISTE-6
100
AcDbText
 10
906.05764
 20
154.990826
 30
0.0
 40
5.0
  1
.
 41
0.879
  7
MONOTXT
100
AcDbText
  0
TEXT
  5
142A
100
AcDbEntity
  8
LISTE-6
100
AcDbText
 10
906.05764
 20
167.990826
 30
0.0
 40
5.0
  1
.
 41
0.879
  7
MONOTXT
100
AcDbText
  0
TEXT
  5
142B
100
AcDbEntity
  8
LISTE-6
100
AcDbText
 10
906.05764
 20
180.990826
 30
0.0
 40
5.0
  1
1
100
AcDbText
  0
TEXT
  5
142C
100
AcDbEntity
  8
LISTE-6
100
AcDbText
 10
906.05764
 20
193.990826
 30
0.0
 40
5.0
  1
1
100
AcDbText
  0
TEXT
  5
142D
100
AcDbEntity
  8
LISTE-6
100
AcDbText
 10
906.05764
 20
219.990826
 30
0.0
 40
5.0
  1
.
 41
0.879
  7
MONOTXT
100
AcDbText
  0
TEXT
  5
1432
100
AcDbEntity
  8
LISTE-6
100
AcDbText
 10
906.05764
 20
271.990826
 30
0.0
 40
5.0
  1
.
 41
0.879
  7
MONOTXT
100
AcDbText
  0
TEXT
  5
1435
100
AcDbEntity
  8
LISTE-6
100
AcDbText
 10
912.00364
 20
155.112826
 30
0.0
 40
5.0
  1
.
 41
0.879
  7
MONOTXT
100
AcDbText
  0
TEXT
  5
1436
100
AcDbEntity
  8
LISTE-6
100
AcDbText
 10
918.04664
 20
154.990826
 30
0.0
 40
5.0
  1
.
 41
0.879
  7
MONOTXT
100
AcDbText
  0
TEXT
  5
1437
100
AcDbEntity
  8
LISTE-6
100
AcDbText
 10
912.00364
 20
168.112826
 30
0.0
 40
5.0
  1
.
 41
0.879
  7
MONOTXT
100
AcDbText
  0
TEXT
  5
1438
100
AcDbEntity
  8
LISTE-6
100
AcDbText
 10
918.04664
 20
167.990826
 30
0.0
 40
5.0
  1
.
 41
0.879
  7
MONOTXT
100
AcDbText
  0
TEXT
  5
143A
100
AcDbEntity
  8
LISTE-6
100
AcDbText
 10
918.04664
 20
180.990826
 30
0.0
 40
5.0
  1
.
 41
0.879
  7
MONOTXT
100
AcDbText
  0
TEXT
  5
143B
100
AcDbEntity
  8
LISTE-6
100
AcDbText
 10
918.04664
 20
193.990826
 30
0.0
 40
5.0
  1
.
 41
0.879
  7
MONOTXT
100
AcDbText
  0
TEXT
  5
143C
100
AcDbEntity
  8
LISTE-6
100
AcDbText
 10
912.00364
 20
220.112826
 30
0.0
 40
5.0
  1
.
 41
0.879
  7
MONOTXT
100
AcDbText
  0
TEXT
  5
143D
100
AcDbEntity
  8
LISTE-6
100
AcDbText
 10
918.04664
 20
219.990826
 30
0.0
 40
5.0
  1
.
 41
0.879
  7
MONOTXT
100
AcDbText
  0
TEXT
  5
143E
100
AcDbEntity
  8
LISTE-6
100
AcDbText
 10
912.00364
 20
207.112826
 30
0.0
 40
5.0
  1
2
100
AcDbText
  0
TEXT
  5
143F
100
AcDbEntity
  8
LISTE-6
100
AcDbText
 10
918.04664
 20
206.990826
 30
0.0
 40
5.0
  1
.
 41
0.879
  7
MONOTXT
100
AcDbText
  0
TEXT
  5
1441
100
AcDbEntity
  8
LISTE-6
100
AcDbText
 10
918.04664
 20
232.990826
 30
0.0
 40
5.0
  1
.
 41
0.879
  7
MONOTXT
100
AcDbText
  0
TEXT
  5
1443
100
AcDbEntity
  8
LISTE-6
100
AcDbText
 10
918.04664
 20
245.990826
 30
0.0
 40
5.0
  1
.
 41
0.879
  7
MONOTXT
100
AcDbText
  0
TEXT
  5
1444
100
AcDbEntity
  8
LISTE-6
100
AcDbText
 10
912.00364
 20
259.112826
 30
0.0
 40
5.0
  1
2
100
AcDbText
  0
TEXT
  5
1445
100
AcDbEntity
  8
LISTE-6
100
AcDbText
 10
918.04664
 20
258.990826
 30
0.0
 40
5.0
  1
.
 41
0.879
  7
MONOTXT
100
AcDbText
  0
TEXT
  5
1446
100
AcDbEntity
  8
LISTE-6
100
AcDbText
 10
912.00364
 20
272.111826
 30
0.0
 40
5.0
  1
.
 41
0.879
  7
MONOTXT
100
AcDbText
  0
TEXT
  5
1447
100
AcDbEntity
  8
LISTE-6
100
AcDbText
 10
918.04664
 20
271.990826
 30
0.0
 40
5.0
  1
.
 41
0.879
  7
MONOTXT
100
AcDbText
  0
TEXT
  5
1448
100
AcDbEntity
  8
LISTE-6
100
AcDbText
 10
918.04664
 20
284.990826
 30
0.0
 40
5.0
  1
.
 41
0.879
  7
MONOTXT
100
AcDbText
  0
TEXT
  5
1454
100
AcDbEntity
  8
LISTE-6
100
AcDbText
 10
540.92264
 20
336.247826
 30
0.0
 40
3.5
  1
.
 41
0.686
  7
MONOTXT
100
AcDbText
  0
TEXT
  5
1458
100
AcDbEntity
  8
LISTE-6
100
AcDbText
 10
526.72264
 20
311.832826
 30
0.0
 40
5.0
  1
.
 41
0.48
  7
MONOTXT
100
AcDbText
  0
TEXT
  5
1459
100
AcDbEntity
  8
LISTE-6
100
AcDbText
 10
540.92264
 20
310.247826
 30
0.0
 40
3.5
  1
.
 41
0.621
  7
MONOTXT
100
AcDbText
  0
TEXT
  5
145A
100
AcDbEntity
  8
LISTE-6
100
AcDbText
 10
526.72264
 20
324.832826
 30
0.0
 40
5.0
  1
.
 41
0.48
  7
MONOTXT
100
AcDbText
  0
TEXT
  5
145B
100
AcDbEntity
  8
LISTE-6
100
AcDbText
 10
540.92264
 20
323.247826
 30
0.0
 40
3.5
  1
.
 41
0.686
  7
MONOTXT
100
AcDbText
  0
TEXT
  5
145C
100
AcDbEntity
  8
LISTE-6
100
AcDbText
 10
540.92264
 20
315.332826
 30
0.0
 40
3.5
  1
.
 41
0.686
  7
MONOTXT
100
AcDbText
  0
TEXT
  5
145D
100
AcDbEntity
  8
LISTE-6
100
AcDbText
 10
540.92264
 20
328.332826
 30
0.0
 40
3.5
  1
.
 41
0.686
  7
MONOTXT
100
AcDbText
  0
TEXT
  5
145E
100
AcDbEntity
  8
LISTE-6
100
AcDbText
 10
526.72264
 20
337.832826
 30
0.0
 40
5.0
  1
.
 41
0.48
  7
MONOTXT
100
AcDbText
  0
TEXT
  5
145F
100
AcDbEntity
  8
LISTE-6
100
AcDbText
 10
526.72264
 20
350.832826
 30
0.0
 40
5.0
  1
.
 41
0.48
  7
MONOTXT
100
AcDbText
  0
TEXT
  5
1460
100
AcDbEntity
  8
LISTE-6
100
AcDbText
 10
540.92264
 20
341.332826
 30
0.0
 40
3.5
  1
.
 41
0.686
  7
MONOTXT
100
AcDbText
  0
TEXT
  5
1461
100
AcDbEntity
  8
LISTE-6
100
AcDbText
 10
540.92264
 20
349.247826
 30
0.0
 40
3.5
  1
.
 41
0.686
  7
MONOTXT
100
AcDbText
  0
TEXT
  5
1462
100
AcDbEntity
  8
LISTE-6
100
AcDbText
 10
540.92264
 20
354.332826
 30
0.0
 40
3.5
  1
.
 41
0.686
  7
MONOTXT
100
AcDbText
  0
TEXT
  5
1463
100
AcDbEntity
  8
LISTE-6
100
AcDbText
 10
526.72264
 20
363.832826
 30
0.0
 40
5.0
  1
.
 41
0.48
  7
MONOTXT
100
AcDbText
  0
TEXT
  5
1464
100
AcDbEntity
  8
LISTE-6
100
AcDbText
 10
526.72264
 20
376.832826
 30
0.0
 40
5.0
  1
.
 41
0.48
  7
MONOTXT
100
AcDbText
  0
TEXT
  5
1465
100
AcDbEntity
  8
LISTE-6
100
AcDbText
 10
540.92264
 20
367.332826
 30
0.0
 40
3.5
  1
.
 41
0.686
  7
MONOTXT
100
AcDbText
  0
TEXT
  5
1466
100
AcDbEntity
  8
LISTE-6
100
AcDbText
 10
540.92264
 20
362.247826
 30
0.0
 40
3.5
  1
.
 41
0.686
  7
MONOTXT
100
AcDbText
  0
TEXT
  5
1467
100
AcDbEntity
  8
LISTE-6
100
AcDbText
 10
540.92264
 20
380.332826
 30
0.0
 40
3.5
  1
.
 41
0.686
  7
MONOTXT
100
AcDbText
  0
TEXT
  5
1468
100
AcDbEntity
  8
LISTE-6
100
AcDbText
 10
540.92264
 20
375.247826
 30
0.0
 40
3.5
  1
.
 41
0.686
  7
MONOTXT
100
AcDbText
  0
TEXT
  5
1469
100
AcDbEntity
  8
LISTE-6
100
AcDbText
 10
526.72264
 20
428.832826
 30
0.0
 40
5.0
  1
.
 41
0.48
  7
MONOTXT
100
AcDbText
  0
TEXT
  5
146A
100
AcDbEntity
  8
LISTE-6
100
AcDbText
 10
526.72264
 20
389.832826
 30
0.0
 40
5.0
  1
.
 41
0.48
  7
MONOTXT
100
AcDbText
  0
TEXT
  5
146B
100
AcDbEntity
  8
LISTE-6
100
AcDbText
 10
526.72264
 20
402.832826
 30
0.0
 40
5.0
  1
.
 41
0.48
  7
MONOTXT
100
AcDbText
  0
TEXT
  5
146C
100
AcDbEntity
  8
LISTE-6
100
AcDbText
 10
540.92264
 20
393.332826
 30
0.0
 40
3.5
  1
.
 41
0.686
  7
MONOTXT
100
AcDbText
  0
TEXT
  5
146D
100
AcDbEntity
  8
LISTE-6
100
AcDbText
 10
540.92264
 20
388.247826
 30
0.0
 40
3.5
  1
.
 41
0.686
  7
MONOTXT
100
AcDbText
  0
TEXT
  5
146E
100
AcDbEntity
  8
LISTE-6
100
AcDbText
 10
540.92264
 20
401.247826
 30
0.0
 40
3.5
  1
.
 41
0.686
  7
MONOTXT
100
AcDbText
  0
TEXT
  5
146F
100
AcDbEntity
  8
LISTE-6
100
AcDbText
 10
526.72264
 20
415.832826
 30
0.0
 40
5.0
  1
.
 41
0.48
  7
MONOTXT
100
AcDbText
  0
TEXT
  5
1470
100
AcDbEntity
  8
LISTE-6
100
AcDbText
 10
540.92264
 20
414.247826
 30
0.0
 40
3.5
  1
.
 41
0.686
  7
MONOTXT
100
AcDbText
  0
TEXT
  5
1471
100
AcDbEntity
  8
LISTE-6
100
AcDbText
 10
540.92264
 20
406.332826
 30
0.0
 40
3.5
  1
.
 41
0.686
  7
MONOTXT
100
AcDbText
  0
TEXT
  5
1472
100
AcDbEntity
  8
LISTE-6
100
AcDbText
 10
540.92264
 20
419.332826
 30
0.0
 40
3.5
  1
.
 41
0.686
  7
MONOTXT
100
AcDbText
  0
TEXT
  5
1473
100
AcDbEntity
  8
LISTE-6
100
AcDbText
 10
540.92264
 20
427.247826
 30
0.0
 40
3.5
  1
.
 41
0.686
  7
MONOTXT
100
AcDbText
  0
TEXT
  5
1474
100
AcDbEntity
  8
LISTE-6
100
AcDbText
 10
526.72264
 20
441.832826
 30
0.0
 40
5.0
  1
.
 41
0.48
  7
MONOTXT
100
AcDbText
  0
TEXT
  5
1475
100
AcDbEntity
  8
LISTE-6
100
AcDbText
 10
540.92264
 20
440.247826
 30
0.0
 40
3.5
  1
.
 41
0.686
  7
MONOTXT
100
AcDbText
  0
TEXT
  5
1476
100
AcDbEntity
  8
LISTE-6
100
AcDbText
 10
540.92264
 20
432.332826
 30
0.0
 40
3.5
  1
.
 41
0.686
  7
MONOTXT
100
AcDbText
  0
TEXT
  5
1477
100
AcDbEntity
  8
LISTE-6
100
AcDbText
 10
540.92264
 20
445.332826
 30
0.0
 40
3.5
  1
.
 41
0.686
  7
MONOTXT
100
AcDbText
  0
TEXT
  5
1478
100
AcDbEntity
  8
LISTE-6
100
AcDbText
 10
526.72264
 20
454.832826
 30
0.0
 40
5.0
  1
.
 41
0.48
  7
MONOTXT
100
AcDbText
  0
TEXT
  5
1479
100
AcDbEntity
  8
LISTE-6
100
AcDbText
 10
526.72264
 20
467.832826
 30
0.0
 40
5.0
  1
.
 41
0.48
  7
MONOTXT
100
AcDbText
  0
TEXT
  5
147A
100
AcDbEntity
  8
LISTE-6
100
AcDbText
 10
540.92264
 20
458.332826
 30
0.0
 40
3.5
  1
.
 41
0.686
  7
MONOTXT
100
AcDbText
  0
TEXT
  5
147B
100
AcDbEntity
  8
LISTE-6
100
AcDbText
 10
540.92264
 20
453.247826
 30
0.0
 40
3.5
  1
.
 41
0.686
  7
MONOTXT
100
AcDbText
  0
TEXT
  5
147C
100
AcDbEntity
  8
LISTE-6
100
AcDbText
 10
540.92264
 20
471.332826
 30
0.0
 40
3.5
  1
.
 41
0.686
  7
MONOTXT
100
AcDbText
  0
TEXT
  5
147D
100
AcDbEntity
  8
LISTE-6
100
AcDbText
 10
540.92264
 20
466.247826
 30
0.0
 40
3.5
  1
.
 41
0.686
  7
MONOTXT
100
AcDbText
  0
TEXT
  5
147F
100
AcDbEntity
  8
LISTE-6
100
AcDbText
 10
707.75364
 20
298.111826
 30
0.0
 40
5.0
  1
.
 41
0.879
  7
MONOTXT
100
AcDbText
  0
TEXT
  5
1480
100
AcDbEntity
  8
LISTE-6
100
AcDbText
 10
713.79664
 20
297.990826
 30
0.0
 40
5.0
  1
.
 41
0.879
  7
MONOTXT
100
AcDbText
  0
TEXT
  5
1481
100
AcDbEntity
  8
LISTE-6
100
AcDbText
 10
701.80764
 20
310.990826
 30
0.0
 40
5.0
  1
.
 41
0.879
  7
MONOTXT
100
AcDbText
  0
TEXT
  5
1482
100
AcDbEntity
  8
LISTE-6
100
AcDbText
 10
707.75364
 20
311.111826
 30
0.0
 40
5.0
  1
.
 41
0.879
  7
MONOTXT
100
AcDbText
  0
TEXT
  5
1483
100
AcDbEntity
  8
LISTE-6
100
AcDbText
 10
713.79664
 20
310.990826
 30
0.0
 40
5.0
  1
.
 41
0.879
  7
MONOTXT
100
AcDbText
  0
TEXT
  5
1484
100
AcDbEntity
  8
LISTE-6
100
AcDbText
 10
707.75364
 20
324.111826
 30
0.0
 40
5.0
  1
.
 41
0.879
  7
MONOTXT
100
AcDbText
  0
TEXT
  5
1485
100
AcDbEntity
  8
LISTE-6
100
AcDbText
 10
701.80764
 20
323.990826
 30
0.0
 40
5.0
  1
.
 41
0.879
  7
MONOTXT
100
AcDbText
  0
TEXT
  5
1486
100
AcDbEntity
  8
LISTE-6
100
AcDbText
 10
713.79664
 20
323.990826
 30
0.0
 40
5.0
  1
.
 41
0.879
  7
MONOTXT
100
AcDbText
  0
TEXT
  5
1487
100
AcDbEntity
  8
LISTE-6
100
AcDbText
 10
701.80764
 20
336.990826
 30
0.0
 40
5.0
  1
.
 41
0.879
  7
MONOTXT
100
AcDbText
  0
TEXT
  5
1488
100
AcDbEntity
  8
LISTE-6
100
AcDbText
 10
707.75364
 20
337.111826
 30
0.0
 40
5.0
  1
.
 41
0.879
  7
MONOTXT
100
AcDbText
  0
TEXT
  5
1489
100
AcDbEntity
  8
LISTE-6
100
AcDbText
 10
713.79664
 20
336.990826
 30
0.0
 40
5.0
  1
.
 41
0.879
  7
MONOTXT
100
AcDbText
  0
TEXT
  5
148A
100
AcDbEntity
  8
LISTE-6
100
AcDbText
 10
701.80764
 20
349.990826
 30
0.0
 40
5.0
  1
.
 41
0.879
  7
MONOTXT
100
AcDbText
  0
TEXT
  5
148B
100
AcDbEntity
  8
LISTE-6
100
AcDbText
 10
707.75364
 20
350.111826
 30
0.0
 40
5.0
  1
.
 41
0.879
  7
MONOTXT
100
AcDbText
  0
TEXT
  5
148C
100
AcDbEntity
  8
LISTE-6
100
AcDbText
 10
713.79664
 20
349.990826
 30
0.0
 40
5.0
  1
.
 41
0.879
  7
MONOTXT
100
AcDbText
  0
TEXT
  5
148D
100
AcDbEntity
  8
LISTE-6
100
AcDbText
 10
701.80764
 20
362.990826
 30
0.0
 40
5.0
  1
.
 41
0.879
  7
MONOTXT
100
AcDbText
  0
TEXT
  5
148E
100
AcDbEntity
  8
LISTE-6
100
AcDbText
 10
707.75364
 20
363.111826
 30
0.0
 40
5.0
  1
.
 41
0.879
  7
MONOTXT
100
AcDbText
  0
TEXT
  5
148F
100
AcDbEntity
  8
LISTE-6
100
AcDbText
 10
713.79664
 20
362.990826
 30
0.0
 40
5.0
  1
.
 41
0.879
  7
MONOTXT
100
AcDbText
  0
TEXT
  5
1490
100
AcDbEntity
  8
LISTE-6
100
AcDbText
 10
701.80764
 20
375.990826
 30
0.0
 40
5.0
  1
.
 41
0.879
  7
MONOTXT
100
AcDbText
  0
TEXT
  5
1491
100
AcDbEntity
  8
LISTE-6
100
AcDbText
 10
707.75364
 20
376.111826
 30
0.0
 40
5.0
  1
.
 41
0.879
  7
MONOTXT
100
AcDbText
  0
TEXT
  5
1492
100
AcDbEntity
  8
LISTE-6
100
AcDbText
 10
713.79664
 20
375.990826
 30
0.0
 40
5.0
  1
.
 41
0.879
  7
MONOTXT
100
AcDbText
  0
TEXT
  5
1493
100
AcDbEntity
  8
LISTE-6
100
AcDbText
 10
745.17264
 20
336.247826
 30
0.0
 40
3.5
  1
FLYWHEEL SAE 11 1/2 AND 14
100
AcDbText
  0
TEXT
  5
1496
100
AcDbEntity
  8
LISTE-6
100
AcDbText
 10
730.97264
 20
298.832826
 30
0.0
 40
5.0
  1
.
 41
0.48
  7
MONOTXT
 72
     1
 11
730.97264
 21
298.832826
 31
0.0
100
AcDbText
  0
TEXT
  5
149A
100
AcDbEntity
  8
LISTE-6
100
AcDbText
 10
721.474609
 20
337.832826
 30
0.0
 40
5.0
  1
03.007
 72
     1
 11
730.97264
 21
337.832826
 31
0.0
100
AcDbText
  0
TEXT
  5
149B
100
AcDbEntity
  8
LISTE-6
100
AcDbText
 10
745.17264
 20
341.332826
 30
0.0
 40
3.5
  1
Schwungrad SAE 11 1/2 und14
100
AcDbText
  0
TEXT
  5
149C
100
AcDbEntity
  8
LISTE-6
100
AcDbText
 10
730.97264
 20
350.832826
 30
0.0
 40
5.0
  1
.
 41
0.48
  7
MONOTXT
100
AcDbText
  0
TEXT
  5
149D
100
AcDbEntity
  8
LISTE-6
100
AcDbText
 10
745.17264
 20
354.332826
 30
0.0
 40
3.5
  1
.
 41
0.686
  7
MONOTXT
100
AcDbText
  0
TEXT
  5
149E
100
AcDbEntity
  8
LISTE-6
100
AcDbText
 10
745.17264
 20
349.247826
 30
0.0
 40
3.5
  1
.
 41
0.686
  7
MONOTXT
100
AcDbText
  0
TEXT
  5
14A0
100
AcDbEntity
  8
LISTE-6
100
AcDbText
 10
730.97264
 20
376.832826
 30
0.0
 40
5.0
  1
.
 41
0.48
  7
MONOTXT
100
AcDbText
  0
TEXT
  5
14A1
100
AcDbEntity
  8
LISTE-6
100
AcDbText
 10
745.17264
 20
380.332826
 30
0.0
 40
3.5
  1
.
 41
0.686
  7
MONOTXT
100
AcDbText
  0
TEXT
  5
14A2
100
AcDbEntity
  8
LISTE-6
100
AcDbText
 10
745.17264
 20
375.247826
 30
0.0
 40
3.5
  1
.
 41
0.686
  7
MONOTXT
100
AcDbText
  0
TEXT
  5
14A3
100
AcDbEntity
  8
LISTE-6
100
AcDbText
 10
701.80764
 20
388.990826
 30
0.0
 40
5.0
  1
.
 41
0.879
  7
MONOTXT
100
AcDbText
  0
TEXT
  5
14A4
100
AcDbEntity
  8
LISTE-6
100
AcDbText
 10
707.75364
 20
389.111826
 30
0.0
 40
5.0
  1
.
 41
0.879
  7
MONOTXT
100
AcDbText
  0
TEXT
  5
14A5
100
AcDbEntity
  8
LISTE-6
100
AcDbText
 10
713.79664
 20
388.990826
 30
0.0
 40
5.0
  1
.
 41
0.879
  7
MONOTXT
100
AcDbText
  0
TEXT
  5
14A6
100
AcDbEntity
  8
LISTE-6
100
AcDbText
 10
701.80764
 20
401.990826
 30
0.0
 40
5.0
  1
.
 41
0.879
  7
MONOTXT
100
AcDbText
  0
TEXT
  5
14A7
100
AcDbEntity
  8
LISTE-6
100
AcDbText
 10
707.75364
 20
402.111826
 30
0.0
 40
5.0
  1
.
 41
0.879
  7
MONOTXT
100
AcDbText
  0
TEXT
  5
14A8
100
AcDbEntity
  8
LISTE-6
100
AcDbText
 10
713.79664
 20
401.990826
 30
0.0
 40
5.0
  1
.
 41
0.879
  7
MONOTXT
100
AcDbText
  0
TEXT
  5
14A9
100
AcDbEntity
  8
LISTE-6
100
AcDbText
 10
701.80764
 20
414.990826
 30
0.0
 40
5.0
  1
.
 41
0.879
  7
MONOTXT
100
AcDbText
  0
TEXT
  5
14AA
100
AcDbEntity
  8
LISTE-6
100
AcDbText
 10
713.79664
 20
414.990826
 30
0.0
 40
5.0
  1
.
 41
0.879
  7
MONOTXT
100
AcDbText
  0
TEXT
  5
14AB
100
AcDbEntity
  8
LISTE-6
100
AcDbText
 10
707.75364
 20
415.111826
 30
0.0
 40
5.0
  1
.
 41
0.879
  7
MONOTXT
100
AcDbText
  0
TEXT
  5
14AC
100
AcDbEntity
  8
LISTE-6
100
AcDbText
 10
701.80764
 20
427.990826
 30
0.0
 40
5.0
  1
.
 41
0.879
  7
MONOTXT
100
AcDbText
  0
TEXT
  5
14AD
100
AcDbEntity
  8
LISTE-6
100
AcDbText
 10
707.75364
 20
428.111826
 30
0.0
 40
5.0
  1
.
 41
0.879
  7
MONOTXT
100
AcDbText
  0
TEXT
  5
14AE
100
AcDbEntity
  8
LISTE-6
100
AcDbText
 10
713.79664
 20
427.990826
 30
0.0
 40
5.0
  1
.
 41
0.879
  7
MONOTXT
100
AcDbText
  0
TEXT
  5
14AF
100
AcDbEntity
  8
LISTE-6
100
AcDbText
 10
701.80764
 20
440.990826
 30
0.0
 40
5.0
  1
.
 41
0.879
  7
MONOTXT
100
AcDbText
  0
TEXT
  5
14B0
100
AcDbEntity
  8
LISTE-6
100
AcDbText
 10
707.75364
 20
441.111826
 30
0.0
 40
5.0
  1
.
 41
0.879
  7
MONOTXT
100
AcDbText
  0
TEXT
  5
14B1
100
AcDbEntity
  8
LISTE-6
100
AcDbText
 10
713.79664
 20
440.990826
 30
0.0
 40
5.0
  1
.
 41
0.879
  7
MONOTXT
100
AcDbText
  0
TEXT
  5
14B2
100
AcDbEntity
  8
LISTE-6
100
AcDbText
 10
701.80764
 20
453.990826
 30
0.0
 40
5.0
  1
.
 41
0.879
  7
MONOTXT
100
AcDbText
  0
TEXT
  5
14B3
100
AcDbEntity
  8
LISTE-6
100
AcDbText
 10
707.75364
 20
454.111826
 30
0.0
 40
5.0
  1
.
 41
0.879
  7
MONOTXT
100
AcDbText
  0
TEXT
  5
14B4
100
AcDbEntity
  8
LISTE-6
100
AcDbText
 10
713.79664
 20
453.990826
 30
0.0
 40
5.0
  1
.
 41
0.879
  7
MONOTXT
100
AcDbText
  0
TEXT
  5
14B5
100
AcDbEntity
  8
LISTE-6
100
AcDbText
 10
701.80764
 20
466.990826
 30
0.0
 40
5.0
  1
.
 41
0.879
  7
MONOTXT
100
AcDbText
  0
TEXT
  5
14B6
100
AcDbEntity
  8
LISTE-6
100
AcDbText
 10
707.75364
 20
467.111826
 30
0.0
 40
5.0
  1
.
 41
0.879
  7
MONOTXT
100
AcDbText
  0
TEXT
  5
14B7
100
AcDbEntity
  8
LISTE-6
100
AcDbText
 10
713.79664
 20
466.990826
 30
0.0
 40
5.0
  1
.
 41
0.879
  7
MONOTXT
100
AcDbText
  0
TEXT
  5
14B8
100
AcDbEntity
  8
LISTE-6
100
AcDbText
 10
730.97264
 20
428.832826
 30
0.0
 40
5.0
  1
.
 41
0.48
  7
MONOTXT
100
AcDbText
  0
TEXT
  5
14BA
100
AcDbEntity
  8
LISTE-6
100
AcDbText
 10
730.97264
 20
389.832826
 30
0.0
 40
5.0
  1
.
 41
0.48
  7
MONOTXT
100
AcDbText
  0
TEXT
  5
14BB
100
AcDbEntity
  8
LISTE-6
100
AcDbText
 10
730.97264
 20
415.832826
 30
0.0
 40
5.0
  1
.
 41
0.48
  7
MONOTXT
100
AcDbText
  0
TEXT
  5
14BC
100
AcDbEntity
  8
LISTE-6
100
AcDbText
 10
745.17264
 20
414.247826
 30
0.0
 40
3.5
  1
.
 41
0.686
  7
MONOTXT
100
AcDbText
  0
TEXT
  5
14BD
100
AcDbEntity
  8
LISTE-6
100
AcDbText
 10
745.17264
 20
419.332826
 30
0.0
 40
3.5
  1
.
 41
0.686
  7
MONOTXT
100
AcDbText
  0
TEXT
  5
14BE
100
AcDbEntity
  8
LISTE-6
100
AcDbText
 10
745.17264
 20
427.247826
 30
0.0
 40
3.5
  1
.
 41
0.686
  7
MONOTXT
100
AcDbText
  0
TEXT
  5
14C2
100
AcDbEntity
  8
LISTE-6
100
AcDbText
 10
745.17264
 20
432.332826
 30
0.0
 40
3.5
  1
.
 41
0.686
  7
MONOTXT
100
AcDbText
  0
TEXT
  5
14C3
100
AcDbEntity
  8
LISTE-6
100
AcDbText
 10
721.47264
 20
454.832826
 30
0.0
 40
5.0
  1
06.020
 72
     1
 11
730.97264
 21
454.832826
 31
0.0
100
AcDbText
  0
TEXT
  5
14C4
100
AcDbEntity
  8
LISTE-6
100
AcDbText
 10
745.17264
 20
453.247826
 30
0.0
 40
3.5
  1
ENGINE SPEED MEASURING POINT
100
AcDbText
  0
TEXT
  5
14C5
100
AcDbEntity
  8
LISTE-6
100
AcDbText
 10
745.17264
 20
458.332826
 30
0.0
 40
3.5
  1
Messstelle, Motordrehzahl
100
AcDbText
  0
TEXT
  5
14C6
100
AcDbEntity
  8
LISTE-6
100
AcDbText
 10
730.97264
 20
467.832826
 30
0.0
 40
5.0
  1
.
 41
0.48
  7
MONOTXT
100
AcDbText
  0
TEXT
  5
14C7
100
AcDbEntity
  8
LISTE-6
100
AcDbText
 10
526.72264
 20
480.832826
 30
0.0
 40
5.0
  1
.
 41
0.48
  7
MONOTXT
100
AcDbText
  0
TEXT
  5
14C8
100
AcDbEntity
  8
LISTE-6
100
AcDbText
 10
526.72264
 20
493.832826
 30
0.0
 40
5.0
  1
.
 41
0.48
  7
MONOTXT
100
AcDbText
  0
TEXT
  5
14C9
100
AcDbEntity
  8
LISTE-6
100
AcDbText
 10
540.92264
 20
484.332826
 30
0.0
 40
3.5
  1
.
 41
0.686
  7
MONOTXT
100
AcDbText
  0
TEXT
  5
14CA
100
AcDbEntity
  8
LISTE-6
100
AcDbText
 10
540.92264
 20
479.247826
 30
0.0
 40
3.5
  1
.
 41
0.686
  7
MONOTXT
100
AcDbText
  0
TEXT
  5
14CB
100
AcDbEntity
  8
LISTE-6
100
AcDbText
 10
540.92264
 20
497.332826
 30
0.0
 40
3.5
  1
.
 41
0.686
  7
MONOTXT
100
AcDbText
  0
TEXT
  5
14CC
100
AcDbEntity
  8
LISTE-6
100
AcDbText
 10
540.92264
 20
492.247826
 30
0.0
 40
3.5
  1
.
 41
0.686
  7
MONOTXT
100
AcDbText
  0
TEXT
  5
14CD
100
AcDbEntity
  8
LISTE-6
100
AcDbText
 10
526.72264
 20
506.832826
 30
0.0
 40
5.0
  1
.
 41
0.48
  7
MONOTXT
100
AcDbText
  0
TEXT
  5
14CE
100
AcDbEntity
  8
LISTE-6
100
AcDbText
 10
526.72264
 20
519.832826
 30
0.0
 40
5.0
  1
.
 41
0.48
  7
MONOTXT
100
AcDbText
  0
TEXT
  5
14CF
100
AcDbEntity
  8
LISTE-6
100
AcDbText
 10
540.92264
 20
510.332826
 30
0.0
 40
3.5
  1
.
 41
0.686
  7
MONOTXT
100
AcDbText
  0
TEXT
  5
14D0
100
AcDbEntity
  8
LISTE-6
100
AcDbText
 10
540.92264
 20
505.247826
 30
0.0
 40
3.5
  1
.
 41
0.686
  7
MONOTXT
100
AcDbText
  0
TEXT
  5
14D1
100
AcDbEntity
  8
LISTE-6
100
AcDbText
 10
540.92264
 20
518.247826
 30
0.0
 40
3.5
  1
.
 41
0.686
  7
MONOTXT
100
AcDbText
  0
TEXT
  5
14D2
100
AcDbEntity
  8
LISTE-6
100
AcDbText
 10
526.72264
 20
532.832826
 30
0.0
 40
5.0
  1
.
 41
0.48
  7
MONOTXT
100
AcDbText
  0
TEXT
  5
14D3
100
AcDbEntity
  8
LISTE-6
100
AcDbText
 10
540.92264
 20
531.247826
 30
0.0
 40
3.5
  1
.
 41
0.686
  7
MONOTXT
100
AcDbText
  0
TEXT
  5
14D4
100
AcDbEntity
  8
LISTE-6
100
AcDbText
 10
540.92264
 20
523.332826
 30
0.0
 40
3.5
  1
.
 41
0.686
  7
MONOTXT
100
AcDbText
  0
TEXT
  5
14D5
100
AcDbEntity
  8
LISTE-6
100
AcDbText
 10
540.92264
 20
536.332826
 30
0.0
 40
3.5
  1
.
 41
0.686
  7
MONOTXT
100
AcDbText
  0
TEXT
  5
14D6
100
AcDbEntity
  8
LISTE-6
100
AcDbText
 10
540.92264
 20
544.247826
 30
0.0
 40
3.5
  1
.
 41
0.686
  7
MONOTXT
100
AcDbText
  0
TEXT
  5
14D7
100
AcDbEntity
  8
LISTE-6
100
AcDbText
 10
526.72264
 20
545.832826
 30
0.0
 40
5.0
  1
.
 41
0.48
  7
MONOTXT
100
AcDbText
  0
TEXT
  5
14D8
100
AcDbEntity
  8
LISTE-6
100
AcDbText
 10
526.72264
 20
558.832826
 30
0.0
 40
5.0
  1
.
 41
0.48
  7
MONOTXT
100
AcDbText
  0
TEXT
  5
14D9
100
AcDbEntity
  8
LISTE-6
100
AcDbText
 10
540.92264
 20
549.332826
 30
0.0
 40
3.5
  1
.
 41
0.686
  7
MONOTXT
100
AcDbText
  0
TEXT
  5
14DA
100
AcDbEntity
  8
LISTE-6
100
AcDbText
 10
540.92264
 20
562.332826
 30
0.0
 40
3.5
  1
.
 41
0.686
  7
MONOTXT
100
AcDbText
  0
TEXT
  5
14DB
100
AcDbEntity
  8
LISTE-6
100
AcDbText
 10
540.92264
 20
557.247826
 30
0.0
 40
3.5
  1
.
 41
0.686
  7
MONOTXT
100
AcDbText
  0
TEXT
  5
14DC
100
AcDbEntity
  8
LISTE-6
100
AcDbText
 10
701.80764
 20
479.990826
 30
0.0
 40
5.0
  1
.
 41
0.879
  7
MONOTXT
100
AcDbText
  0
TEXT
  5
14DD
100
AcDbEntity
  8
LISTE-6
100
AcDbText
 10
707.75364
 20
480.111826
 30
0.0
 40
5.0
  1
.
 41
0.879
  7
MONOTXT
100
AcDbText
  0
TEXT
  5
14DE
100
AcDbEntity
  8
LISTE-6
100
AcDbText
 10
713.79664
 20
479.990826
 30
0.0
 40
5.0
  1
.
 41
0.879
  7
MONOTXT
100
AcDbText
  0
TEXT
  5
14DF
100
AcDbEntity
  8
LISTE-6
100
AcDbText
 10
701.80764
 20
492.990826
 30
0.0
 40
5.0
  1
.
 41
0.879
  7
MONOTXT
100
AcDbText
  0
TEXT
  5
14E0
100
AcDbEntity
  8
LISTE-6
100
AcDbText
 10
707.75364
 20
493.111826
 30
0.0
 40
5.0
  1
.
 41
0.879
  7
MONOTXT
100
AcDbText
  0
TEXT
  5
14E1
100
AcDbEntity
  8
LISTE-6
100
AcDbText
 10
713.79664
 20
492.990826
 30
0.0
 40
5.0
  1
.
 41
0.879
  7
MONOTXT
100
AcDbText
  0
TEXT
  5
14E2
100
AcDbEntity
  8
LISTE-6
100
AcDbText
 10
701.80764
 20
505.990826
 30
0.0
 40
5.0
  1
.
 41
0.879
  7
MONOTXT
100
AcDbText
  0
TEXT
  5
14E3
100
AcDbEntity
  8
LISTE-6
100
AcDbText
 10
707.75364
 20
506.111826
 30
0.0
 40
5.0
  1
.
 41
0.879
  7
MONOTXT
100
AcDbText
  0
TEXT
  5
14E4
100
AcDbEntity
  8
LISTE-6
100
AcDbText
 10
713.79664
 20
505.990826
 30
0.0
 40
5.0
  1
.
 41
0.879
  7
MONOTXT
100
AcDbText
  0
TEXT
  5
14E5
100
AcDbEntity
  8
LISTE-6
100
AcDbText
 10
701.80764
 20
518.990826
 30
0.0
 40
5.0
  1
.
 41
0.879
  7
MONOTXT
100
AcDbText
  0
TEXT
  5
14E6
100
AcDbEntity
  8
LISTE-6
100
AcDbText
 10
707.75364
 20
519.111826
 30
0.0
 40
5.0
  1
.
 41
0.879
  7
MONOTXT
100
AcDbText
  0
TEXT
  5
14E7
100
AcDbEntity
  8
LISTE-6
100
AcDbText
 10
713.79664
 20
518.990826
 30
0.0
 40
5.0
  1
.
 41
0.879
  7
MONOTXT
100
AcDbText
  0
TEXT
  5
14E8
100
AcDbEntity
  8
LISTE-6
100
AcDbText
 10
701.80764
 20
544.990826
 30
0.0
 40
5.0
  1
.
 41
0.879
  7
MONOTXT
100
AcDbText
  0
TEXT
  5
14E9
100
AcDbEntity
  8
LISTE-6
100
AcDbText
 10
707.75364
 20
545.111826
 30
0.0
 40
5.0
  1
.
 41
0.879
  7
MONOTXT
100
AcDbText
  0
TEXT
  5
14EA
100
AcDbEntity
  8
LISTE-6
100
AcDbText
 10
713.79664
 20
544.990826
 30
0.0
 40
5.0
  1
.
 41
0.879
  7
MONOTXT
100
AcDbText
  0
TEXT
  5
14EB
100
AcDbEntity
  8
LISTE-6
100
AcDbText
 10
701.80764
 20
531.990826
 30
0.0
 40
5.0
  1
.
 41
0.879
  7
MONOTXT
100
AcDbText
  0
TEXT
  5
14EC
100
AcDbEntity
  8
LISTE-6
100
AcDbText
 10
707.75364
 20
532.111826
 30
0.0
 40
5.0
  1
.
 41
0.879
  7
MONOTXT
100
AcDbText
  0
TEXT
  5
14ED
100
AcDbEntity
  8
LISTE-6
100
AcDbText
 10
713.79664
 20
531.990826
 30
0.0
 40
5.0
  1
.
 41
0.879
  7
MONOTXT
100
AcDbText
  0
TEXT
  5
14EE
100
AcDbEntity
  8
LISTE-6
100
AcDbText
 10
701.80764
 20
557.990826
 30
0.0
 40
5.0
  1
.
 41
0.879
  7
MONOTXT
100
AcDbText
  0
TEXT
  5
14EF
100
AcDbEntity
  8
LISTE-6
100
AcDbText
 10
707.75364
 20
558.111826
 30
0.0
 40
5.0
  1
.
 41
0.879
  7
MONOTXT
100
AcDbText
  0
TEXT
  5
14F0
100
AcDbEntity
  8
LISTE-6
100
AcDbText
 10
713.79664
 20
557.990826
 30
0.0
 40
5.0
  1
.
 41
0.879
  7
MONOTXT
100
AcDbText
  0
TEXT
  5
14F4
100
AcDbEntity
  8
LISTE-6
100
AcDbText
 10
730.97264
 20
480.832826
 30
0.0
 40
5.0
  1
.
 41
0.48
  7
MONOTXT
100
AcDbText
  0
TEXT
  5
14F5
100
AcDbEntity
  8
LISTE-6
100
AcDbText
 10
745.17264
 20
479.247826
 30
0.0
 40
3.5
  1
.
 41
0.686
  7
MONOTXT
100
AcDbText
  0
TEXT
  5
14F6
100
AcDbEntity
  8
LISTE-6
100
AcDbText
 10
745.17264
 20
484.332826
 30
0.0
 40
3.5
  1
.
 41
0.686
  7
MONOTXT
100
AcDbText
  0
TEXT
  5
14F7
100
AcDbEntity
  8
LISTE-6
100
AcDbText
 10
745.17264
 20
510.332826
 30
0.0
 40
3.5
  1
.
 41
0.686
  7
MONOTXT
100
AcDbText
  0
TEXT
  5
14F8
100
AcDbEntity
  8
LISTE-6
100
AcDbText
 10
730.97264
 20
506.832826
 30
0.0
 40
5.0
  1
.
 41
0.48
  7
MONOTXT
100
AcDbText
  0
TEXT
  5
14F9
100
AcDbEntity
  8
LISTE-6
100
AcDbText
 10
745.17264
 20
505.247826
 30
0.0
 40
3.5
  1
.
 41
0.686
  7
MONOTXT
100
AcDbText
  0
TEXT
  5
14FA
100
AcDbEntity
  8
LISTE-6
100
AcDbText
 10
721.100593
 20
519.832826
 30
0.0
 40
5.0
  1
07.046
 72
     1
 11
730.97264
 21
519.832826
 31
0.0
100
AcDbText
  0
TEXT
  5
14FB
100
AcDbEntity
  8
LISTE-6
100
AcDbText
 10
745.17264
 20
518.247826
 30
0.0
 40
3.5
  1
SPEED SETTING UNIT, MANUAL
100
AcDbText
  0
TEXT
  5
14FC
100
AcDbEntity
  8
LISTE-6
100
AcDbText
 10
721.224609
 20
532.832826
 30
0.0
 40
5.0
  1
07.047
 72
     1
 11
730.97264
 21
532.832826
 31
0.0
100
AcDbText
  0
TEXT
  5
14FD
100
AcDbEntity
  8
LISTE-6
100
AcDbText
 10
745.17264
 20
531.247826
 30
0.0
 40
3.5
  1
SPEED SETTING LEVER
100
AcDbText
  0
TEXT
  5
14FE
100
AcDbEntity
  8
LISTE-6
100
AcDbText
 10
745.17264
 20
523.332826
 30
0.0
 40
3.5
  1
Sollwerteinstellgeraet manuell
100
AcDbText
  0
TEXT
  5
14FF
100
AcDbEntity
  8
LISTE-6
100
AcDbText
 10
745.17264
 20
544.247826
 30
0.0
 40
3.5
  1
SHUTDOWN LEVER
100
AcDbText
  0
TEXT
  5
1500
100
AcDbEntity
  8
LISTE-6
100
AcDbText
 10
745.17264
 20
536.332826
 30
0.0
 40
3.5
  1
Sollwerteinstellhebel
100
AcDbText
  0
TEXT
  5
1501
100
AcDbEntity
  8
LISTE-6
100
AcDbText
 10
721.224609
 20
545.832826
 30
0.0
 40
5.0
  1
07.048
 72
     1
 11
730.97264
 21
545.832826
 31
0.0
100
AcDbText
  0
TEXT
  5
1502
100
AcDbEntity
  8
LISTE-6
100
AcDbText
 10
745.17264
 20
549.332826
 30
0.0
 40
3.5
  1
Abstellhebel
100
AcDbText
  0
TEXT
  5
1503
100
AcDbEntity
  8
LISTE-6
100
AcDbText
 10
730.97264
 20
558.832826
 30
0.0
 40
5.0
  1
.
 41
0.48
  7
MONOTXT
100
AcDbText
  0
TEXT
  5
1504
100
AcDbEntity
  8
LISTE-6
100
AcDbText
 10
745.17264
 20
562.332826
 30
0.0
 40
3.5
  1
.
 41
0.686
  7
MONOTXT
100
AcDbText
  0
TEXT
  5
1505
100
AcDbEntity
  8
LISTE-6
100
AcDbText
 10
745.17264
 20
557.247826
 30
0.0
 40
3.5
  1
.
 41
0.686
  7
MONOTXT
100
AcDbText
  0
TEXT
  5
1507
100
AcDbEntity
  8
LISTE-6
100
AcDbText
 10
906.05764
 20
297.990826
 30
0.0
 40
5.0
  1
.
 41
0.879
  7
MONOTXT
100
AcDbText
  0
TEXT
  5
1509
100
AcDbEntity
  8
LISTE-6
100
AcDbText
 10
906.05764
 20
336.990826
 30
0.0
 40
5.0
  1
.
 41
0.879
  7
MONOTXT
100
AcDbText
  0
TEXT
  5
150A
100
AcDbEntity
  8
LISTE-6
100
AcDbText
 10
906.05764
 20
349.990826
 30
0.0
 40
5.0
  1
.
 41
0.879
  7
MONOTXT
100
AcDbText
  0
TEXT
  5
150C
100
AcDbEntity
  8
LISTE-6
100
AcDbText
 10
906.05764
 20
362.990826
 30
0.0
 40
5.0
  1
.
 41
0.879
  7
MONOTXT
100
AcDbText
  0
TEXT
  5
150D
100
AcDbEntity
  8
LISTE-6
100
AcDbText
 10
906.05764
 20
375.990826
 30
0.0
 40
5.0
  1
.
 41
0.879
  7
MONOTXT
100
AcDbText
  0
TEXT
  5
150E
100
AcDbEntity
  8
LISTE-6
100
AcDbText
 10
906.05764
 20
388.990826
 30
0.0
 40
5.0
  1
.
 41
0.879
  7
MONOTXT
100
AcDbText
  0
TEXT
  5
150F
100
AcDbEntity
  8
LISTE-6
100
AcDbText
 10
906.05764
 20
401.990826
 30
0.0
 40
5.0
  1
.
 41
0.879
  7
MONOTXT
100
AcDbText
  0
TEXT
  5
1510
100
AcDbEntity
  8
LISTE-6
100
AcDbText
 10
906.05764
 20
414.990826
 30
0.0
 40
5.0
  1
.
 41
0.879
  7
MONOTXT
100
AcDbText
  0
TEXT
  5
1511
100
AcDbEntity
  8
LISTE-6
100
AcDbText
 10
906.05764
 20
427.990826
 30
0.0
 40
5.0
  1
.
 41
0.879
  7
MONOTXT
100
AcDbText
  0
TEXT
  5
1512
100
AcDbEntity
  8
LISTE-6
100
AcDbText
 10
906.05764
 20
440.990826
 30
0.0
 40
5.0
  1
1
100
AcDbText
  0
TEXT
  5
1513
100
AcDbEntity
  8
LISTE-6
100
AcDbText
 10
906.05764
 20
453.990826
 30
0.0
 40
5.0
  1
1
100
AcDbText
  0
TEXT
  5
1514
100
AcDbEntity
  8
LISTE-6
100
AcDbText
 10
906.05764
 20
466.990826
 30
0.0
 40
5.0
  1
.
 41
0.879
  7
MONOTXT
100
AcDbText
  0
TEXT
  5
1515
100
AcDbEntity
  8
LISTE-6
100
AcDbText
 10
912.00364
 20
298.111826
 30
0.0
 40
5.0
  1
.
 41
0.879
  7
MONOTXT
100
AcDbText
  0
TEXT
  5
1516
100
AcDbEntity
  8
LISTE-6
100
AcDbText
 10
918.04664
 20
297.990826
 30
0.0
 40
5.0
  1
.
 41
0.879
  7
MONOTXT
100
AcDbText
  0
TEXT
  5
1517
100
AcDbEntity
  8
LISTE-6
100
AcDbText
 10
912.00364
 20
311.111826
 30
0.0
 40
5.0
  1
2
100
AcDbText
  0
TEXT
  5
1518
100
AcDbEntity
  8
LISTE-6
100
AcDbText
 10
918.04664
 20
310.990826
 30
0.0
 40
5.0
  1
.
 41
0.879
  7
MONOTXT
100
AcDbText
  0
TEXT
  5
1519
100
AcDbEntity
  8
LISTE-6
100
AcDbText
 10
912.00364
 20
324.111826
 30
0.0
 40
5.0
  1
2
100
AcDbText
  0
TEXT
  5
151A
100
AcDbEntity
  8
LISTE-6
100
AcDbText
 10
918.04664
 20
323.990826
 30
0.0
 40
5.0
  1
.
 41
0.879
  7
MONOTXT
100
AcDbText
  0
TEXT
  5
151B
100
AcDbEntity
  8
LISTE-6
100
AcDbText
 10
912.00364
 20
337.111826
 30
0.0
 40
5.0
  1
2
100
AcDbText
  0
TEXT
  5
151C
100
AcDbEntity
  8
LISTE-6
100
AcDbText
 10
918.04664
 20
336.990826
 30
0.0
 40
5.0
  1
.
 41
0.879
  7
MONOTXT
100
AcDbText
  0
TEXT
  5
151D
100
AcDbEntity
  8
LISTE-6
100
AcDbText
 10
912.00364
 20
350.111826
 30
0.0
 40
5.0
  1
.
 41
0.879
  7
MONOTXT
100
AcDbText
  0
TEXT
  5
151E
100
AcDbEntity
  8
LISTE-6
100
AcDbText
 10
918.04664
 20
349.990826
 30
0.0
 40
5.0
  1
.
 41
0.879
  7
MONOTXT
100
AcDbText
  0
TEXT
  5
151F
100
AcDbEntity
  8
LISTE-6
100
AcDbText
 10
912.00364
 20
363.111826
 30
0.0
 40
5.0
  1
.
 41
0.879
  7
MONOTXT
100
AcDbText
  0
TEXT
  5
1520
100
AcDbEntity
  8
LISTE-6
100
AcDbText
 10
918.04664
 20
362.990826
 30
0.0
 40
5.0
  1
.
 41
0.879
  7
MONOTXT
100
AcDbText
  0
TEXT
  5
1521
100
AcDbEntity
  8
LISTE-6
100
AcDbText
 10
912.00364
 20
376.111826
 30
0.0
 40
5.0
  1
.
 41
0.879
  7
MONOTXT
100
AcDbText
  0
TEXT
  5
1522
100
AcDbEntity
  8
LISTE-6
100
AcDbText
 10
918.04664
 20
375.990826
 30
0.0
 40
5.0
  1
.
 41
0.879
  7
MONOTXT
100
AcDbText
  0
TEXT
  5
1524
100
AcDbEntity
  8
LISTE-6
100
AcDbText
 10
912.00364
 20
389.111826
 30
0.0
 40
5.0
  1
.
 41
0.879
  7
MONOTXT
100
AcDbText
  0
TEXT
  5
1525
100
AcDbEntity
  8
LISTE-6
100
AcDbText
 10
918.04664
 20
388.990826
 30
0.0
 40
5.0
  1
.
 41
0.879
  7
MONOTXT
100
AcDbText
  0
TEXT
  5
1526
100
AcDbEntity
  8
LISTE-6
100
AcDbText
 10
918.04664
 20
401.990826
 30
0.0
 40
5.0
  1
.
 41
0.879
  7
MONOTXT
100
AcDbText
  0
TEXT
  5
1527
100
AcDbEntity
  8
LISTE-6
100
AcDbText
 10
918.04664
 20
414.990826
 30
0.0
 40
5.0
  1
.
 41
0.879
  7
MONOTXT
100
AcDbText
  0
TEXT
  5
1528
100
AcDbEntity
  8
LISTE-6
100
AcDbText
 10
912.00364
 20
415.111826
 30
0.0
 40
5.0
  1
.
 41
0.879
  7
MONOTXT
100
AcDbText
  0
TEXT
  5
1529
100
AcDbEntity
  8
LISTE-6
100
AcDbText
 10
918.04664
 20
427.990826
 30
0.0
 40
5.0
  1
.
 41
0.879
  7
MONOTXT
100
AcDbText
  0
TEXT
  5
152A
100
AcDbEntity
  8
LISTE-6
100
AcDbText
 10
912.00364
 20
428.111826
 30
0.0
 40
5.0
  1
.
 41
0.879
  7
MONOTXT
100
AcDbText
  0
TEXT
  5
152C
100
AcDbEntity
  8
LISTE-6
100
AcDbText
 10
918.04664
 20
440.990826
 30
0.0
 40
5.0
  1
.
 41
0.879
  7
MONOTXT
100
AcDbText
  0
TEXT
  5
152D
100
AcDbEntity
  8
LISTE-6
100
AcDbText
 10
912.00364
 20
454.111826
 30
0.0
 40
5.0
  1
.
 41
0.879
  7
MONOTXT
100
AcDbText
  0
TEXT
  5
152E
100
AcDbEntity
  8
LISTE-6
100
AcDbText
 10
918.04664
 20
453.990826
 30
0.0
 40
5.0
  1
.
 41
0.879
  7
MONOTXT
100
AcDbText
  0
TEXT
  5
152F
100
AcDbEntity
  8
LISTE-6
100
AcDbText
 10
912.00364
 20
467.111826
 30
0.0
 40
5.0
  1
.
 41
0.879
  7
MONOTXT
100
AcDbText
  0
TEXT
  5
1530
100
AcDbEntity
  8
LISTE-6
100
AcDbText
 10
918.04664
 20
466.990826
 30
0.0
 40
5.0
  1
.
 41
0.879
  7
MONOTXT
100
AcDbText
  0
TEXT
  5
1531
100
AcDbEntity
  8
LISTE-6
100
AcDbText
 10
906.05764
 20
479.990826
 30
0.0
 40
5.0
  1
.
 41
0.879
  7
MONOTXT
100
AcDbText
  0
TEXT
  5
1532
100
AcDbEntity
  8
LISTE-6
100
AcDbText
 10
906.05764
 20
492.990826
 30
0.0
 40
5.0
  1
1
100
AcDbText
  0
TEXT
  5
1533
100
AcDbEntity
  8
LISTE-6
100
AcDbText
 10
906.05764
 20
505.990826
 30
0.0
 40
5.0
  1
.
 41
0.879
  7
MONOTXT
100
AcDbText
  0
TEXT
  5
1534
100
AcDbEntity
  8
LISTE-6
100
AcDbText
 10
906.05764
 20
518.990826
 30
0.0
 40
5.0
  1
1
100
AcDbText
  0
TEXT
  5
1535
100
AcDbEntity
  8
LISTE-6
100
AcDbText
 10
906.05764
 20
544.990826
 30
0.0
 40
5.0
  1
.
 41
0.879
  7
MONOTXT
100
AcDbText
  0
TEXT
  5
1536
100
AcDbEntity
  8
LISTE-6
100
AcDbText
 10
906.05764
 20
544.990826
 30
0.0
 40
5.0
  1
.
 41
0.879
  7
MONOTXT
100
AcDbText
  0
TEXT
  5
1537
100
AcDbEntity
  8
LISTE-6
100
AcDbText
 10
906.05764
 20
531.990826
 30
0.0
 40
5.0
  1
.
 41
0.879
  7
MONOTXT
100
AcDbText
  0
TEXT
  5
1538
100
AcDbEntity
  8
LISTE-6
100
AcDbText
 10
906.05764
 20
557.990826
 30
0.0
 40
5.0
  1
.
 41
0.879
  7
MONOTXT
100
AcDbText
  0
TEXT
  5
1539
100
AcDbEntity
  8
LISTE-6
100
AcDbText
 10
912.00364
 20
480.111826
 30
0.0
 40
5.0
  1
.
 41
0.879
  7
MONOTXT
100
AcDbText
  0
TEXT
  5
153A
100
AcDbEntity
  8
LISTE-6
100
AcDbText
 10
918.04664
 20
479.990826
 30
0.0
 40
5.0
  1
.
 41
0.879
  7
MONOTXT
100
AcDbText
  0
TEXT
  5
153C
100
AcDbEntity
  8
LISTE-6
100
AcDbText
 10
918.04664
 20
492.990826
 30
0.0
 40
5.0
  1
.
 41
0.879
  7
MONOTXT
100
AcDbText
  0
TEXT
  5
153D
100
AcDbEntity
  8
LISTE-6
100
AcDbText
 10
912.00364
 20
506.111826
 30
0.0
 40
5.0
  1
.
 41
0.879
  7
MONOTXT
100
AcDbText
  0
TEXT
  5
153E
100
AcDbEntity
  8
LISTE-6
100
AcDbText
 10
918.04664
 20
505.990826
 30
0.0
 40
5.0
  1
.
 41
0.879
  7
MONOTXT
100
AcDbText
  0
TEXT
  5
153F
100
AcDbEntity
  8
LISTE-6
100
AcDbText
 10
912.00364
 20
519.111826
 30
0.0
 40
5.0
  1
.
 41
0.879
  7
MONOTXT
100
AcDbText
  0
TEXT
  5
1540
100
AcDbEntity
  8
LISTE-6
100
AcDbText
 10
918.04664
 20
518.990826
 30
0.0
 40
5.0
  1
.
 41
0.879
  7
MONOTXT
100
AcDbText
  0
TEXT
  5
1541
100
AcDbEntity
  8
LISTE-6
100
AcDbText
 10
912.00364
 20
545.111826
 30
0.0
 40
5.0
  1
2
100
AcDbText
  0
TEXT
  5
1542
100
AcDbEntity
  8
LISTE-6
100
AcDbText
 10
918.04664
 20
544.990826
 30
0.0
 40
5.0
  1
.
 41
0.879
  7
MONOTXT
100
AcDbText
  0
TEXT
  5
1543
100
AcDbEntity
  8
LISTE-6
100
AcDbText
 10
918.04664
 20
531.990826
 30
0.0
 40
5.0
  1
.
 41
0.879
  7
MONOTXT
100
AcDbText
  0
TEXT
  5
1544
100
AcDbEntity
  8
LISTE-6
100
AcDbText
 10
912.00364
 20
532.111826
 30
0.0
 40
5.0
  1
2
100
AcDbText
  0
TEXT
  5
1545
100
AcDbEntity
  8
LISTE-6
100
AcDbText
 10
912.00364
 20
558.111826
 30
0.0
 40
5.0
  1
.
 41
0.879
  7
MONOTXT
100
AcDbText
  0
TEXT
  5
1546
100
AcDbEntity
  8
LISTE-6
100
AcDbText
 10
918.04664
 20
557.990826
 30
0.0
 40
5.0
  1
.
 41
0.879
  7
MONOTXT
100
AcDbText
  0
LWPOLYLINE
  5
154F
100
AcDbEntity
  8
VIEW
100
AcDbPolyline
 90
        4
 70
     1
 43
0.0
 10
104.807709
 20
105.884936
 10
930.58721
 20
105.884936
 10
930.58721
 20
571.997967
 10
104.807709
 20
571.997967
1001
GENIUS_GENSCREG_13
1040
1.0
1040
1.0
1011
104.807709
1021
105.884936
1031
0.0
1011
930.58721
1021
571.997967
1031
0.0
1001
GENIUS_GENODEF_13
1002
{
1000
HIER
1070
     0
1002
}
1002
{
1000
MANEDIT
1070
     0
1002
}
1002
{
1000
NOSEL
1070
     0
1002
}
1002
{
1000
BEHIND
1070
     0
1002
}
1002
{
1000
REACTOR
1002
}
1001
GENIUS_GENOBJ-N-SDF_13
1002
{
1000
OWNER
1000
GEN
1002
}
  0
TEXT
  5
1D05
100
AcDbEntity
  8
LISTE-6
100
AcDbText
 10
132.42264
 20
544.252826
 30
0.0
 40
3.5
  1
ENGINE MOUNTING, TIMING END
100
AcDbText
  0
TEXT
  5
1D06
100
AcDbEntity
  8
LISTE-6
100
AcDbText
 10
132.42264
 20
549.332826
 30
0.0
 40
3.5
  1
Motorlagerung KGS
100
AcDbText
  0
TEXT
  5
1D07
100
AcDbEntity
  8
LISTE-6
100
AcDbText
 10
109.162109
 20
545.832826
 30
0.0
 40
5.0
  1
23.016
 72
     1
 11
118.22264
 21
545.832826
 31
0.0
100
AcDbText
  0
TEXT
  5
1D09
100
AcDbEntity
  8
LISTE-6
100
AcDbText
 10
132.42264
 20
531.252826
 30
0.0
 40
3.5
  1
ENGINE LIFTING EYES
100
AcDbText
  0
TEXT
  5
1D0A
100
AcDbEntity
  8
LISTE-6
100
AcDbText
 10
132.42264
 20
536.332826
 30
0.0
 40
3.5
  1
Motoraufhaengeoesen
100
AcDbText
  0
TEXT
  5
1D0B
100
AcDbEntity
  8
LISTE-6
100
AcDbText
 10
109.182571
 20
532.832826
 30
0.0
 40
5.0
  1
23.015
 72
     1
 11
118.22264
 21
532.832826
 31
0.0
100
AcDbText
  0
TEXT
  5
1D0D
100
AcDbEntity
  8
LISTE-6
100
AcDbText
 10
132.42264
 20
518.252826
 30
0.0
 40
3.5
  1
.
 41
0.686
  7
MONOTXT
100
AcDbText
  0
TEXT
  5
1D0E
100
AcDbEntity
  8
LISTE-6
100
AcDbText
 10
132.42264
 20
523.332826
 30
0.0
 40
3.5
  1
.
 41
0.686
  7
MONOTXT
100
AcDbText
  0
TEXT
  5
1D0F
100
AcDbEntity
  8
LISTE-6
100
AcDbText
 10
118.22264
 20
519.832826
 30
0.0
 40
5.0
  1
.
 41
0.48
  7
MONOTXT
100
AcDbText
  0
TEXT
  5
1D11
100
AcDbEntity
  8
LISTE-6
100
AcDbText
 10
132.42264
 20
505.252826
 30
0.0
 40
3.5
  1
SPECIAL EQUIPMENT
100
AcDbText
  0
TEXT
  5
1D12
100
AcDbEntity
  8
LISTE-6
100
AcDbText
 10
132.42264
 20
510.332826
 30
0.0
 40
3.5
  1
Sondereinbauten
100
AcDbText
  0
TEXT
  5
1D14
100
AcDbEntity
  8
LISTE-6
100
AcDbText
 10
118.22264
 20
376.832826
 30
0.0
 40
5.0
  1
.
 41
0.48
  7
MONOTXT
100
AcDbText
  0
TEXT
  5
1D15
100
AcDbEntity
  8
LISTE-6
100
AcDbText
 10
132.42264
 20
380.332826
 30
0.0
 40
3.5
  1
.
 41
0.686
  7
MONOTXT
100
AcDbText
  0
TEXT
  5
1D16
100
AcDbEntity
  8
LISTE-6
100
AcDbText
 10
132.42264
 20
375.252826
 30
0.0
 40
3.5
  1
.
 41
0.686
  7
MONOTXT
100
AcDbText
  0
TEXT
  5
1D18
100
AcDbEntity
  8
LISTE-6
100
AcDbText
 10
132.42264
 20
367.332826
 30
0.0
 40
3.5
  1
.
 41
0.686
  7
MONOTXT
100
AcDbText
  0
TEXT
  5
1D19
100
AcDbEntity
  8
LISTE-6
100
AcDbText
 10
132.42264
 20
362.252826
 30
0.0
 40
3.5
  1
.
 41
0.686
  7
MONOTXT
100
AcDbText
  0
TEXT
  5
1D1B
100
AcDbEntity
  8
LISTE-6
100
AcDbText
 10
132.42264
 20
341.332826
 30
0.0
 40
3.5
  1
Anschluss, Motorkuehlwassereintritt Nebenwasserkreislauf
100
AcDbText
  0
TEXT
  5
1D1C
100
AcDbEntity
  8
LISTE-6
100
AcDbText
 10
132.42264
 20
336.252826
 30
0.0
 40
3.5
  1
CONNECTION, ENGINE COOLANT INLET, BYPASS SYSTEM
100
AcDbText
  0
TEXT
  5
1D1D
100
AcDbEntity
  8
LISTE-6
100
AcDbText
 10
108.536124
 20
337.832826
 30
0.0
 40
5.0
  1
20.074
 72
     1
 11
118.22264
 21
337.832826
 31
0.0
100
AcDbText
  0
TEXT
  5
1D1F
100
AcDbEntity
  8
LISTE-6
100
AcDbText
 10
132.42264
 20
323.252826
 30
0.0
 40
3.5
  1
.
 41
0.686
  7
MONOTXT
100
AcDbText
  0
TEXT
  5
1D20
100
AcDbEntity
  8
LISTE-6
100
AcDbText
 10
132.42264
 20
328.332826
 30
0.0
 40
3.5
  1
.
 41
0.686
  7
MONOTXT
100
AcDbText
  0
TEXT
  5
1D21
100
AcDbEntity
  8
LISTE-6
100
AcDbText
 10
118.22264
 20
324.832826
 30
0.0
 40
5.0
  1
.
 41
0.48
  7
MONOTXT
100
AcDbText
  0
TEXT
  5
1D23
100
AcDbEntity
  8
LISTE-6
100
AcDbText
 10
132.42264
 20
315.332826
 30
0.0
 40
3.5
  1
.
 41
0.686
  7
MONOTXT
100
AcDbText
  0
TEXT
  5
1D24
100
AcDbEntity
  8
LISTE-6
100
AcDbText
 10
132.42264
 20
310.252826
 30
0.0
 40
3.5
  1
.
 41
0.686
  7
MONOTXT
100
AcDbText
  0
TEXT
  5
1D25
100
AcDbEntity
  8
LISTE-6
100
AcDbText
 10
118.22264
 20
311.832826
 30
0.0
 40
5.0
  1
.
 41
0.48
  7
MONOTXT
100
AcDbText
  0
TEXT
  5
1D27
100
AcDbEntity
  8
LISTE-6
100
AcDbText
 10
132.42264
 20
263.332826
 30
0.0
 40
3.5
  1
Anschluss, Motorkuehlwasser-Ausgleichsleitung
100
AcDbText
  0
TEXT
  5
1D28
100
AcDbEntity
  8
LISTE-6
100
AcDbText
 10
132.42264
 20
258.253826
 30
0.0
 40
3.5
  1
CONNECTION, COOLANT EXPANSION LINE
100
AcDbText
  0
TEXT
  5
1D29
100
AcDbEntity
  8
LISTE-6
100
AcDbText
 10
108.357141
 20
259.832826
 30
0.0
 40
5.0
  1
20.049
 72
     1
 11
118.22264
 21
259.832826
 31
0.0
100
AcDbText
  0
TEXT
  5
1D2B
100
AcDbEntity
  8
LISTE-6
100
AcDbText
 10
132.42264
 20
250.332826
 30
0.0
 40
3.5
  1
.
 41
0.686
  7
MONOTXT
100
AcDbText
  0
TEXT
  5
1D2C
100
AcDbEntity
  8
LISTE-6
100
AcDbText
 10
132.42264
 20
245.253826
 30
0.0
 40
3.5
  1
.
 41
0.686
  7
MONOTXT
100
AcDbText
  0
TEXT
  5
1D2D
100
AcDbEntity
  8
LISTE-6
100
AcDbText
 10
118.22264
 20
246.832826
 30
0.0
 40
5.0
  1
.
 41
0.48
  7
MONOTXT
100
AcDbText
  0
TEXT
  5
1D2F
100
AcDbEntity
  8
LISTE-6
100
AcDbText
 10
132.42264
 20
237.332826
 30
0.0
 40
3.5
  1
Anschluss, Vorwaermleitungseintritt Motor
100
AcDbText
  0
TEXT
  5
1D30
100
AcDbEntity
  8
LISTE-6
100
AcDbText
 10
132.42264
 20
232.253826
 30
0.0
 40
3.5
  1
INLET CONNECTION, PREHEATING LINE
100
AcDbText
  0
TEXT
  5
1D32
100
AcDbEntity
  8
LISTE-6
100
AcDbText
 10
108.607141
 20
233.832826
 30
0.0
 40
5.0
  1
20.029
 72
     1
 11
118.22264
 21
233.832826
 31
0.0
100
AcDbText
  0
TEXT
  5
1D34
100
AcDbEntity
  8
LISTE-6
100
AcDbText
 10
132.42264
 20
211.333826
 30
0.0
 40
3.5
  1
Anschluss, Kuehlwassereintritt vom Kuehler
100
AcDbText
  0
TEXT
  5
1D35
100
AcDbEntity
  8
LISTE-6
100
AcDbText
 10
132.42264
 20
206.253826
 30
0.0
 40
3.5
  1
CONNECTION, COOLANT FROM COOLER
100
AcDbText
  0
TEXT
  5
1D36
100
AcDbEntity
  8
LISTE-6
100
AcDbText
 10
108.786124
 20
207.833826
 30
0.0
 40
5.0
  1
20.027
 72
     1
 11
118.22264
 21
207.833826
 31
0.0
100
AcDbText
  0
TEXT
  5
1D37
100
AcDbEntity
  8
LISTE-6
100
AcDbText
 10
132.42264
 20
198.333826
 30
0.0
 40
3.5
  1
Anschluss, Kuehlwasseraustritt zum Kuehler
100
AcDbText
  0
TEXT
  5
1D38
100
AcDbEntity
  8
LISTE-6
100
AcDbText
 10
132.42264
 20
193.253826
 30
0.0
 40
3.5
  1
CONNECTION, COOLANT TO COOLER
100
AcDbText
  0
TEXT
  5
1D39
100
AcDbEntity
  8
LISTE-6
100
AcDbText
 10
108.662109
 20
194.833826
 30
0.0
 40
5.0
  1
20.026
 72
     1
 11
118.22264
 21
194.833826
 31
0.0
100
AcDbText
  0
TEXT
  5
1D3A
100
AcDbEntity
  8
LISTE-6
100
AcDbText
 10
132.42264
 20
185.333826
 30
0.0
 40
3.5
  1
Ablasschraube, Motorkuehlwasser
100
AcDbText
  0
TEXT
  5
1D3B
100
AcDbEntity
  8
LISTE-6
100
AcDbText
 10
132.42264
 20
180.253826
 30
0.0
 40
3.5
  1
COOLANT DRAIN PLUG
100
AcDbText
  0
TEXT
  5
1D3C
100
AcDbEntity
  8
LISTE-6
100
AcDbText
 10
109.107141
 20
181.833826
 30
0.0
 40
5.0
  1
20.019
 72
     1
 11
118.22264
 21
181.833826
 31
0.0
100
AcDbText
  0
TEXT
  5
1D3D
100
AcDbEntity
  8
LISTE-6
100
AcDbText
 10
132.42264
 20
172.333826
 30
0.0
 40
3.5
  1
.
 41
0.686
  7
MONOTXT
100
AcDbText
  0
TEXT
  5
1D3E
100
AcDbEntity
  8
LISTE-6
100
AcDbText
 10
132.42264
 20
167.253826
 30
0.0
 40
3.5
  1
.
 41
0.686
  7
MONOTXT
100
AcDbText
  0
TEXT
  5
1D3F
100
AcDbEntity
  8
LISTE-6
100
AcDbText
 10
118.22264
 20
168.833826
 30
0.0
 40
5.0
  1
.
 41
0.48
  7
MONOTXT
100
AcDbText
  0
TEXT
  5
1D40
100
AcDbEntity
  8
LISTE-6
100
AcDbText
 10
132.42264
 20
159.333826
 30
0.0
 40
3.5
  1
Temperaturregler, Motorkuehlwasser
100
AcDbText
  0
TEXT
  5
1D41
100
AcDbEntity
  8
LISTE-6
100
AcDbText
 10
132.42264
 20
154.253826
 30
0.0
 40
3.5
  1
COOLANT THERMOSTAT
100
AcDbText
  0
TEXT
  5
1D42
100
AcDbEntity
  8
LISTE-6
100
AcDbText
 10
108.635977
 20
155.833826
 30
0.0
 40
5.0
  1
20.002
 72
     1
 11
118.22264
 21
155.833826
 31
0.0
100
AcDbText
  0
TEXT
  5
1D44
100
AcDbEntity
  8
LISTE-6
100
AcDbText
 10
132.42264
 20
141.253826
 30
0.0
 40
3.5
  1
COOLANT PUMP
100
AcDbText
  0
TEXT
  5
1D45
100
AcDbEntity
  8
LISTE-6
100
AcDbText
 10
132.42264
 20
146.333826
 30
0.0
 40
3.5
  1
Motorkuehlwasserpumpe
100
AcDbText
  0
TEXT
  5
1D46
100
AcDbEntity
  8
LISTE-6
100
AcDbText
 10
109.286124
 20
142.833826
 30
0.0
 40
5.0
  1
20.001
 72
     1
 11
118.22264
 21
142.833826
 31
0.0
100
AcDbText
  0
TEXT
  5
1D48
100
AcDbEntity
  8
LISTE-6
100
AcDbText
 10
132.42264
 20
133.333826
 30
0.0
 40
3.5
  1
Motorkuehlung
100
AcDbText
  0
TEXT
  5
1D49
100
AcDbEntity
  8
LISTE-6
100
AcDbText
 10
132.42264
 20
128.253826
 30
0.0
 40
3.5
  1
ENGINE COOLING SYSTEM
100
AcDbText
  0
TEXT
  5
1D4B
100
AcDbEntity
  8
LISTE-6
100
AcDbText
 10
299.25364
 20
558.111826
 30
0.0
 40
5.0
  1
2
100
AcDbText
  0
TEXT
  5
1D4D
100
AcDbEntity
  8
LISTE-6
100
AcDbText
 10
293.30764
 20
531.990826
 30
0.0
 40
5.0
  1
1
100
AcDbText
  0
TEXT
  5
1D4E
100
AcDbEntity
  8
LISTE-6
100
AcDbText
 10
299.25364
 20
532.111826
 30
0.0
 40
5.0
  1
2
100
AcDbText
  0
TEXT
  5
1D50
100
AcDbEntity
  8
LISTE-6
100
AcDbText
 10
299.25364
 20
519.111826
 30
0.0
 40
5.0
  1
.
 41
0.879
  7
MONOTXT
100
AcDbText
  0
TEXT
  5
1D51
100
AcDbEntity
  8
LISTE-6
100
AcDbText
 10
293.30764
 20
518.990826
 30
0.0
 40
5.0
  1
.
 41
0.879
  7
MONOTXT
100
AcDbText
  0
TEXT
  5
1D53
100
AcDbEntity
  8
LISTE-6
100
AcDbText
 10
322.47264
 20
480.832826
 30
0.0
 40
5.0
  1

 41
0.48
  7
MONOTXT
100
AcDbText
  0
TEXT
  5
1D54
100
AcDbEntity
  8
LISTE-6
100
AcDbText
 10
322.47264
 20
467.832826
 30
0.0
 40
5.0
  1
.
 41
0.48
  7
MONOTXT
100
AcDbText
  0
TEXT
  5
1D56
100
AcDbEntity
  8
LISTE-6
100
AcDbText
 10
336.67264
 20
471.332826
 30
0.0
 40
3.5
  1
.
 41
0.686
  7
MONOTXT
100
AcDbText
  0
TEXT
  5
1D57
100
AcDbEntity
  8
LISTE-6
100
AcDbText
 10
336.67264
 20
466.252826
 30
0.0
 40
3.5
  1
.
 41
0.686
  7
MONOTXT
100
AcDbText
  0
TEXT
  5
1D58
100
AcDbEntity
  8
LISTE-6
100
AcDbText
 10
336.67264
 20
445.332826
 30
0.0
 40
3.5
  1
.
 41
0.686
  7
MONOTXT
100
AcDbText
  0
TEXT
  5
1D59
100
AcDbEntity
  8
LISTE-6
100
AcDbText
 10
336.67264
 20
440.252826
 30
0.0
 40
3.5
  1
.
 41
0.686
  7
MONOTXT
100
AcDbText
  0
TEXT
  5
1D5A
100
AcDbEntity
  8
LISTE-6
100
AcDbText
 10
336.67264
 20
419.332826
 30
0.0
 40
3.5
  1
.
 41
0.686
  7
MONOTXT
100
AcDbText
  0
TEXT
  5
1D5B
100
AcDbEntity
  8
LISTE-6
100
AcDbText
 10
336.67264
 20
414.252826
 30
0.0
 40
3.5
  1
.
 41
0.686
  7
MONOTXT
100
AcDbText
  0
TEXT
  5
1D5C
100
AcDbEntity
  8
LISTE-6
100
AcDbText
 10
336.67264
 20
406.332826
 30
0.0
 40
3.5
  1
Ablasschraube, Schmieroelfilter
100
AcDbText
  0
TEXT
  5
1D5D
100
AcDbEntity
  8
LISTE-6
100
AcDbText
 10
336.67264
 20
401.252826
 30
0.0
 40
3.5
  1
DRAIN PLUG, LUBE OIL FILTER
100
AcDbText
  0
TEXT
  5
1D5E
100
AcDbEntity
  8
LISTE-6
100
AcDbText
 10
336.67264
 20
393.332826
 30
0.0
 40
3.5
  1
.
 41
0.686
  7
MONOTXT
100
AcDbText
  0
TEXT
  5
1D5F
100
AcDbEntity
  8
LISTE-6
100
AcDbText
 10
336.67264
 20
388.252826
 30
0.0
 40
3.5
  1
.
 41
0.686
  7
MONOTXT
100
AcDbText
  0
TEXT
  5
1D61
100
AcDbEntity
  8
LISTE-6
100
AcDbText
 10
322.47264
 20
441.832826
 30
0.0
 40
5.0
  1
.
 41
0.48
  7
MONOTXT
100
AcDbText
  0
TEXT
  5
1D63
100
AcDbEntity
  8
LISTE-6
100
AcDbText
 10
322.47264
 20
415.832826
 30
0.0
 40
5.0
  1
.
 41
0.48
  7
MONOTXT
100
AcDbText
  0
TEXT
  5
1D65
100
AcDbEntity
  8
LISTE-6
100
AcDbText
 10
313.369087
 20
402.832826
 30
0.0
 40
5.0
  1
18.005
 72
     1
 11
322.47264
 21
402.832826
 31
0.0
100
AcDbText
  0
TEXT
  5
1D66
100
AcDbEntity
  8
LISTE-6
100
AcDbText
 10
322.47264
 20
389.832826
 30
0.0
 40
5.0
  1
.
 41
0.48
  7
MONOTXT
100
AcDbText
  0
TEXT
  5
1D68
100
AcDbEntity
  8
LISTE-6
100
AcDbText
 10
313.369087
 20
376.832826
 30
0.0
 40
5.0
  1
18.003
 72
     1
 11
322.47264
 21
376.832826
 31
0.0
100
AcDbText
  0
TEXT
  5
1D69
100
AcDbEntity
  8
LISTE-6
100
AcDbText
 10
313.97264
 20
350.832826
 30
0.0
 40
5.0
  1
18.001
 72
     1
 11
322.47264
 21
350.832826
 31
0.0
100
AcDbText
  0
TEXT
  5
1D6A
100
AcDbEntity
  8
LISTE-6
100
AcDbText
 10
322.47264
 20
337.832826
 30
0.0
 40
5.0
  1
.
 41
0.48
  7
MONOTXT
100
AcDbText
  0
TEXT
  5
1D6B
100
AcDbEntity
  8
LISTE-6
100
AcDbText
 10
322.47264
 20
311.832826
 30
0.0
 40
5.0
  1
.
 41
0.48
  7
MONOTXT
100
AcDbText
  0
TEXT
  5
1D6C
100
AcDbEntity
  8
LISTE-6
100
AcDbText
 10
322.47264
 20
298.832826
 30
0.0
 40
5.0
  1
.
 41
0.48
  7
MONOTXT
100
AcDbText
  0
TEXT
  5
1D6D
100
AcDbEntity
  8
LISTE-6
100
AcDbText
 10
322.47264
 20
285.832826
 30
0.0
 40
5.0
  1
.
 41
0.48
  7
MONOTXT
100
AcDbText
  0
TEXT
  5
1D6E
100
AcDbEntity
  8
LISTE-6
100
AcDbText
 10
314.97264
 20
272.832826
 30
0.0
 40
5.0
  1
15.111
 72
     1
 11
322.47264
 21
272.832826
 31
0.0
100
AcDbText
  0
TEXT
  5
1D6F
100
AcDbEntity
  8
LISTE-6
100
AcDbText
 10
313.97264
 20
259.832826
 30
0.0
 40
5.0
  1
15.108
 72
     1
 11
322.47264
 21
259.832826
 31
0.0
100
AcDbText
  0
TEXT
  5
1D71
100
AcDbEntity
  8
LISTE-6
100
AcDbText
 10
336.67264
 20
380.332826
 30
0.0
 40
3.5
  1
Schmieroelwaermetauscher
100
AcDbText
  0
TEXT
  5
1D72
100
AcDbEntity
  8
LISTE-6
100
AcDbText
 10
336.67264
 20
375.252826
 30
0.0
 40
3.5
  1
LUBE OIL HEAT EXCHANGER
100
AcDbText
  0
TEXT
  5
1D73
100
AcDbEntity
  8
LISTE-6
100
AcDbText
 10
336.67264
 20
367.332826
 30
0.0
 40
3.5
  1
.
 41
0.686
  7
MONOTXT
100
AcDbText
  0
TEXT
  5
1D74
100
AcDbEntity
  8
LISTE-6
100
AcDbText
 10
336.67264
 20
362.252826
 30
0.0
 40
3.5
  1
.
 41
0.686
  7
MONOTXT
100
AcDbText
  0
TEXT
  5
1D75
100
AcDbEntity
  8
LISTE-6
100
AcDbText
 10
336.67264
 20
354.332826
 30
0.0
 40
3.5
  1
Schmieroelfilter 
100
AcDbText
  0
TEXT
  5
1D76
100
AcDbEntity
  8
LISTE-6
100
AcDbText
 10
336.67264
 20
349.252826
 30
0.0
 40
3.5
  1
LUBE OIL FILTER
100
AcDbText
  0
TEXT
  5
1D77
100
AcDbEntity
  8
LISTE-6
100
AcDbText
 10
336.67264
 20
341.332826
 30
0.0
 40
3.5
  1
Oelpumpe und Schmieroelleitungen
100
AcDbText
  0
TEXT
  5
1D78
100
AcDbEntity
  8
LISTE-6
100
AcDbText
 10
336.67264
 20
336.252826
 30
0.0
 40
3.5
  1
LUBE OIL PUMP AND PIPEWORK
100
AcDbText
  0
TEXT
  5
1D79
100
AcDbEntity
  8
LISTE-6
100
AcDbText
 10
336.67264
 20
315.332826
 30
0.0
 40
3.5
  1
.
 41
0.686
  7
MONOTXT
100
AcDbText
  0
TEXT
  5
1D7A
100
AcDbEntity
  8
LISTE-6
100
AcDbText
 10
336.67264
 20
310.252826
 30
0.0
 40
3.5
  1
.
 41
0.686
  7
MONOTXT
100
AcDbText
  0
TEXT
  5
1D7B
100
AcDbEntity
  8
LISTE-6
100
AcDbText
 10
336.67264
 20
302.332826
 30
0.0
 40
3.5
  1
.
 41
0.686
  7
MONOTXT
100
AcDbText
  0
TEXT
  5
1D7C
100
AcDbEntity
  8
LISTE-6
100
AcDbText
 10
336.67264
 20
297.252826
 30
0.0
 40
3.5
  1
.
 41
0.686
  7
MONOTXT
100
AcDbText
  0
TEXT
  5
1D7D
100
AcDbEntity
  8
LISTE-6
100
AcDbText
 10
336.67264
 20
289.332826
 30
0.0
 40
3.5
  1
.
 41
0.686
  7
MONOTXT
100
AcDbText
  0
TEXT
  5
1D7E
100
AcDbEntity
  8
LISTE-6
100
AcDbText
 10
336.67264
 20
284.252826
 30
0.0
 40
3.5
  1
.
 41
0.686
  7
MONOTXT
100
AcDbText
  0
TEXT
  5
1D7F
100
AcDbEntity
  8
LISTE-6
100
AcDbText
 10
336.67264
 20
276.332826
 30
0.0
 40
3.5
  1
Temperaturwaechter Motor, Warnung
100
AcDbText
  0
TEXT
  5
1D80
100
AcDbEntity
  8
LISTE-6
100
AcDbText
 10
336.67264
 20
271.252826
 30
0.0
 40
3.5
  1
TEMPERATURE MONITOR, ENGINE ALARM
100
AcDbText
  0
TEXT
  5
1D81
100
AcDbEntity
  8
LISTE-6
100
AcDbText
 10
336.67264
 20
263.332826
 30
0.0
 40
3.5
  1
Druckwaechter Motor, Warnung 
100
AcDbText
  0
TEXT
  5
1D82
100
AcDbEntity
  8
LISTE-6
100
AcDbText
 10
336.67264
 20
258.252826
 30
0.0
 40
3.5
  1
PRESSURE MONITOR, ENGINE ALARM
100
AcDbText
  0
TEXT
  5
1D84
100
AcDbEntity
  8
LISTE-6
100
AcDbText
 10
293.30764
 20
375.990826
 30
0.0
 40
5.0
  1
.
 41
0.879
  7
MONOTXT
100
AcDbText
  0
TEXT
  5
1D86
100
AcDbEntity
  8
LISTE-6
100
AcDbText
 10
299.25364
 20
337.111826
 30
0.0
 40
5.0
  1
.
 41
0.879
  7
MONOTXT
100
AcDbText
  0
TEXT
  5
1D87
100
AcDbEntity
  8
LISTE-6
100
AcDbText
 10
293.30764
 20
336.990826
 30
0.0
 40
5.0
  1
1
100
AcDbText
  0
TEXT
  5
1D89
100
AcDbEntity
  8
LISTE-6
100
AcDbText
 10
299.25364
 20
324.111826
 30
0.0
 40
5.0
  1
.
 41
0.879
  7
MONOTXT
100
AcDbText
  0
TEXT
  5
1D8B
100
AcDbEntity
  8
LISTE-6
100
AcDbText
 10
293.30764
 20
310.990826
 30
0.0
 40
5.0
  1
.
 41
0.879
  7
MONOTXT
100
AcDbText
  0
TEXT
  5
1D8D
100
AcDbEntity
  8
LISTE-6
100
AcDbText
 10
299.25364
 20
259.111826
 30
0.0
 40
5.0
  1
2
100
AcDbText
  0
TEXT
  5
1D8F
100
AcDbEntity
  8
LISTE-6
100
AcDbText
 10
293.30764
 20
245.990826
 30
0.0
 40
5.0
  1
.
 41
0.879
  7
MONOTXT
100
AcDbText
  0
TEXT
  5
1D90
100
AcDbEntity
  8
LISTE-6
100
AcDbText
 10
299.25364
 20
246.111826
 30
0.0
 40
5.0
  1
.
 41
0.879
  7
MONOTXT
100
AcDbText
  0
TEXT
  5
1D92
100
AcDbEntity
  8
LISTE-6
100
AcDbText
 10
293.30764
 20
232.990826
 30
0.0
 40
5.0
  1
1
100
AcDbText
  0
TEXT
  5
1D94
100
AcDbEntity
  8
LISTE-6
100
AcDbText
 10
293.30764
 20
206.990826
 30
0.0
 40
5.0
  1
1
100
AcDbText
  0
TEXT
  5
1D95
100
AcDbEntity
  8
LISTE-6
100
AcDbText
 10
299.25364
 20
207.112826
 30
0.0
 40
5.0
  1
2
100
AcDbText
  0
TEXT
  5
1D97
100
AcDbEntity
  8
LISTE-6
100
AcDbText
 10
293.30764
 20
193.990826
 30
0.0
 40
5.0
  1
1
100
AcDbText
  0
TEXT
  5
1D98
100
AcDbEntity
  8
LISTE-6
100
AcDbText
 10
299.25364
 20
194.112826
 30
0.0
 40
5.0
  1
2
100
AcDbText
  0
TEXT
  5
1D99
100
AcDbEntity
  8
LISTE-6
100
AcDbText
 10
293.30764
 20
180.990826
 30
0.0
 40
5.0
  1
1
100
AcDbText
  0
TEXT
  5
1D9A
100
AcDbEntity
  8
LISTE-6
100
AcDbText
 10
299.25364
 20
181.112826
 30
0.0
 40
5.0
  1
.
 41
0.879
  7
MONOTXT
100
AcDbText
  0
TEXT
  5
1D9C
100
AcDbEntity
  8
LISTE-6
100
AcDbText
 10
293.30764
 20
167.990826
 30
0.0
 40
5.0
  1
.
 41
0.879
  7
MONOTXT
100
AcDbText
  0
TEXT
  5
1D9E
100
AcDbEntity
  8
LISTE-6
100
AcDbText
 10
299.25364
 20
155.112826
 30
0.0
 40
5.0
  1
.
 41
0.879
  7
MONOTXT
100
AcDbText
  0
TEXT
  5
1DA0
100
AcDbEntity
  8
LISTE-6
100
AcDbText
 10
299.25364
 20
142.112826
 30
0.0
 40
5.0
  1
.
 41
0.879
  7
MONOTXT
100
AcDbText
  0
TEXT
  5
1DA2
100
AcDbEntity
  8
LISTE-6
100
AcDbText
 10
322.47264
 20
246.832826
 30
0.0
 40
5.0
  1
.
 41
0.48
  7
MONOTXT
100
AcDbText
  0
TEXT
  5
1DA3
100
AcDbEntity
  8
LISTE-6
100
AcDbText
 10
313.322493
 20
233.832826
 30
0.0
 40
5.0
  1
15.002
 72
     1
 11
322.47264
 21
233.832826
 31
0.0
100
AcDbText
  0
TEXT
  5
1DA4
100
AcDbEntity
  8
LISTE-6
100
AcDbText
 10
310.72264
 20
220.832826
 30
0.0
 40
5.0
  1
15.001 M
 72
     1
 11
322.47264
 21
220.832826
 31
0.0
100
AcDbText
  0
TEXT
  5
1DA5
100
AcDbEntity
  8
LISTE-6
100
AcDbText
 10
313.72264
 20
142.832826
 30
0.0
 40
5.0
  1
14.001
 72
     1
 11
322.47264
 21
142.832826
 31
0.0
100
AcDbText
  0
TEXT
  5
1DA7
100
AcDbEntity
  8
LISTE-6
100
AcDbText
 10
336.67264
 20
250.332826
 30
0.0
 40
3.5
  1
.
 41
0.686
  7
MONOTXT
100
AcDbText
  0
TEXT
  5
1DA8
100
AcDbEntity
  8
LISTE-6
100
AcDbText
 10
336.67264
 20
245.252826
 30
0.0
 40
3.5
  1
.
 41
0.686
  7
MONOTXT
100
AcDbText
  0
TEXT
  5
1DA9
100
AcDbEntity
  8
LISTE-6
100
AcDbText
 10
336.67264
 20
237.332826
 30
0.0
 40
3.5
  1
Lichtmaschine
100
AcDbText
  0
TEXT
  5
1DAA
100
AcDbEntity
  8
LISTE-6
100
AcDbText
 10
336.67264
 20
232.252826
 30
0.0
 40
3.5
  1
GENERATOR
100
AcDbText
  0
TEXT
  5
1DAB
100
AcDbEntity
  8
LISTE-6
100
AcDbText
 10
336.67264
 20
224.332826
 30
0.0
 40
3.5
  1
Anlasser
100
AcDbText
  0
TEXT
  5
1DAC
100
AcDbEntity
  8
LISTE-6
100
AcDbText
 10
336.67264
 20
219.252826
 30
0.0
 40
3.5
  1
STARTER
100
AcDbText
  0
TEXT
  5
1DAD
100
AcDbEntity
  8
LISTE-6
100
AcDbText
 10
336.67264
 20
198.332826
 30
0.0
 40
3.5
  1
Elektrische Ausruestung und Ueberwachung
100
AcDbText
  0
TEXT
  5
1DAE
100
AcDbEntity
  8
LISTE-6
100
AcDbText
 10
336.67264
 20
193.252826
 30
0.0
 40
3.5
  1
ELECTRICAL EQUIPMENT / MONITORING SYSTEM
100
AcDbText
  0
TEXT
  5
1DAF
100
AcDbEntity
  8
LISTE-6
100
AcDbText
 10
336.67264
 20
146.332826
 30
0.0
 40
3.5
  1
Anschluss, Abgasfuehrung 
100
AcDbText
  0
TEXT
  5
1DB0
100
AcDbEntity
  8
LISTE-6
100
AcDbText
 10
336.67264
 20
141.252826
 30
0.0
 40
3.5
  1
CONNECTION, EXHAUST PIPING
100
AcDbText
  0
TEXT
  5
1DB2
100
AcDbEntity
  8
LISTE-6
100
AcDbText
 10
336.67264
 20
133.332826
 30
0.0
 40
3.5
  1
Saug- und Auspuffkruemmer
100
AcDbText
  0
TEXT
  5
1DB3
100
AcDbEntity
  8
LISTE-6
100
AcDbText
 10
336.67264
 20
128.252826
 30
0.0
 40
3.5
  1
AIR INTAKE AND EXHAUST PIPEWORK
100
AcDbText
  0
TEXT
  5
1DBB
100
AcDbEntity
  8
LISTE-6
100
AcDbText
 10
497.55764
 20
466.990826
 30
0.0
 40
5.0
  1
.
 41
0.879
  7
MONOTXT
100
AcDbText
  0
TEXT
  5
1DBD
100
AcDbEntity
  8
LISTE-6
100
AcDbText
 10
497.55764
 20
440.990826
 30
0.0
 40
5.0
  1
.
 41
0.879
  7
MONOTXT
100
AcDbText
  0
TEXT
  5
1DBF
100
AcDbEntity
  8
LISTE-6
100
AcDbText
 10
497.55764
 20
414.990826
 30
0.0
 40
5.0
  1
.
 41
0.879
  7
MONOTXT
100
AcDbText
  0
TEXT
  5
1DC0
100
AcDbEntity
  8
LISTE-6
100
AcDbText
 10
497.55764
 20
401.990826
 30
0.0
 40
5.0
  1
.
 41
0.879
  7
MONOTXT
100
AcDbText
  0
TEXT
  5
1DC1
100
AcDbEntity
  8
LISTE-6
100
AcDbText
 10
497.55764
 20
388.990826
 30
0.0
 40
5.0
  1
.
 41
0.879
  7
MONOTXT
100
AcDbText
  0
TEXT
  5
1DC2
100
AcDbEntity
  8
LISTE-6
100
AcDbText
 10
497.55764
 20
375.990826
 30
0.0
 40
5.0
  1
.
 41
0.879
  7
MONOTXT
100
AcDbText
  0
TEXT
  5
1DC4
100
AcDbEntity
  8
LISTE-6
100
AcDbText
 10
503.50364
 20
415.111826
 30
0.0
 40
5.0
  1
.
 41
0.879
  7
MONOTXT
100
AcDbText
  0
TEXT
  5
1DC6
100
AcDbEntity
  8
LISTE-6
100
AcDbText
 10
497.55764
 20
349.990826
 30
0.0
 40
5.0
  1
.
 41
0.879
  7
MONOTXT
100
AcDbText
  0
TEXT
  5
1DC8
100
AcDbEntity
  8
LISTE-6
100
AcDbText
 10
497.55764
 20
336.990826
 30
0.0
 40
5.0
  1
.
 41
0.879
  7
MONOTXT
100
AcDbText
  0
TEXT
  5
1DCA
100
AcDbEntity
  8
LISTE-6
100
AcDbText
 10
497.55764
 20
297.990826
 30
0.0
 40
5.0
  1
.
 41
0.879
  7
MONOTXT
100
AcDbText
  0
TEXT
  5
1DCC
100
AcDbEntity
  8
LISTE-6
100
AcDbText
 10
526.72264
 20
298.832826
 30
0.0
 40
5.0
  1
.
 41
0.48
  7
MONOTXT
100
AcDbText
  0
TEXT
  5
1DCE
100
AcDbEntity
  8
LISTE-6
100
AcDbText
 10
517.565725
 20
285.832826
 30
0.0
 40
5.0
  1
09.152
 72
     1
 11
526.72264
 21
285.832826
 31
0.0
100
AcDbText
  0
TEXT
  5
1DD0
100
AcDbEntity
  8
LISTE-6
100
AcDbText
 10
503.50364
 20
285.111826
 30
0.0
 40
5.0
  1
.
 41
0.879
  7
MONOTXT
100
AcDbText
  0
TEXT
  5
1DD2
100
AcDbEntity
  8
LISTE-6
100
AcDbText
 10
540.92264
 20
302.332826
 30
0.0
 40
3.5
  1
.
 41
0.686
  7
MONOTXT
100
AcDbText
  0
TEXT
  5
1DD3
100
AcDbEntity
  8
LISTE-6
100
AcDbText
 10
540.92264
 20
297.247826
 30
0.0
 40
3.5
  1
.
 41
0.621
  7
MONOTXT
100
AcDbText
  0
TEXT
  5
1DD4
100
AcDbEntity
  8
LISTE-6
100
AcDbText
 10
540.92264
 20
289.332826
 30
0.0
 40
3.5
  1
Abgasturbolader
100
AcDbText
  0
TEXT
  5
1DD5
100
AcDbEntity
  8
LISTE-6
100
AcDbText
 10
540.92264
 20
284.247826
 30
0.0
 40
3.5
  1
TURBOCHARGER
100
AcDbText
  0
TEXT
  5
1DD7
100
AcDbEntity
  8
LISTE-6
100
AcDbText
 10
503.50364
 20
272.111826
 30
0.0
 40
5.0
  1
.
 41
0.879
  7
MONOTXT
100
AcDbText
  0
TEXT
  5
1DD8
100
AcDbEntity
  8
LISTE-6
100
AcDbText
 10
503.50364
 20
233.111826
 30
0.0
 40
5.0
  1
2
100
AcDbText
  0
TEXT
  5
1DDA
100
AcDbEntity
  8
LISTE-6
100
AcDbText
 10
497.55764
 20
258.990826
 30
0.0
 40
5.0
  1
1
100
AcDbText
  0
TEXT
  5
1DDB
100
AcDbEntity
  8
LISTE-6
100
AcDbText
 10
497.55764
 20
245.990826
 30
0.0
 40
5.0
  1
.
 41
0.879
  7
MONOTXT
100
AcDbText
  0
TEXT
  5
1DDC
100
AcDbEntity
  8
LISTE-6
100
AcDbText
 10
497.55764
 20
219.990826
 30
0.0
 40
5.0
  1
1
100
AcDbText
  0
TEXT
  5
1DDE
100
AcDbEntity
  8
LISTE-6
100
AcDbText
 10
526.72264
 20
272.832826
 30
0.0
 40
5.0
  1
.
 41
0.48
  7
MONOTXT
100
AcDbText
  0
TEXT
  5
1DDF
100
AcDbEntity
  8
LISTE-6
100
AcDbText
 10
526.72264
 20
259.832826
 30
0.0
 40
5.0
  1
.
 41
0.48
  7
MONOTXT
100
AcDbText
  0
TEXT
  5
1DE0
100
AcDbEntity
  8
LISTE-6
100
AcDbText
 10
517.036889
 20
246.832826
 30
0.0
 40
5.0
  1
09.009
 72
     1
 11
526.72264
 21
246.832826
 31
0.0
100
AcDbText
  0
TEXT
  5
1DE1
100
AcDbEntity
  8
LISTE-6
100
AcDbText
 10
526.72264
 20
233.832826
 30
0.0
 40
5.0
  1
.
 41
0.48
  7
MONOTXT
100
AcDbText
  0
TEXT
  5
1DE2
100
AcDbEntity
  8
LISTE-6
100
AcDbText
 10
517.215873
 20
220.832826
 30
0.0
 40
5.0
  1
09.007
 72
     1
 11
526.72264
 21
220.832826
 31
0.0
100
AcDbText
  0
TEXT
  5
1DE4
100
AcDbEntity
  8
LISTE-6
100
AcDbText
 10
540.92264
 20
276.332826
 30
0.0
 40
3.5
  1
.
 41
0.686
  7
MONOTXT
100
AcDbText
  0
TEXT
  5
1DE5
100
AcDbEntity
  8
LISTE-6
100
AcDbText
 10
540.92264
 20
271.247826
 30
0.0
 40
3.5
  1
.
 41
0.621
  7
MONOTXT
100
AcDbText
  0
TEXT
  5
1DE6
100
AcDbEntity
  8
LISTE-6
100
AcDbText
 10
540.92264
 20
263.332826
 30
0.0
 40
3.5
  1
.
 41
0.686
  7
MONOTXT
100
AcDbText
  0
TEXT
  5
1DE7
100
AcDbEntity
  8
LISTE-6
100
AcDbText
 10
540.92264
 20
258.247826
 30
0.0
 40
3.5
  1
.
 41
0.621
  7
MONOTXT
100
AcDbText
  0
TEXT
  5
1DE8
100
AcDbEntity
  8
LISTE-6
100
AcDbText
 10
540.92264
 20
250.332826
 30
0.0
 40
3.5
  1
Ladeluftkuehler (LLK)
100
AcDbText
  0
TEXT
  5
1DE9
100
AcDbEntity
  8
LISTE-6
100
AcDbText
 10
540.92264
 20
245.247826
 30
0.0
 40
3.5
  1
INTERCOOLER
100
AcDbText
  0
TEXT
  5
1DEA
100
AcDbEntity
  8
LISTE-6
100
AcDbText
 10
540.92264
 20
237.332826
 30
0.0
 40
3.5
  1
.
 41
0.686
  7
MONOTXT
100
AcDbText
  0
TEXT
  5
1DEB
100
AcDbEntity
  8
LISTE-6
100
AcDbText
 10
540.92264
 20
232.247826
 30
0.0
 40
3.5
  1
.
 41
0.621
  7
MONOTXT
100
AcDbText
  0
TEXT
  5
1DEC
100
AcDbEntity
  8
LISTE-6
100
AcDbText
 10
540.92264
 20
224.332826
 30
0.0
 40
3.5
  1
Anschluss, Eintritt Luft vor Verdichter
100
AcDbText
  0
TEXT
  5
1DED
100
AcDbEntity
  8
LISTE-6
100
AcDbText
 10
540.92264
 20
219.247826
 30
0.0
 40
3.5
  1
CONNECTION, AIR TO COMPRESSOR
100
AcDbText
  0
TEXT
  5
1DEF
100
AcDbEntity
  8
LISTE-6
100
AcDbText
 10
516.965873
 20
181.833826
 30
0.0
 40
5.0
  1
09.004
 72
     1
 11
526.72264
 21
181.833826
 31
0.0
100
AcDbText
  0
TEXT
  5
1DF0
100
AcDbEntity
  8
LISTE-6
100
AcDbText
 10
517.11232
 20
168.833826
 30
0.0
 40
5.0
  1
09.003
 72
     1
 11
526.72264
 21
168.833826
 31
0.0
100
AcDbText
  0
TEXT
  5
1DF1
100
AcDbEntity
  8
LISTE-6
100
AcDbText
 10
517.065725
 20
155.833826
 30
0.0
 40
5.0
  1
09.002
 72
     1
 11
526.72264
 21
155.833826
 31
0.0
100
AcDbText
  0
TEXT
  5
1DF3
100
AcDbEntity
  8
LISTE-6
100
AcDbText
 10
540.92264
 20
185.333826
 30
0.0
 40
3.5
  1
Anschluss, Ruecklauf Kraftstoff vom Motor M16x1.5 (DN 8)
100
AcDbText
  0
TEXT
  5
1DF4
100
AcDbEntity
  8
LISTE-6
100
AcDbText
 10
540.92264
 20
180.247826
 30
0.0
 40
3.5
  1
CONNECTION, FUEL FROM ENGINE M16x1.5 (DN 8)
100
AcDbText
  0
TEXT
  5
1DF5
100
AcDbEntity
  8
LISTE-6
100
AcDbText
 10
540.92264
 20
172.333826
 30
0.0
 40
3.5
  1
Anschluss, Zulauf Kraftstoff zum Motor M22x1.5 (DN 13)
100
AcDbText
  0
TEXT
  5
1DF6
100
AcDbEntity
  8
LISTE-6
100
AcDbText
 10
540.92264
 20
167.247826
 30
0.0
 40
3.5
  1
CONNECTION, FUEL TO ENGINE M22X1.5 (DN 13)
100
AcDbText
  0
TEXT
  5
1DF7
100
AcDbEntity
  8
LISTE-6
100
AcDbText
 10
540.92264
 20
159.333826
 30
0.0
 40
3.5
  1
Kraftstoffilter
100
AcDbText
  0
TEXT
  5
1DF8
100
AcDbEntity
  8
LISTE-6
100
AcDbText
 10
540.92264
 20
154.247826
 30
0.0
 40
3.5
  1
FUEL FILTER
100
AcDbText
  0
TEXT
  5
1DF9
100
AcDbEntity
  8
LISTE-6
100
AcDbText
 10
540.92264
 20
133.333826
 30
0.0
 40
3.5
  1
Kraftstoffoerderung und Aufladung
100
AcDbText
  0
TEXT
  5
1DFA
100
AcDbEntity
  8
LISTE-6
100
AcDbText
 10
540.92264
 20
128.247826
 30
0.0
 40
3.5
  1
FUEL SYSTEM / TURBOCHARGING
100
AcDbText
  0
TEXT
  5
1DFC
100
AcDbEntity
  8
LISTE-6
100
AcDbText
 10
497.55764
 20
141.990826
 30
0.0
 40
5.0
  1
1
100
AcDbText
  0
TEXT
  5
1DFE
100
AcDbEntity
  8
LISTE-6
100
AcDbText
 10
721.555977
 20
492.891377
 30
0.0
 40
5.0
  1
07.029
 72
     1
 11
731.232992
 21
492.891377
 31
0.0
100
AcDbText
  0
TEXT
  5
1DFF
100
AcDbEntity
  8
LISTE-6
100
AcDbText
 10
722.474609
 20
441.832826
 30
0.0
 40
5.0
  1
06.011
 72
     1
 11
730.97264
 21
441.832826
 31
0.0
100
AcDbText
  0
TEXT
  5
1E01
100
AcDbEntity
  8
LISTE-6
100
AcDbText
 10
745.17264
 20
497.332826
 30
0.0
 40
3.5
  1
Einspritzpumpe
100
AcDbText
  0
TEXT
  5
1E02
100
AcDbEntity
  8
LISTE-6
100
AcDbText
 10
745.17264
 20
492.247826
 30
0.0
 40
3.5
  1
INJECTION PUMP
100
AcDbText
  0
TEXT
  5
1E03
100
AcDbEntity
  8
LISTE-6
100
AcDbText
 10
745.17264
 20
471.332826
 30
0.0
 40
3.5
  1
Einspritzpumpe
100
AcDbText
  0
TEXT
  5
1E04
100
AcDbEntity
  8
LISTE-6
100
AcDbText
 10
745.17264
 20
466.247826
 30
0.0
 40
3.5
  1
INJECTION PUMP
100
AcDbText
  0
TEXT
  5
1E05
100
AcDbEntity
  8
LISTE-6
100
AcDbText
 10
745.17264
 20
445.332826
 30
0.0
 40
3.5
  1
Drehzahlregler (RSV)
100
AcDbText
  0
TEXT
  5
1E06
100
AcDbEntity
  8
LISTE-6
100
AcDbText
 10
745.17264
 20
440.247826
 30
0.0
 40
3.5
  1
GOVERNOR (RSV)
100
AcDbText
  0
TEXT
  5
1E08
100
AcDbEntity
  8
LISTE-6
100
AcDbText
 10
730.97264
 20
402.832826
 30
0.0
 40
5.0
  1
.
 41
0.48
  7
MONOTXT
100
AcDbText
  0
TEXT
  5
1E09
100
AcDbEntity
  8
LISTE-6
100
AcDbText
 10
730.97264
 20
363.832826
 30
0.0
 40
5.0
  1
.
 41
0.48
  7
MONOTXT
100
AcDbText
  0
TEXT
  5
1E0B
100
AcDbEntity
  8
LISTE-6
100
AcDbText
 10
745.17264
 20
406.332826
 30
0.0
 40
3.5
  1
Drehzahlregler und -messer
100
AcDbText
  0
TEXT
  5
1E0C
100
AcDbEntity
  8
LISTE-6
100
AcDbText
 10
745.17264
 20
401.247826
 30
0.0
 40
3.5
  1
GOVERNOR AND TACHOMETER
100
AcDbText
  0
TEXT
  5
1E0D
100
AcDbEntity
  8
LISTE-6
100
AcDbText
 10
745.17264
 20
393.332826
 30
0.0
 40
3.5
  1
.
 41
0.686
  7
MONOTXT
100
AcDbText
  0
TEXT
  5
1E0E
100
AcDbEntity
  8
LISTE-6
100
AcDbText
 10
745.17264
 20
388.247826
 30
0.0
 40
3.5
  1
.
 41
0.686
  7
MONOTXT
100
AcDbText
  0
TEXT
  5
1E0F
100
AcDbEntity
  8
LISTE-6
100
AcDbText
 10
745.17264
 20
367.332826
 30
0.0
 40
3.5
  1
.
 41
0.686
  7
MONOTXT
100
AcDbText
  0
TEXT
  5
1E10
100
AcDbEntity
  8
LISTE-6
100
AcDbText
 10
745.17264
 20
362.247826
 30
0.0
 40
3.5
  1
.
 41
0.686
  7
MONOTXT
100
AcDbText
  0
TEXT
  5
1E12
100
AcDbEntity
  8
LISTE-6
100
AcDbText
 10
721.324461
 20
324.832826
 30
0.0
 40
5.0
  1
03.002
 72
     1
 11
730.97264
 21
324.832826
 31
0.0
100
AcDbText
  0
TEXT
  5
1E13
100
AcDbEntity
  8
LISTE-6
100
AcDbText
 10
721.974609
 20
311.832826
 30
0.0
 40
5.0
  1
03.001
 72
     1
 11
730.97264
 21
311.832826
 31
0.0
100
AcDbText
  0
TEXT
  5
1E14
100
AcDbEntity
  8
LISTE-6
100
AcDbText
 10
722.474609
 20
285.832826
 30
0.0
 40
5.0
  1
01.018
 72
     1
 11
730.97264
 21
285.832826
 31
0.0
100
AcDbText
  0
TEXT
  5
1E15
100
AcDbEntity
  8
LISTE-6
100
AcDbText
 10
721.974609
 20
259.832826
 30
0.0
 40
5.0
  1
01.007
 72
     1
 11
730.97264
 21
259.832826
 31
0.0
100
AcDbText
  0
TEXT
  5
1E17
100
AcDbEntity
  8
LISTE-6
100
AcDbText
 10
745.17264
 20
328.332826
 30
0.0
 40
3.5
  1
Schauloch, Markierung Kurbelwelleneinstellung
100
AcDbText
  0
TEXT
  5
1E18
100
AcDbEntity
  8
LISTE-6
100
AcDbText
 10
745.17264
 20
323.247826
 30
0.0
 40
3.5
  1
INSPECTION PORT, CRANKSHAFT TIMING MARK
100
AcDbText
  0
TEXT
  5
1E19
100
AcDbEntity
  8
LISTE-6
100
AcDbText
 10
745.17264
 20
315.332826
 30
0.0
 40
3.5
  1
Anschluss Schwungrad
100
AcDbText
  0
TEXT
  5
1E1A
100
AcDbEntity
  8
LISTE-6
100
AcDbText
 10
745.17264
 20
310.247826
 30
0.0
 40
3.5
  1
CONNECTION FLYWHEEL
100
AcDbText
  0
TEXT
  5
1E1B
100
AcDbEntity
  8
LISTE-6
100
AcDbText
 10
745.17264
 20
302.332826
 30
0.0
 40
3.5
  1
Triebwerktelle
100
AcDbText
  0
TEXT
  5
1E1C
100
AcDbEntity
  8
LISTE-6
100
AcDbText
 10
745.17264
 20
297.247826
 30
0.0
 40
3.5
  1
RUNNING-GEAR COMPONENTS
100
AcDbText
  0
TEXT
  5
1E1D
100
AcDbEntity
  8
LISTE-6
100
AcDbText
 10
745.17264
 20
289.332826
 30
0.0
 40
3.5
  1
Schwungradgehaeuse SAE 1
100
AcDbText
  0
TEXT
  5
1E1E
100
AcDbEntity
  8
LISTE-6
100
AcDbText
 10
745.17264
 20
284.247826
 30
0.0
 40
3.5
  1
FLYWHEEL HOUSING SAE 1
100
AcDbText
  0
TEXT
  5
1E1F
100
AcDbEntity
  8
LISTE-6
100
AcDbText
 10
745.17264
 20
263.332826
 30
0.0
 40
3.5
  1
Ablasschraube, Oelwanne/Kurbelgehaeuse-Unterteil M26x1.5
100
AcDbText
  0
TEXT
  5
1E20
100
AcDbEntity
  8
LISTE-6
100
AcDbText
 10
745.17264
 20
258.247826
 30
0.0
 40
3.5
  1
OILL PAN DRAIN PLUG M26x1.5
100
AcDbText
  0
TEXT
  5
1E22
100
AcDbEntity
  8
LISTE-6
100
AcDbText
 10
701.80764
 20
297.990826
 30
0.0
 40
5.0
  1
.
 41
0.879
  7
MONOTXT
100
AcDbText
  0
TEXT
  5
1E23
100
AcDbEntity
  8
LISTE-6
100
AcDbText
 10
701.80764
 20
271.990826
 30
0.0
 40
5.0
  1
1
100
AcDbText
  0
TEXT
  5
1E25
100
AcDbEntity
  8
LISTE-6
100
AcDbText
 10
707.75364
 20
285.111826
 30
0.0
 40
5.0
  1
.
 41
0.879
  7
MONOTXT
100
AcDbText
  0
TEXT
  5
1E26
100
AcDbEntity
  8
LISTE-6
100
AcDbText
 10
707.75364
 20
259.111826
 30
0.0
 40
5.0
  1
.
 41
0.879
  7
MONOTXT
100
AcDbText
  0
TEXT
  5
1E28
100
AcDbEntity
  8
LISTE-6
100
AcDbText
 10
745.17264
 20
250.332826
 30
0.0
 40
3.5
  1
Oelwanne
100
AcDbText
  0
TEXT
  5
1E29
100
AcDbEntity
  8
LISTE-6
100
AcDbText
 10
745.17264
 20
245.247826
 30
0.0
 40
3.5
  1
OIL PAN
100
AcDbText
  0
TEXT
  5
1E2A
100
AcDbEntity
  8
LISTE-6
100
AcDbText
 10
745.17264
 20
237.332826
 30
0.0
 40
3.5
  1
Oelmesstab
100
AcDbText
  0
TEXT
  5
1E2B
100
AcDbEntity
  8
LISTE-6
100
AcDbText
 10
745.17264
 20
232.247826
 30
0.0
 40
3.5
  1
OIL DIPSTICK
100
AcDbText
  0
TEXT
  5
1E2C
100
AcDbEntity
  8
LISTE-6
100
AcDbText
 10
745.17264
 20
211.332826
 30
0.0
 40
3.5
  1
Einfuellstutzen, Oel
100
AcDbText
  0
TEXT
  5
1E2D
100
AcDbEntity
  8
LISTE-6
100
AcDbText
 10
745.17264
 20
206.247826
 30
0.0
 40
3.5
  1
OIL FILLER NECK
100
AcDbText
  0
TEXT
  5
1E2E
100
AcDbEntity
  8
LISTE-6
100
AcDbText
 10
745.17264
 20
198.332826
 30
0.0
 40
3.5
  1
Kubelgehaeuse KGS
100
AcDbText
  0
TEXT
  5
1E2F
100
AcDbEntity
  8
LISTE-6
100
AcDbText
 10
745.17264
 20
193.247826
 30
0.0
 40
3.5
  1
CRANKCASE, FLYWHEEL END
100
AcDbText
  0
TEXT
  5
1E30
100
AcDbEntity
  8
LISTE-6
100
AcDbText
 10
745.17264
 20
185.332826
 30
0.0
 40
3.5
  1
Kurbelgehaeuse, Schwungradseite (KS)
100
AcDbText
  0
TEXT
  5
1E31
100
AcDbEntity
  8
LISTE-6
100
AcDbText
 10
745.17264
 20
180.247826
 30
0.0
 40
3.5
  1
CRANKCASE, FLYWHEEL END
100
AcDbText
  0
TEXT
  5
1E33
100
AcDbEntity
  8
LISTE-6
100
AcDbText
 10
721.850593
 20
246.832826
 30
0.0
 40
5.0
  1
01.006
 72
     1
 11
730.97264
 21
246.832826
 31
0.0
100
AcDbText
  0
TEXT
  5
1E34
100
AcDbEntity
  8
LISTE-6
100
AcDbText
 10
721.871055
 20
233.832826
 30
0.0
 40
5.0
  1
01.005
 72
     1
 11
730.97264
 21
233.832826
 31
0.0
100
AcDbText
  0
TEXT
  5
1E35
100
AcDbEntity
  8
LISTE-6
100
AcDbText
 10
721.871055
 20
207.832826
 30
0.0
 40
5.0
  1
01.003
 72
     1
 11
730.97264
 21
207.832826
 31
0.0
100
AcDbText
  0
TEXT
  5
1E36
100
AcDbEntity
  8
LISTE-6
100
AcDbText
 10
721.824461
 20
194.832826
 30
0.0
 40
5.0
  1
01.002
 72
     1
 11
730.97264
 21
194.832826
 31
0.0
100
AcDbText
  0
TEXT
  5
1E37
100
AcDbEntity
  8
LISTE-6
100
AcDbText
 10
722.474609
 20
181.832826
 30
0.0
 40
5.0
  1
01.001
 72
     1
 11
730.97264
 21
181.832826
 31
0.0
100
AcDbText
  0
TEXT
  5
1E39
100
AcDbEntity
  8
LISTE-6
100
AcDbText
 10
701.80764
 20
245.990826
 30
0.0
 40
5.0
  1
1
100
AcDbText
  0
TEXT
  5
1E3A
100
AcDbEntity
  8
LISTE-6
100
AcDbText
 10
701.80764
 20
232.990826
 30
0.0
 40
5.0
  1
.
 41
0.879
  7
MONOTXT
100
AcDbText
  0
TEXT
  5
1E3B
100
AcDbEntity
  8
LISTE-6
100
AcDbText
 10
701.80764
 20
219.990826
 30
0.0
 40
5.0
  1
.
 41
0.879
  7
MONOTXT
100
AcDbText
  0
TEXT
  5
1E3D
100
AcDbEntity
  8
LISTE-6
100
AcDbText
 10
707.75364
 20
233.111826
 30
0.0
 40
5.0
  1
.
 41
0.879
  7
MONOTXT
100
AcDbText
  0
TEXT
  5
1E3E
100
AcDbEntity
  8
LISTE-6
100
AcDbText
 10
707.75364
 20
181.111826
 30
0.0
 40
5.0
  1
2
100
AcDbText
  0
TEXT
  5
1E40
100
AcDbEntity
  8
LISTE-6
100
AcDbText
 10
745.17264
 20
159.333826
 30
0.0
 40
3.5
  1
.
 41
0.686
  7
MONOTXT
100
AcDbText
  0
TEXT
  5
1E41
100
AcDbEntity
  8
LISTE-6
100
AcDbText
 10
745.17264
 20
154.247826
 30
0.0
 40
3.5
  1
.
 41
0.686
  7
MONOTXT
100
AcDbText
  0
TEXT
  5
1E43
100
AcDbEntity
  8
LISTE-6
100
AcDbText
 10
707.75364
 20
168.111826
 30
0.0
 40
5.0
  1
.
 41
0.879
  7
MONOTXT
100
AcDbText
  0
TEXT
  5
1E45
100
AcDbEntity
  8
LISTE-6
100
AcDbText
 10
701.80764
 20
154.990826
 30
0.0
 40
5.0
  1
.
 41
0.879
  7
MONOTXT
100
AcDbText
  0
TEXT
  5
1E47
100
AcDbEntity
  8
LISTE-6
100
AcDbText
 10
912.00364
 20
493.111826
 30
0.0
 40
5.0
  1
.
 41
0.879
  7
MONOTXT
100
AcDbText
  0
TEXT
  5
1E49
100
AcDbEntity
  8
LISTE-6
100
AcDbText
 10
912.00364
 20
441.111826
 30
0.0
 40
5.0
  1
2
100
AcDbText
  0
TEXT
  5
1E4B
100
AcDbEntity
  8
LISTE-6
100
AcDbText
 10
912.00364
 20
402.111826
 30
0.0
 40
5.0
  1
.
 41
0.879
  7
MONOTXT
100
AcDbText
  0
TEXT
  5
1E4D
100
AcDbEntity
  8
LISTE-6
100
AcDbText
 10
906.05764
 20
323.990826
 30
0.0
 40
5.0
  1
.
 41
0.879
  7
MONOTXT
100
AcDbText
  0
TEXT
  5
1E4E
100
AcDbEntity
  8
LISTE-6
100
AcDbText
 10
906.05764
 20
310.990826
 30
0.0
 40
5.0
  1
.
 41
0.879
  7
MONOTXT
100
AcDbText
  0
TEXT
  5
1E50
100
AcDbEntity
  8
LISTE-6
100
AcDbText
 10
912.00364
 20
285.111826
 30
0.0
 40
5.0
  1
2
100
AcDbText
  0
TEXT
  5
1E51
100
AcDbEntity
  8
LISTE-6
100
AcDbText
 10
906.05764
 20
284.990826
 30
0.0
 40
5.0
  1
1
100
AcDbText
  0
TEXT
  5
1E53
100
AcDbEntity
  8
LISTE-6
100
AcDbText
 10
906.05764
 20
258.990826
 30
0.0
 40
5.0
  1
.
 41
0.879
  7
MONOTXT
100
AcDbText
  0
TEXT
  5
1E55
100
AcDbEntity
  8
LISTE-6
100
AcDbText
 10
906.060894
 20
245.990826
 30
0.0
 40
5.0
  1
1
100
AcDbText
  0
TEXT
  5
1E56
100
AcDbEntity
  8
LISTE-6
100
AcDbText
 10
912.006894
 20
246.112826
 30
0.0
 40
5.0
  1
2
100
AcDbText
  0
TEXT
  5
1E57
100
AcDbEntity
  8
LISTE-6
100
AcDbText
 10
906.060894
 20
232.990826
 30
0.0
 40
5.0
  1
.
 41
0.879
  7
MONOTXT
100
AcDbText
  0
TEXT
  5
1E58
100
AcDbEntity
  8
LISTE-6
100
AcDbText
 10
912.006894
 20
233.112826
 30
0.0
 40
5.0
  1
2
100
AcDbText
  0
TEXT
  5
1E5A
100
AcDbEntity
  8
LISTE-6
100
AcDbText
 10
906.05764
 20
206.990826
 30
0.0
 40
5.0
  1
1
100
AcDbText
  0
TEXT
  5
1E5C
100
AcDbEntity
  8
LISTE-6
100
AcDbText
 10
912.00364
 20
194.112826
 30
0.0
 40
5.0
  1
2
100
AcDbText
  0
TEXT
  5
1E5D
100
AcDbEntity
  8
LISTE-6
100
AcDbText
 10
912.00364
 20
181.112826
 30
0.0
 40
5.0
  1
.
 41
0.879
  7
MONOTXT
100
AcDbText
  0
MTEXT
  5
1E6D
100
AcDbEntity
  8
LISTE-6
100
AcDbMText
 10
229.356287
 20
274.288818
 30
0.0
 40
2.5
 41
6.274632
 71
     1
 72
     5
  1
{o}
  0
MTEXT
  5
1E6F
100
AcDbEntity
  8
LISTE-6
100
AcDbMText
 10
229.298293
 20
274.484894
 30
0.0
 40
3.5
 41
6.613802
 71
     1
 72
     5
  1
{/}
  0
MTEXT
  5
1E78
100
AcDbEntity
  8
LISTE-6
100
AcDbMText
 10
278.286472
 20
279.067826
 30
0.0
 40
2.5
 41
6.274632
 71
     1
 72
     5
  1
{o}
  0
MTEXT
  5
1E79
100
AcDbEntity
  8
LISTE-6
100
AcDbMText
 10
278.228479
 20
279.263902
 30
0.0
 40
3.5
 41
6.613802
 71
     1
 72
     5
  1
{/}
  0
TEXT
  5
1FE1
100
AcDbEntity
  8
LISTE-6
100
AcDbText
 10
745.17264
 20
128.247826
 30
0.0
 40
3.5
  1
.
 41
0.686
  7
MONOTXT
100
AcDbText
  0
TEXT
  5
1FE2
100
AcDbEntity
  8
LISTE-6
100
AcDbText
 10
745.17264
 20
133.333826
 30
0.0
 40
3.5
  1
.
 41
0.686
  7
MONOTXT
100
AcDbText
  0
LINE
  5
1FE3
100
AcDbEntity
  8
LISTE-1
100
AcDbLine
 10
108.42264
 20
138.833826
 30
0.0
 11
925.42264
 21
138.833826
 31
0.0
  0
TEXT
  5
1FE4
100
AcDbEntity
  8
LISTE-6
100
AcDbText
 10
730.97264
 20
129.833826
 30
0.0
 40
5.0
  1
.
 41
0.48
  7
MONOTXT
100
AcDbText
  0
TEXT
  5
1FE5
100
AcDbEntity
  8
LISTE-6
100
AcDbText
 10
730.97264
 20
142.833826
 30
0.0
 40
5.0
  1
.
 41
0.48
  7
MONOTXT
100
AcDbText
  0
TEXT
  5
1FE6
100
AcDbEntity
  8
LISTE-6
100
AcDbText
 10
745.17264
 20
141.247826
 30
0.0
 40
3.5
  1
.
 41
0.686
  7
MONOTXT
100
AcDbText
  0
TEXT
  5
1FE7
100
AcDbEntity
  8
LISTE-6
100
AcDbText
 10
745.17264
 20
146.333826
 30
0.0
 40
3.5
  1
.
 41
0.686
  7
MONOTXT
100
AcDbText
  0
TEXT
  5
1FE8
100
AcDbEntity
  8
LISTE-6
100
AcDbText
 10
906.05764
 20
128.990826
 30
0.0
 40
5.0
  1
.
 41
0.879
  7
MONOTXT
100
AcDbText
  0
TEXT
  5
1FE9
100
AcDbEntity
  8
LISTE-6
100
AcDbText
 10
912.00364
 20
129.112826
 30
0.0
 40
5.0
  1
.
 41
0.879
  7
MONOTXT
100
AcDbText
  0
TEXT
  5
1FEA
100
AcDbEntity
  8
LISTE-6
100
AcDbText
 10
906.05764
 20
141.990826
 30
0.0
 40
5.0
  1
.
 41
0.879
  7
MONOTXT
100
AcDbText
  0
TEXT
  5
1FEB
100
AcDbEntity
  8
LISTE-6
100
AcDbText
 10
912.00364
 20
142.112826
 30
0.0
 40
5.0
  1
.
 41
0.879
  7
MONOTXT
100
AcDbText
  0
VIEWPORT
  5
22
100
AcDbEntity
 67
     1
  8
0
100
AcDbViewport
 10
480.288462
 20
297.0
 30
0.0
 40
960.576923
 41
594.0
 68
     1
 69
     1
1001
ACAD
1000
MVIEW
1002
{
1070
    16
1010
0.0
1020
0.0
1030
0.0
1010
0.0
1020
0.0
1030
1.0
1040
0.0
1040
594.0
1040
480.288462
1040
297.0
1040
50.0
1040
0.0
1040
0.0
1070
     0
1070
   100
1070
     1
1070
     3
1070
     0
1070
     0
1070
     0
1070
     0
1040
0.0
1040
0.0
1040
0.0
1040
1.0
1040
1.0
1040
10.0
1040
10.0
1070
     0
1002
{
1002
}
1002
}
  0
INSERT
  5
678
100
AcDbEntity
 67
     1
  8
0
100
AcDbBlockReference
  2
POS_TAB_B
 10
0.0
 20
0.0
 30
0.0
  0
POINT
  5
11D7
100
AcDbEntity
 67
     1
  8
0
 60
     1
100
AcDbPoint
 10
0.0
 20
0.0
 30
0.0
  0
INSERT
  5
1AFE
100
AcDbEntity
 67
     1
  8
LISTE-0
100
AcDbBlockReference
 66
     1
  2
STD_B
 10
0.0
 20
0.0
 30
0.0
1001
GENIUS_GENOREF_13
1005
1D01
  0
SEQEND
  5
1AFF
100
AcDbEntity
 67
     1
  8
LISTE-0
  0
INSERT
  5
1CA7
100
AcDbEntity
 67
     1
  8
LISTE-0
100
AcDbBlockReference
 66
     1
  2
SF_STD_B
 10
829.0
 20
12.0
 30
0.0
1001
GENIUS_GENOREF_13
1005
1D01
  0
ATTRIB
  5
1CA8
100
AcDbEntity
 67
     1
  8
RAHM5
100
AcDbText
 10
757.1157
 20
102.9863
 30
0.0
 40
5.0
  1
1:1
 41
0.72
  7
SF_TXT
100
AcDbAttribute
  2
GEN-TITLE-SCA{5.42}
 70
     0
  0
ATTRIB
  5
1CA9
100
AcDbEntity
 67
     1
  8
RAHM5
100
AcDbText
 10
822.0913
 20
103.109
 30
0.0
 40
5.0
  1
B
 41
0.78
  7
SF_TXT
100
AcDbAttribute
  2
FORMAT
 70
     8
  0
ATTRIB
  5
1CAA
100
AcDbEntity
 67
     1
  8
RAHM5
100
AcDbText
 10
757.944267
 20
31.7952
 30
0.0
 40
7.0
  1
506 010 21 01
 41
0.514
  7
SF_TXT
 72
     1
 11
779.9606
 21
31.7952
 31
0.0
100
AcDbAttribute
  2
ZEICHNUNGSNUMMER
 70
     8
  0
ATTRIB
  5
1CAB
100
AcDbEntity
 67
     1
  8
RAHM5
100
AcDbText
 10
820.545957
 20
30.8684
 30
0.0
 40
5.0
  1
3
 41
0.78
  7
SF_TXT
 72
     1
 11
822.4031
 21
30.8684
 31
0.0
100
AcDbAttribute
  2
BLATTNUMMER
 70
     8
  0
ATTRIB
  5
1CAC
100
AcDbEntity
 67
     1
  8
RAHM3
100
AcDbText
 10
779.5554
 20
73.8831
 30
0.0
 40
3.5
  1
EB/Installation
 41
0.557
  7
SF_TXT
100
AcDbAttribute
  2
ZEICHNUNGSART
 70
     8
  0
ATTRIB
  5
1CAD
100
AcDbEntity
 67
     1
  8
RAHM5
100
AcDbText
 10
747.4726
 20
66.8914
 30
0.0
 40
5.0
  1
Motor 12V 183 TB32
 41
0.546
  7
SF_TXT
100
AcDbAttribute
  2
BENENNUNG1
 70
     8
  0
ATTRIB
  5
1CAE
100
AcDbEntity
 67
     1
  8
RAHM5
100
AcDbText
 10
747.4726
 20
59.2474
 30
0.0
 40
5.0
  1
.
 41
0.546
  7
SF_TXT
100
AcDbAttribute
  2
BENENNUNG2
 70
     8
  0
ATTRIB
  5
1CAF
100
AcDbEntity
 67
     1
  8
RAHM3
100
AcDbText
 10
746.7093
 20
54.3294
 30
0.0
 40
3.5
  1
Installation Drawing
 41
0.557
  7
SF_TXT
100
AcDbAttribute
  2
BENENNUNG3
 70
     8
  0
ATTRIB
  5
1CB0
100
AcDbEntity
 67
     1
  8
RAHM3
100
AcDbText
 10
746.7093
 20
47.6979
 30
0.0
 40
3.5
  1
Engine 12V 183 TB32
 41
0.557
  7
SF_TXT
100
AcDbAttribute
  2
BENENNUNG4
 70
     8
  0
ATTRIB
  5
1CB1
100
AcDbEntity
 67
     1
  8
RAHM3
100
AcDbText
 10
789.3164
 20
54.3305
 30
0.0
 40
3.5
  1
.
 41
0.557
  7
SF_TXT
100
AcDbAttribute
  2
BENENNUNG5
 70
     8
  0
ATTRIB
  5
1CB2
100
AcDbEntity
 67
     1
  8
RAHM3
100
AcDbText
 10
789.3821
 20
47.7633
 30
0.0
 40
3.5
  1
.
 41
0.557
  7
SF_TXT
100
AcDbAttribute
  2
BENENNUNG6
 70
     8
  0
ATTRIB
  5
1CB3
100
AcDbEntity
 67
     1
  8
RAHM5
100
AcDbText
 10
793.8222
 20
103.005
 30
0.0
 40
5.0
  1
.
 41
0.78
  7
SF_TXT
100
AcDbAttribute
  2
MASSE
 70
     8
  0
ATTRIB
  5
1CB4
100
AcDbEntity
 67
     1
  8
RAHM3
100
AcDbText
 10
710.5798
 20
63.5502
 30
0.0
 40
3.5
  1
29.10.98
 41
0.58
  7
SF_TXT
100
AcDbAttribute
  2
ERSTELLDATUM
 70
     8
  0
ATTRIB
  5
1CB5
100
AcDbEntity
 67
     1
  8
RAHM3
100
AcDbText
 10
726.5278
 20
63.5502
 30
0.0
 40
3.5
  1
HAFENB
 41
0.6
  7
SF_TXT
100
AcDbAttribute
  2
ERSTELLER
 70
     8
  0
ATTRIB
  5
1CB6
100
AcDbEntity
 67
     1
  8
RAHM3
100
AcDbText
 10
710.5832
 20
57.8438
 30
0.0
 40
3.5
  1
03.11.98
 41
0.58
  7
SF_TXT
100
AcDbAttribute
  2
PRUEFDATUM
 70
     8
  0
ATTRIB
  5
1CB7
100
AcDbEntity
 67
     1
  8
RAHM3
100
AcDbText
 10
726.5397
 20
57.8438
 30
0.0
 40
3.5
  1
KUNZE
 41
0.6
  7
SF_TXT
100
AcDbAttribute
  2
PRUEFBEARBEITER
 70
     8
  0
ATTRIB
  5
1CB8
100
AcDbEntity
 67
     1
  8
RAHM3
100
AcDbText
 10
710.586
 20
52.2453
 30
0.0
 40
3.5
  1
11.11.98
 41
0.58
  7
SF_TXT
100
AcDbAttribute
  2
NORMDATUM
 70
     8
  0
ATTRIB
  5
1CB9
100
AcDbEntity
 67
     1
  8
RAHM3
100
AcDbText
 10
726.5174
 20
52.2453
 30
0.0
 40
3.5
  1
STERK
 41
0.6
  7
SF_TXT
100
AcDbAttribute
  2
NORMBEARBEITER
 70
     8
  0
ATTRIB
  5
1CBA
100
AcDbEntity
 67
     1
  8
RAHM3
100
AcDbText
 10
710.1563
 20
46.8488
 30
0.0
 40
3.5
  1
VE
 41
0.686
  7
SF_TXT
100
AcDbAttribute
  2
ABTEILUNG
 70
     8
  0
ATTRIB
  5
1CBB
100
AcDbEntity
 67
     1
  8
RAHM3
100
AcDbText
 10
726.5429
 20
46.8614
 30
0.0
 40
3.5
  1
KUNZE
 41
0.686
  7
SF_TXT
100
AcDbAttribute
  2
ABTEILUNGSLEITER
 70
     8
  0
ATTRIB
  5
1CBC
100
AcDbEntity
 67
     1
  8
RAHM3
100
AcDbText
 10
677.0
 20
93.4
 30
0.0
 40
3.5
  1
OM 444 LA
 41
0.5
  7
SF_TXT
100
AcDbAttribute
  2
VERWENDBARKEIT
 70
     8
  0
ATTRIB
  5
1CBD
100
AcDbEntity
 67
     1
  8
RAHM3
100
AcDbText
 10
677.0
 20
86.5
 30
0.0
 40
3.5
  1
.
 41
0.514
  7
SF_TXT
100
AcDbAttribute
  2
AUFTRAGSNUMMER
 70
     8
  0
ATTRIB
  5
1CBE
100
AcDbEntity
 67
     1
  8
RAHM3
100
AcDbText
 10
651.745011
 20
75.640165
 30
0.0
 40
3.5
  1
.
 41
0.514
  7
SF_TXT
100
AcDbAttribute
  2
REFERENZNUMMER
 70
     8
  0
ATTRIB
  5
1CBF
100
AcDbEntity
 67
     1
  8
RAHM3
100
AcDbText
 10
684.583333
 20
107.5
 30
0.0
 40
3.5
  1
.
 41
0.5
  7
SF_TXT
 72
     1
 11
685.0
 21
107.5
 31
0.0
100
AcDbAttribute
  2
AUSFUEHRUNG
 70
     8
  0
ATTRIB
  5
1CC0
100
AcDbEntity
 67
     1
  8
RAHM3
100
AcDbText
 10
684.583333
 20
100.5
 30
0.0
 40
3.5
  1
.
 41
0.5
  7
SF_TXT
 72
     1
 11
685.0
 21
100.5
 31
0.0
100
AcDbAttribute
  2
OBERFLAECHE
 70
     8
  0
ATTRIB
  5
1CC1
100
AcDbEntity
 67
     1
  8
RAHM5
100
AcDbText
 10
758.0
 20
93.5
 30
0.0
 40
5.0
  1
.
 41
0.546
  7
SF_TXT
100
AcDbAttribute
  2
WERKSTOFF
 70
     8
  0
ATTRIB
  5
1CC2
100
AcDbEntity
 67
     1
  8
RAHM5
100
AcDbText
 10
775.0
 20
82.0
 30
0.0
 40
5.0
  1
.
 41
0.546
  7
SF_TXT
100
AcDbAttribute
  2
HALBZEUG
 70
     8
  0
ATTRIB
  5
1CC3
100
AcDbEntity
 67
     1
  8
RAHM3
100
AcDbText
 10
699.521679
 20
74.661385
 30
0.0
 40
3.5
  1
.
 41
0.429
  7
SF_TXT
100
AcDbAttribute
  2
BERATUNG
 70
     8
  0
ATTRIB
  5
1CC4
100
AcDbEntity
 67
     1
  8
RAHM3
100
AcDbText
 10
699.362239
 20
80.258935
 30
0.0
 40
3.5
  1
.
 41
0.6
  7
SF_TXT
100
AcDbAttribute
  2
BERATUNGDATUM
 70
     8
  0
ATTRIB
  5
1CC5
100
AcDbEntity
 67
     1
  8
RAHM3
100
AcDbText
 10
715.603351
 20
76.760546
 30
0.0
 40
2.5
  1
.
 41
0.953
  7
SF_TXT
100
AcDbAttribute
  2
VORLAUFKLASSE
 70
     8
  0
ATTRIB
  5
1CC6
100
AcDbEntity
 67
     1
  8
RAHM3
100
AcDbText
 10
474.971
 20
21.5498
 30
0.0
 40
3.5
  1
e
 41
0.686
  7
SF_TXT
 72
     1
 11
476.0
 21
21.5498
 31
0.0
100
AcDbAttribute
  2
B_FREI
 70
     8
  0
ATTRIB
  5
1CC7
100
AcDbEntity
 67
     1
  8
RAHM3
100
AcDbText
 10
485.513667
 20
21.556217
 30
0.0
 40
3.5
  1
-
 41
0.686
  7
SF_TXT
 72
     1
 11
487.0
 21
21.556217
 31
0.0
100
AcDbAttribute
  2
K_FREI
 70
     8
  0
ATTRIB
  5
1CC8
100
AcDbEntity
 67
     1
  8
RAHM3
100
AcDbText
 10
494.0
 20
21.5197
 30
0.0
 40
3.5
  1
n.Orig.f.gl.Nr.v. 02.05.90, war Catia
 41
0.6
  7
SF_TXT
100
AcDbAttribute
  2
AE_FREI
 70
     8
  0
ATTRIB
  5
1CC9
100
AcDbEntity
 67
     1
  8
RAHM3
100
AcDbText
 10
572.0
 20
21.4876
 30
0.0
 40
3.5
  1
T 8305/98
 41
0.651
  7
SF_TXT
100
AcDbAttribute
  2
NR-FREI
 70
     8
  0
ATTRIB
  5
1CCA
100
AcDbEntity
 67
     1
  8
RAHM3
100
AcDbText
 10
595.0
 20
21.5041
 30
0.0
 40
3.5
  1
29.10.98
 41
0.62
  7
SF_TXT
100
AcDbAttribute
  2
D-FREI
 70
     8
  0
ATTRIB
  5
1CCB
100
AcDbEntity
 67
     1
  8
RAHM3
100
AcDbText
 10
611.0
 20
21.5041
 30
0.0
 40
3.5
  1
Hafenb
 41
0.55
  7
SF_TXT
100
AcDbAttribute
  2
N-FREI
 70
     8
  0
ATTRIB
  5
1CCC
100
AcDbEntity
 67
     1
  8
RAHM3
100
AcDbText
 10
626.5
 20
21.4971
 30
0.0
 40
3.5
  1
.
 41
0.5
  7
SF_TXT
100
AcDbAttribute
  2
G-FREI
 70
     8
  0
ATTRIB
  5
1CCD
100
AcDbEntity
 67
     1
  8
RAHM3
100
AcDbText
 10
475.428333
 20
27.1181
 30
0.0
 40
3.5
  1
.
 41
0.686
  7
SF_TXT
 72
     1
 11
476.0
 21
27.1181
 31
0.0
100
AcDbAttribute
  2
B_A
 70
     8
  0
ATTRIB
  5
1CCE
100
AcDbEntity
 67
     1
  8
RAHM3
100
AcDbText
 10
486.428333
 20
27.124517
 30
0.0
 40
3.5
  1
.
 41
0.686
  7
SF_TXT
 72
     1
 11
487.0
 21
27.124517
 31
0.0
100
AcDbAttribute
  2
K_A
 70
     8
  0
ATTRIB
  5
1CCF
100
AcDbEntity
 67
     1
  8
RAHM3
100
AcDbText
 10
494.0
 20
27.088
 30
0.0
 40
3.5
  1
.
 41
0.6
  7
SF_TXT
100
AcDbAttribute
  2
AE_A
 70
     8
  0
ATTRIB
  5
1CD0
100
AcDbEntity
 67
     1
  8
RAHM3
100
AcDbText
 10
572.0
 20
27.1222
 30
0.0
 40
3.5
  1
.
 41
0.651
  7
SF_TXT
100
AcDbAttribute
  2
NR-REVA
 70
     8
  0
ATTRIB
  5
1CD1
100
AcDbEntity
 67
     1
  8
RAHM3
100
AcDbText
 10
595.0
 20
27.0973
 30
0.0
 40
3.5
  1
.
 41
0.62
  7
SF_TXT
100
AcDbAttribute
  2
D-REVA
 70
     8
  0
ATTRIB
  5
1CD2
100
AcDbEntity
 67
     1
  8
RAHM3
100
AcDbText
 10
611.0
 20
27.0973
 30
0.0
 40
3.5
  1
.
 41
0.55
  7
SF_TXT
100
AcDbAttribute
  2
N-REVA
 70
     8
  0
ATTRIB
  5
1CD3
100
AcDbEntity
 67
     1
  8
RAHM3
100
AcDbText
 10
626.5
 20
27.1164
 30
0.0
 40
3.5
  1
.
 41
0.5
  7
SF_TXT
100
AcDbAttribute
  2
G-REVA
 70
     8
  0
ATTRIB
  5
1CD4
100
AcDbEntity
 67
     1
  8
RAHM3
100
AcDbText
 10
475.428333
 20
32.6862
 30
0.0
 40
3.5
  1
.
 41
0.686
  7
SF_TXT
 72
     1
 11
476.0
 21
32.6862
 31
0.0
100
AcDbAttribute
  2
B_B
 70
     8
  0
ATTRIB
  5
1CD5
100
AcDbEntity
 67
     1
  8
RAHM3
100
AcDbText
 10
486.428333
 20
32.68306
 30
0.0
 40
3.5
  1
.
 41
0.686
  7
SF_TXT
 72
     1
 11
487.0
 21
32.68306
 31
0.0
100
AcDbAttribute
  2
K_B
 70
     8
  0
ATTRIB
  5
1CD6
100
AcDbEntity
 67
     1
  8
RAHM3
100
AcDbText
 10
494.0
 20
32.6812
 30
0.0
 40
3.5
  1
.
 41
0.6
  7
SF_TXT
100
AcDbAttribute
  2
AE_B
 70
     8
  0
ATTRIB
  5
1CD7
100
AcDbEntity
 67
     1
  8
RAHM3
100
AcDbText
 10
572.0
 20
32.5715
 30
0.0
 40
3.5
  1
.
 41
0.651
  7
SF_TXT
100
AcDbAttribute
  2
NR-REVB
 70
     8
  0
ATTRIB
  5
1CD8
100
AcDbEntity
 67
     1
  8
RAHM3
100
AcDbText
 10
595.0
 20
32.5524
 30
0.0
 40
3.5
  1
.
 41
0.62
  7
SF_TXT
100
AcDbAttribute
  2
D-REVB
 70
     8
  0
ATTRIB
  5
1CD9
100
AcDbEntity
 67
     1
  8
RAHM3
100
AcDbText
 10
611.0
 20
32.5524
 30
0.0
 40
3.5
  1
.
 41
0.55
  7
SF_TXT
100
AcDbAttribute
  2
N-REVB
 70
     8
  0
ATTRIB
  5
1CDA
100
AcDbEntity
 67
     1
  8
RAHM3
100
AcDbText
 10
626.5
 20
32.5276
 30
0.0
 40
3.5
  1
.
 41
0.5
  7
SF_TXT
100
AcDbAttribute
  2
G-REVB
 70
     8
  0
ATTRIB
  5
1CDB
100
AcDbEntity
 67
     1
  8
RAHM3
100
AcDbText
 10
475.428333
 20
38.2545
 30
0.0
 40
3.5
  1
.
 41
0.686
  7
SF_TXT
 72
     1
 11
476.0
 21
38.2545
 31
0.0
100
AcDbAttribute
  2
B_C
 70
     8
  0
ATTRIB
  5
1CDC
100
AcDbEntity
 67
     1
  8
RAHM3
100
AcDbText
 10
486.428333
 20
38.2545
 30
0.0
 40
3.5
  1
.
 41
0.686
  7
SF_TXT
 72
     1
 11
487.0
 21
38.2545
 31
0.0
100
AcDbAttribute
  2
K_C
 70
     8
  0
ATTRIB
  5
1CDD
100
AcDbEntity
 67
     1
  8
RAHM3
100
AcDbText
 10
494.0
 20
38.2744
 30
0.0
 40
3.5
  1
.
 41
0.6
  7
SF_TXT
100
AcDbAttribute
  2
AE_C
 70
     8
  0
ATTRIB
  5
1CDE
100
AcDbEntity
 67
     1
  8
RAHM3
100
AcDbText
 10
572.0
 20
38.1457
 30
0.0
 40
3.5
  1
.
 41
0.651
  7
SF_TXT
100
AcDbAttribute
  2
NR-REVC
 70
     8
  0
ATTRIB
  5
1CDF
100
AcDbEntity
 67
     1
  8
RAHM3
100
AcDbText
 10
595.0
 20
38.1457
 30
0.0
 40
3.5
  1
.
 41
0.62
  7
SF_TXT
100
AcDbAttribute
  2
D-REVC
 70
     8
  0
ATTRIB
  5
1CE0
100
AcDbEntity
 67
     1
  8
RAHM3
100
AcDbText
 10
611.0
 20
38.1457
 30
0.0
 40
3.5
  1
.
 41
0.55
  7
SF_TXT
100
AcDbAttribute
  2
N-REVC
 70
     8
  0
ATTRIB
  5
1CE1
100
AcDbEntity
 67
     1
  8
RAHM3
100
AcDbText
 10
626.5
 20
38.1469
 30
0.0
 40
3.5
  1
.
 41
0.5
  7
SF_TXT
100
AcDbAttribute
  2
G-REVC
 70
     8
  0
ATTRIB
  5
1CE2
100
AcDbEntity
 67
     1
  8
RAHM3
100
AcDbText
 10
475.428333
 20
43.8478
 30
0.0
 40
3.5
  1
.
 41
0.686
  7
SF_TXT
 72
     1
 11
476.0
 21
43.8478
 31
0.0
100
AcDbAttribute
  2
B_D
 70
     8
  0
ATTRIB
  5
1CE3
100
AcDbEntity
 67
     1
  8
RAHM3
100
AcDbText
 10
486.428333
 20
43.8478
 30
0.0
 40
3.5
  1
.
 41
0.686
  7
SF_TXT
 72
     1
 11
487.0
 21
43.8478
 31
0.0
100
AcDbAttribute
  2
K_D
 70
     8
  0
ATTRIB
  5
1CE4
100
AcDbEntity
 67
     1
  8
RAHM3
100
AcDbText
 10
494.0
 20
43.8677
 30
0.0
 40
3.5
  1
.
 41
0.6
  7
SF_TXT
100
AcDbAttribute
  2
AE_D
 70
     8
  0
ATTRIB
  5
1CE5
100
AcDbEntity
 67
     1
  8
RAHM3
100
AcDbText
 10
572.0
 20
43.7389
 30
0.0
 40
3.5
  1
.
 41
0.651
  7
SF_TXT
100
AcDbAttribute
  2
NR-REVD
 70
     8
  0
ATTRIB
  5
1CE6
100
AcDbEntity
 67
     1
  8
RAHM3
100
AcDbText
 10
595.0
 20
43.7389
 30
0.0
 40
3.5
  1
.
 41
0.62
  7
SF_TXT
100
AcDbAttribute
  2
D-REVD
 70
     8
  0
ATTRIB
  5
1CE7
100
AcDbEntity
 67
     1
  8
RAHM3
100
AcDbText
 10
611.0
 20
43.7389
 30
0.0
 40
3.5
  1
.
 41
0.55
  7
SF_TXT
100
AcDbAttribute
  2
N-REVD
 70
     8
  0
ATTRIB
  5
1CE8
100
AcDbEntity
 67
     1
  8
RAHM3
100
AcDbText
 10
626.5
 20
43.7662
 30
0.0
 40
3.5
  1
.
 41
0.5
  7
SF_TXT
100
AcDbAttribute
  2
G-REVD
 70
     8
  0
ATTRIB
  5
1CE9
100
AcDbEntity
 67
     1
  8
RAHM3
100
AcDbText
 10
475.428333
 20
49.441
 30
0.0
 40
3.5
  1
.
 41
0.686
  7
SF_TXT
 72
     1
 11
476.0
 21
49.441
 31
0.0
100
AcDbAttribute
  2
B_E
 70
     8
  0
ATTRIB
  5
1CEA
100
AcDbEntity
 67
     1
  8
RAHM3
100
AcDbText
 10
486.428333
 20
49.441
 30
0.0
 40
3.5
  1
.
 41
0.686
  7
SF_TXT
 72
     1
 11
487.0
 21
49.441
 31
0.0
100
AcDbAttribute
  2
K_E
 70
     8
  0
ATTRIB
  5
1CEB
100
AcDbEntity
 67
     1
  8
RAHM3
100
AcDbText
 10
494.0
 20
49.4609
 30
0.0
 40
3.5
  1
.
 41
0.6
  7
SF_TXT
100
AcDbAttribute
  2
AE_E
 70
     8
  0
ATTRIB
  5
1CEC
100
AcDbEntity
 67
     1
  8
RAHM3
100
AcDbText
 10
572.0
 20
49.3321
 30
0.0
 40
3.5
  1
.
 41
0.651
  7
SF_TXT
100
AcDbAttribute
  2
NR-REVE
 70
     8
  0
ATTRIB
  5
1CED
100
AcDbEntity
 67
     1
  8
RAHM3
100
AcDbText
 10
595.0
 20
49.3321
 30
0.0
 40
3.5
  1
.
 41
0.62
  7
SF_TXT
100
AcDbAttribute
  2
D-REVE
 70
     8
  0
ATTRIB
  5
1CEE
100
AcDbEntity
 67
     1
  8
RAHM3
100
AcDbText
 10
611.0
 20
49.3321
 30
0.0
 40
3.5
  1
.
 41
0.55
  7
SF_TXT
100
AcDbAttribute
  2
N-REVE
 70
     8
  0
ATTRIB
  5
1CEF
100
AcDbEntity
 67
     1
  8
RAHM3
100
AcDbText
 10
626.5
 20
49.3161
 30
0.0
 40
3.5
  1
.
 41
0.5
  7
SF_TXT
100
AcDbAttribute
  2
G-REVE
 70
     8
  0
ATTRIB
  5
1CF0
100
AcDbEntity
 67
     1
  8
RAHM3
100
AcDbText
 10
447.0
 20
25.0
 30
0.0
 40
3.5
  1
.
 41
0.686
  7
SF_TXT
100
AcDbAttribute
  2
P_1
 70
     8
  0
ATTRIB
  5
1CF1
100
AcDbEntity
 67
     1
  8
RAHM3
100
AcDbText
 10
452.0
 20
28.0
 30
0.0
 40
3.0
  1
.
 41
0.8
  7
SF_TXT
100
AcDbAttribute
  2
PO_1
 70
     8
  0
ATTRIB
  5
1CF2
100
AcDbEntity
 67
     1
  8
RAHM3
100
AcDbText
 10
452.0
 20
21.3
 30
0.0
 40
3.0
  1
.
 41
0.8
  7
SF_TXT
100
AcDbAttribute
  2
PU_1
 70
     8
  0
ATTRIB
  5
1CF3
100
AcDbEntity
 67
     1
  8
RAHM3
100
AcDbText
 10
461.0
 20
26.881
 30
0.0
 40
3.0
  1
.
 41
0.686
  7
SF_TXT
100
AcDbAttribute
  2
AB_A
 70
     8
  0
ATTRIB
  5
1CF4
100
AcDbEntity
 67
     1
  8
RAHM3
100
AcDbText
 10
461.0
 20
21.5
 30
0.0
 40
3.0
  1
.
 41
0.686
  7
SF_TXT
100
AcDbAttribute
  2
AB_FREI
 70
     8
  0
ATTRIB
  5
1CF5
100
AcDbEntity
 67
     1
  8
RAHM3
100
AcDbText
 10
447.0
 20
36.0
 30
0.0
 40
3.5
  1
.
 41
0.686
  7
SF_TXT
100
AcDbAttribute
  2
P_2
 70
     8
  0
ATTRIB
  5
1CF6
100
AcDbEntity
 67
     1
  8
RAHM3
100
AcDbText
 10
452.0
 20
39.2
 30
0.0
 40
3.0
  1
.
 41
0.8
  7
SF_TXT
100
AcDbAttribute
  2
PO_2
 70
     8
  0
ATTRIB
  5
1CF7
100
AcDbEntity
 67
     1
  8
RAHM3
100
AcDbText
 10
452.0
 20
32.5
 30
0.0
 40
3.0
  1
.
 41
0.8
  7
SF_TXT
100
AcDbAttribute
  2
PU_2
 70
     8
  0
ATTRIB
  5
1CF8
100
AcDbEntity
 67
     1
  8
RAHM3
100
AcDbText
 10
461.0
 20
38.3
 30
0.0
 40
3.0
  1
.
 41
0.686
  7
SF_TXT
100
AcDbAttribute
  2
AB_C
 70
     8
  0
ATTRIB
  5
1CF9
100
AcDbEntity
 67
     1
  8
RAHM3
100
AcDbText
 10
461.0
 20
32.7
 30
0.0
 40
3.0
  1
.
 41
0.686
  7
SF_TXT
100
AcDbAttribute
  2
AB_B
 70
     8
  0
ATTRIB
  5
1CFA
100
AcDbEntity
 67
     1
  8
RAHM3
100
AcDbText
 10
447.0
 20
47.0
 30
0.0
 40
3.5
  1
.
 41
0.686
  7
SF_TXT
100
AcDbAttribute
  2
P_3
 70
     8
  0
ATTRIB
  5
1CFB
100
AcDbEntity
 67
     1
  8
RAHM3
100
AcDbText
 10
452.0
 20
50.4
 30
0.0
 40
3.0
  1
.
 41
0.8
  7
SF_TXT
100
AcDbAttribute
  2
PO_3
 70
     8
  0
ATTRIB
  5
1CFC
100
AcDbEntity
 67
     1
  8
RAHM3
100
AcDbText
 10
452.0
 20
43.5
 30
0.0
 40
3.0
  1
.
 41
0.8
  7
SF_TXT
100
AcDbAttribute
  2
PU_3
 70
     8
  0
ATTRIB
  5
1CFD
100
AcDbEntity
 67
     1
  8
RAHM3
100
AcDbText
 10
461.0
 20
49.5
 30
0.0
 40
3.0
  1
.
 41
0.686
  7
SF_TXT
100
AcDbAttribute
  2
AB_E
 70
     8
  0
ATTRIB
  5
1CFE
100
AcDbEntity
 67
     1
  8
RAHM3
100
AcDbText
 10
461.0
 20
43.9
 30
0.0
 40
3.0
  1
.
 41
0.686
  7
SF_TXT
100
AcDbAttribute
  2
AB_D
 70
     8
  0
ATTRIB
  5
1CFF
100
AcDbEntity
 67
     1
  8
RAHM2
100
AcDbText
 10
669.338425
 20
40.852174
 30
0.0
 40
1.0
  1

 41
0.1
  7
SF_TXT
100
AcDbAttribute
  2
SCHRIFTFELD
 70
     8
  0
SEQEND
  5
1D00
100
AcDbEntity
 67
     1
  8
LISTE-0
  0
POINT
  5
1D01
100
AcDbEntity
 67
     1
  8
0
 60
     1
100
AcDbPoint
 10
0.0
 20
0.0
 30
0.0
1001
GENIUS_GENOBJ-N-TIT_13
1002
{
1000
OWNER
1000
GEN
1002
}
1001
GENIUS_GENOENT_13
1002
{
1000
MYREF
1005
1D01
1002
}
1002
{
1000
GRP
1005
0
1002
}
1001
GENIUS_GENOLIS_13
1002
{
1000
ENT
1005
1CA7
1005
1AFE
1002
}
1001
GENIUS_GENTITLE_13
1002
{
1000
SCALE
1000
1:1
1002
}
1002
{
1000
BORDER
1000
STD_B
1002
}
1002
{
1000
TITLE
1000
SF_STD_B
1002
}
1002
{
1000
UNCHG
1002
{
1000
GEN-TITLE-SCA
1000
GEN-TITLE-SIZ
1002
}
1002
}
1002
{
1000
HRA
1005
1AFE
1002
}
1002
{
1000
HTIT
1005
1CA7
1002
}
1002
{
1000
GENIUSID
1005
1D01
1002
}
1001
GENIUS_GENODEF_13
1002
{
1000
HIER
1070
     1
1002
}
1002
{
1000
MANEDIT
1070
     0
1002
}
1002
{
1000
NOSEL
1070
     0
1002
}
1002
{
1000
BEHIND
1070
     0
1002
}
1002
{
1000
REACTOR
1002
}
  0
VIEWPORT
  5
1E84
100
AcDbEntity
 67
     1
  8
VIEW
100
AcDbViewport
 10
421.277113
 20
353.116178
 30
0.0
 40
825.779501
 41
466.113031
 68
     2
 69
     2
1001
ACAD
1000
MVIEW
1002
{
1070
    16
1010
0.0
1020
0.0
1030
0.0
1010
0.0
1020
0.0
1030
1.0
1040
0.0
1040
466.113031
1040
517.69746
1040
338.941451
1040
50.0
1040
0.0
1040
0.0
1070
     0
1070
   100
1070
     1
1070
     1
1070
     0
1070
     0
1070
     0
1070
     0
1040
0.0
1040
0.0
1040
0.0
1040
1.0
1040
1.0
1040
10.0
1040
10.0
1070
     0
1002
{
1002
}
1002
}
  0
ENDSEC
  0
SECTION
  2
OBJECTS
  0
DICTIONARY
  5
C
100
AcDbDictionary
  3
ACAD_GROUP
350
D
  3
ACAD_MLINESTYLE
350
E
  0
DICTIONARY
  5
D
102
{ACAD_REACTORS
330
C
102
}
100
AcDbDictionary
  0
DICTIONARY
  5
E
102
{ACAD_REACTORS
330
C
102
}
100
AcDbDictionary
  3
STANDARD
350
13
  0
MLINESTYLE
  5
13
102
{ACAD_REACTORS
330
E
102
}
100
AcDbMlineStyle
  2
STANDARD
 70
     0
  3

 62
     0
 51
90.0
 52
90.0
 71
     2
 49
0.5
 62
   256
  6
BYLAYER
 49
-0.5
 62
   256
  6
BYLAYER
  0
ENDSEC
  0
EOF
