  0
SECTION
  2
HEADER
  9
$ACADVER
  1
AC1032
  9
$ACADMAINTVER
 90
4
  9
$DWGCODEPAGE
  3
ANSI_1252
  9
$LASTSAVEDBY
  1
ezdxf
  9
$REQUIREDVERSIONS
160
0
  9
$INSBASE
 10
0.0
 20
0.0
 30
0.0
  9
$EXTMIN
 10
1e+20
 20
1e+20
 30
1e+20
  9
$EXTMAX
 10
-1e+20
 20
-1e+20
 30
-1e+20
  9
$LIMMIN
 10
0.0
 20
0.0
  9
$LIMMAX
 10
420.0
 20
297.0
  9
$ORTHOMODE
 70
0
  9
$REGENMODE
 70
1
  9
$FILLMODE
 70
1
  9
$QTEXTMODE
 70
0
  9
$MIRRTEXT
 70
1
  9
$LTSCALE
 40
1.0
  9
$ATTMODE
 70
1
  9
$TEXTSIZE
 40
2.5
  9
$TRACEWID
 40
1.0
  9
$TEXTSTYLE
  7
OpenSans
  9
$CLAYER
  8
0
  9
$CELTYPE
  6
ByLayer
  9
$CECOLOR
 62
256
  9
$CELTSCALE
 40
1.0
  9
$DISPSILH
 70
0
  9
$DIMSCALE
 40
1.0
  9
$DIMASZ
 40
0.175
  9
$DIMEXO
 40
0.125
  9
$DIMDLI
 40
3.75
  9
$DIMRND
 40
0.0
  9
$DIMDLE
 40
0.0
  9
$DIMEXE
 40
0.375
  9
$DIMTP
 40
0.0
  9
$DIMTM
 40
0.0
  9
$DIMTXT
 40
0.25
  9
$DIMCEN
 40
2.5
  9
$DIMTSZ
 40
0.0
  9
$DIMTOL
 70
0
  9
$DIMLIM
 70
0
  9
$DIMTIH
 70
0
  9
$DIMTOH
 70
0
  9
$DIMSE1
 70
0
  9
$DIMSE2
 70
0
  9
$DIMTAD
 70
1
  9
$DIMZIN
 70
12
  9
$DIMBLK
  1
ARCHTICK
  9
$DIMASO
 70
1
  9
$DIMSHO
 70
1
  9
$DIMPOST
  1

  9
$DIMAPOST
  1

  9
$DIMALT
 70
0
  9
$DIMALTD
 70
3
  9
$DIMALTF
 40
0.03937007874
  9
$DIMLFAC
 40
100.0
  9
$DIMTOFL
 70
1
  9
$DIMTVP
 40
0.0
  9
$DIMTIX
 70
0
  9
$DIMSOXD
 70
0
  9
$DIMSAH
 70
0
  9
$DIMBLK1
  1

  9
$DIMBLK2
  1

  9
$DIMSTYLE
  2
EZDXF
  9
$DIMCLRD
 70
0
  9
$DIMCLRE
 70
0
  9
$DIMCLRT
 70
0
  9
$DIMTFAC
 40
0.5
  9
$DIMGAP
 40
0.1
  9
$DIMJUST
 70
0
  9
$DIMSD1
 70
0
  9
$DIMSD2
 70
0
  9
$DIMTOLJ
 70
0
  9
$DIMTZIN
 70
8
  9
$DIMALTZ
 70
0
  9
$DIMALTTZ
 70
0
  9
$DIMUPT
 70
1
  9
$DIMDEC
 70
2
  9
$DIMTDEC
 70
2
  9
$DIMALTU
 70
2
  9
$DIMALTTD
 70
3
  9
$DIMTXSTY
  7
OpenSansCondensed-Light
  9
$DIMAUNIT
 70
0
  9
$DIMADEC
 70
2
  9
$DIMALTRND
 40
0.0
  9
$DIMAZIN
 70
3
  9
$DIMDSEP
 70
46
  9
$DIMATFIT
 70
3
  9
$DIMFRAC
 70
0
  9
$DIMLDRBLK
  1

  9
$DIMLUNIT
 70
2
  9
$DIMLWD
 70
-2
  9
$DIMLWE
 70
-2
  9
$DIMTMOVE
 70
2
  9
$DIMFXL
 40
1.0
  9
$DIMFXLON
 70
0
  9
$DIMJOGANG
 40
0.785398163397
  9
$DIMTFILL
 70
0
  9
$DIMTFILLCLR
 70
0
  9
$DIMARCSYM
 70
0
  9
$DIMLTYPE
  6

  9
$DIMLTEX1
  6

  9
$DIMLTEX2
  6

  9
$DIMTXTDIRECTION
 70
0
  9
$LUNITS
 70
2
  9
$LUPREC
 70
4
  9
$SKETCHINC
 40
1.0
  9
$FILLETRAD
 40
10.0
  9
$AUNITS
 70
0
  9
$AUPREC
 70
2
  9
$MENU
  1
.
  9
$ELEVATION
 40
0.0
  9
$PELEVATION
 40
0.0
  9
$THICKNESS
 40
0.0
  9
$LIMCHECK
 70
0
  9
$CHAMFERA
 40
0.0
  9
$CHAMFERB
 40
0.0
  9
$CHAMFERC
 40
0.0
  9
$CHAMFERD
 40
0.0
  9
$SKPOLY
 70
0
  9
$TDCREATE
 40
2461119.6839814815
  9
$TDUCREATE
 40
2458532.153996898
  9
$TDUPDATE
 40
2461119.6839814815
  9
$TDUUPDATE
 40
2458532.1544311
  9
$TDINDWG
 40
0.0
  9
$TDUSRTIMER
 40
0.0
  9
$USRTIMER
 70
1
  9
$ANGBASE
 50
0.0
  9
$ANGDIR
 70
0
  9
$PDMODE
 70
0
  9
$PDSIZE
 40
0.0
  9
$PLINEWID
 40
0.0
  9
$SPLFRAME
 70
0
  9
$SPLINETYPE
 70
6
  9
$SPLINESEGS
 70
8
  9
$HANDSEED
  5
2BF
  9
$SURFTAB1
 70
6
  9
$SURFTAB2
 70
6
  9
$SURFTYPE
 70
6
  9
$SURFU
 70
6
  9
$SURFV
 70
6
  9
$UCSBASE
  2

  9
$UCSNAME
  2

  9
$UCSORG
 10
0.0
 20
0.0
 30
0.0
  9
$UCSXDIR
 10
1.0
 20
0.0
 30
0.0
  9
$UCSYDIR
 10
0.0
 20
1.0
 30
0.0
  9
$UCSORTHOREF
  2

  9
$UCSORTHOVIEW
 70
0
  9
$UCSORGTOP
 10
0.0
 20
0.0
 30
0.0
  9
$UCSORGBOTTOM
 10
0.0
 20
0.0
 30
0.0
  9
$UCSORGLEFT
 10
0.0
 20
0.0
 30
0.0
  9
$UCSORGRIGHT
 10
0.0
 20
0.0
 30
0.0
  9
$UCSORGFRONT
 10
0.0
 20
0.0
 30
0.0
  9
$UCSORGBACK
 10
0.0
 20
0.0
 30
0.0
  9
$PUCSBASE
  2

  9
$PUCSNAME
  2

  9
$PUCSORG
 10
0.0
 20
0.0
 30
0.0
  9
$PUCSXDIR
 10
1.0
 20
0.0
 30
0.0
  9
$PUCSYDIR
 10
0.0
 20
1.0
 30
0.0
  9
$PUCSORTHOREF
  2

  9
$PUCSORTHOVIEW
 70
0
  9
$PUCSORGTOP
 10
0.0
 20
0.0
 30
0.0
  9
$PUCSORGBOTTOM
 10
0.0
 20
0.0
 30
0.0
  9
$PUCSORGLEFT
 10
0.0
 20
0.0
 30
0.0
  9
$PUCSORGRIGHT
 10
0.0
 20
0.0
 30
0.0
  9
$PUCSORGFRONT
 10
0.0
 20
0.0
 30
0.0
  9
$PUCSORGBACK
 10
0.0
 20
0.0
 30
0.0
  9
$USERI1
 70
0
  9
$USERI2
 70
0
  9
$USERI3
 70
0
  9
$USERI4
 70
0
  9
$USERI5
 70
0
  9
$USERR1
 40
0.0
  9
$USERR2
 40
0.0
  9
$USERR3
 40
0.0
  9
$USERR4
 40
0.0
  9
$USERR5
 40
0.0
  9
$WORLDVIEW
 70
1
  9
$SHADEDGE
 70
3
  9
$SHADEDIF
 70
70
  9
$TILEMODE
 70
1
  9
$MAXACTVP
 70
64
  9
$PINSBASE
 10
0.0
 20
0.0
 30
0.0
  9
$PLIMCHECK
 70
0
  9
$PEXTMIN
 10
1e+20
 20
1e+20
 30
1e+20
  9
$PEXTMAX
 10
-1e+20
 20
-1e+20
 30
-1e+20
  9
$PLIMMIN
 10
0.0
 20
0.0
  9
$PLIMMAX
 10
420.0
 20
297.0
  9
$UNITMODE
 70
0
  9
$VISRETAIN
 70
1
  9
$PLINEGEN
 70
0
  9
$PSLTSCALE
 70
1
  9
$TREEDEPTH
 70
3020
  9
$CMLSTYLE
  2
Standard
  9
$CMLJUST
 70
0
  9
$CMLSCALE
 40
20.0
  9
$PROXYGRAPHICS
 70
1
  9
$MEASUREMENT
 70
1
  9
$CELWEIGHT
370
-1
  9
$ENDCAPS
280
0
  9
$JOINSTYLE
280
0
  9
$LWDISPLAY
290
0
  9
$INSUNITS
 70
6
  9
$HYPERLINKBASE
  1

  9
$STYLESHEET
  1

  9
$XEDIT
290
1
  9
$CEPSNTYPE
380
0
  9
$PSTYLEMODE
290
1
  9
$FINGERPRINTGUID
  2
{FB7D6449-ADC1-41F5-85FB-CC4E90E9E3BA}
  9
$VERSIONGUID
  2
{13AFE32C-0A7D-453B-966D-A6FB6DE5F65C}
  9
$EXTNAMES
290
1
  9
$PSVPSCALE
 40
0.0
  9
$OLESTARTUP
290
0
  9
$SORTENTS
280
127
  9
$INDEXCTL
280
0
  9
$HIDETEXT
280
1
  9
$XCLIPFRAME
280
1
  9
$HALOGAP
280
0
  9
$OBSCOLOR
 70
257
  9
$OBSLTYPE
280
0
  9
$INTERSECTIONDISPLAY
280
0
  9
$INTERSECTIONCOLOR
 70
257
  9
$DIMASSOC
280
2
  9
$PROJECTNAME
  1

  9
$CAMERADISPLAY
290
0
  9
$LENSLENGTH
 40
50.0
  9
$CAMERAHEIGHT
 40
0.0
  9
$STEPSPERSEC
 40
24.0
  9
$STEPSIZE
 40
100.0
  9
$3DDWFPREC
 40
2.0
  9
$PSOLWIDTH
 40
0.005
  9
$PSOLHEIGHT
 40
0.08
  9
$LOFTANG1
 40
1.570796326795
  9
$LOFTANG2
 40
1.570796326795
  9
$LOFTMAG1
 40
0.0
  9
$LOFTMAG2
 40
0.0
  9
$LOFTPARAM
 70
7
  9
$LOFTNORMALS
280
1
  9
$LATITUDE
 40
37.795
  9
$LONGITUDE
 40
-122.394
  9
$NORTHDIRECTION
 40
0.0
  9
$TIMEZONE
 70
-8000
  9
$LIGHTGLYPHDISPLAY
280
1
  9
$TILEMODELIGHTSYNCH
280
1
  9
$CMATERIAL
347
20
  9
$SOLIDHIST
280
0
  9
$SHOWHIST
280
1
  9
$DWFFRAME
280
2
  9
$DGNFRAME
280
2
  9
$REALWORLDSCALE
290
1
  9
$INTERFERECOLOR
 62
256
  9
$CSHADOW
280
0
  9
$SHADOWPLANELOCATION
 40
0.0
  0
ENDSEC
  0
SECTION
  2
CLASSES
  0
CLASS
  1
ACDBDICTIONARYWDFLT
  2
AcDbDictionaryWithDefault
  3
ObjectDBX Classes
 90
0
 91
0
280
0
281
0
  0
CLASS
  1
SUN
  2
AcDbSun
  3
SCENEOE
 90
1153
 91
0
280
0
281
0
  0
CLASS
  1
VISUALSTYLE
  2
AcDbVisualStyle
  3
ObjectDBX Classes
 90
4095
 91
0
280
0
281
0
  0
CLASS
  1
MATERIAL
  2
AcDbMaterial
  3
ObjectDBX Classes
 90
1153
 91
0
280
0
281
0
  0
CLASS
  1
SCALE
  2
AcDbScale
  3
ObjectDBX Classes
 90
1153
 91
0
280
0
281
0
  0
CLASS
  1
TABLESTYLE
  2
AcDbTableStyle
  3
ObjectDBX Classes
 90
4095
 91
0
280
0
281
0
  0
CLASS
  1
MLEADERSTYLE
  2
AcDbMLeaderStyle
  3
ACDB_MLEADERSTYLE_CLASS
 90
4095
 91
0
280
0
281
0
  0
CLASS
  1
DICTIONARYVAR
  2
AcDbDictionaryVar
  3
ObjectDBX Classes
 90
0
 91
0
280
0
281
0
  0
CLASS
  1
CELLSTYLEMAP
  2
AcDbCellStyleMap
  3
ObjectDBX Classes
 90
1152
 91
0
280
0
281
0
  0
CLASS
  1
MENTALRAYRENDERSETTINGS
  2
AcDbMentalRayRenderSettings
  3
SCENEOE
 90
1024
 91
0
280
0
281
0
  0
CLASS
  1
ACDBDETAILVIEWSTYLE
  2
AcDbDetailViewStyle
  3
ObjectDBX Classes
 90
1025
 91
0
280
0
281
0
  0
CLASS
  1
ACDBSECTIONVIEWSTYLE
  2
AcDbSectionViewStyle
  3
ObjectDBX Classes
 90
1025
 91
0
280
0
281
0
  0
CLASS
  1
RASTERVARIABLES
  2
AcDbRasterVariables
  3
ISM
 90
0
 91
0
280
0
281
0
  0
CLASS
  1
ACDBPLACEHOLDER
  2
AcDbPlaceHolder
  3
ObjectDBX Classes
 90
0
 91
0
280
0
281
0
  0
CLASS
  1
LAYOUT
  2
AcDbLayout
  3
ObjectDBX Classes
 90
0
 91
0
280
0
281
0
  0
ENDSEC
  0
SECTION
  2
TABLES
  0
TABLE
  2
VPORT
  5
8
330
0
100
AcDbSymbolTable
 70
1
  0
VPORT
  5
23
330
8
100
AcDbSymbolTableRecord
100
AcDbViewportTableRecord
  2
*Active
 70
0
 10
0.0
 20
0.0
 11
1.0
 21
1.0
 12
0.0
 22
0.0
 13
0.0
 23
0.0
 14
0.5
 24
0.5
 15
0.5
 25
0.5
 16
0.0
 26
0.0
 36
1.0
 17
0.0
 27
0.0
 37
0.0
 40
1000.0
 41
1.34
 42
50.0
 43
0.0
 44
0.0
 50
0.0
 51
0.0
 71
0
 72
1000
 73
1
 74
3
 75
0
 76
0
 77
0
 78
0
281
0
 65
0
146
0.0
  0
ENDTAB
  0
TABLE
  2
LTYPE
  5
2
330
0
100
AcDbSymbolTable
 70
21
  0
LTYPE
  5
24
330
2
100
AcDbSymbolTableRecord
100
AcDbLinetypeTableRecord
  2
ByBlock
 70
0
  3

 72
65
 73
0
 40
0.0
  0
LTYPE
  5
25
330
2
100
AcDbSymbolTableRecord
100
AcDbLinetypeTableRecord
  2
ByLayer
 70
0
  3

 72
65
 73
0
 40
0.0
  0
LTYPE
  5
26
330
2
100
AcDbSymbolTableRecord
100
AcDbLinetypeTableRecord
  2
Continuous
 70
0
  3

 72
65
 73
0
 40
0.0
  0
LTYPE
  5
2F
330
2
100
AcDbSymbolTableRecord
100
AcDbLinetypeTableRecord
  2
CENTER
 70
0
  3
Center ____ _ ____ _ ____ _ ____ _ ____ _ ____
 72
65
 73
4
 40
5.08
 49
3.175
 74
0
 49
-0.635
 74
0
 49
0.635
 74
0
 49
-0.635
 74
0
  0
LTYPE
  5
30
330
2
100
AcDbSymbolTableRecord
100
AcDbLinetypeTableRecord
  2
CENTERX2
 70
0
  3
Center (2x) ________  __  ________  __  ________
 72
65
 73
4
 40
8.89
 49
6.35
 74
0
 49
-0.635
 74
0
 49
1.27
 74
0
 49
-0.635
 74
0
  0
LTYPE
  5
31
330
2
100
AcDbSymbolTableRecord
100
AcDbLinetypeTableRecord
  2
CENTER2
 70
0
  3
Center (.5x) ____ _ ____ _ ____ _ ____ _ ____
 72
65
 73
4
 40
2.54
 49
1.587
 74
0
 49
-0.318
 74
0
 49
0.318
 74
0
 49
-0.318
 74
0
  0
LTYPE
  5
32
330
2
100
AcDbSymbolTableRecord
100
AcDbLinetypeTableRecord
  2
DASHED
 70
0
  3
Dashed __ __ __ __ __ __ __ __ __ __ __ __ __ _
 72
65
 73
2
 40
1.524
 49
1.27
 74
0
 49
-0.254
 74
0
  0
LTYPE
  5
33
330
2
100
AcDbSymbolTableRecord
100
AcDbLinetypeTableRecord
  2
DASHEDX2
 70
0
  3
Dashed (2x) ____  ____  ____  ____  ____  ____
 72
65
 73
2
 40
3.048
 49
2.54
 74
0
 49
-0.508
 74
0
  0
LTYPE
  5
34
330
2
100
AcDbSymbolTableRecord
100
AcDbLinetypeTableRecord
  2
DASHED2
 70
0
  3
Dashed (.5x) _ _ _ _ _ _ _ _ _ _ _ _ _ _
 72
65
 73
2
 40
0.762
 49
0.635
 74
0
 49
-0.127
 74
0
  0
LTYPE
  5
35
330
2
100
AcDbSymbolTableRecord
100
AcDbLinetypeTableRecord
  2
PHANTOM
 70
0
  3
Phantom ______  __  __  ______  __  __  ______
 72
65
 73
6
 40
6.35
 49
3.175
 74
0
 49
-0.635
 74
0
 49
0.635
 74
0
 49
-0.635
 74
0
 49
0.635
 74
0
 49
-0.635
 74
0
  0
LTYPE
  5
36
330
2
100
AcDbSymbolTableRecord
100
AcDbLinetypeTableRecord
  2
PHANTOMX2
 70
0
  3
Phantom (2x)____________    ____    ____    ____________
 72
65
 73
6
 40
10.795
 49
6.35
 74
0
 49
-0.635
 74
0
 49
1.27
 74
0
 49
-0.635
 74
0
 49
1.27
 74
0
 49
-0.635
 74
0
  0
LTYPE
  5
37
330
2
100
AcDbSymbolTableRecord
100
AcDbLinetypeTableRecord
  2
PHANTOM2
 70
0
  3
Phantom (.5x) ___ _ _ ___ _ _ ___ _ _ ___ _ _ ___
 72
65
 73
6
 40
3.175
 49
1.587
 74
0
 49
-0.318
 74
0
 49
0.318
 74
0
 49
-0.318
 74
0
 49
0.318
 74
0
 49
-0.318
 74
0
  0
LTYPE
  5
38
330
2
100
AcDbSymbolTableRecord
100
AcDbLinetypeTableRecord
  2
DASHDOT
 70
0
  3
Dash dot __ . __ . __ . __ . __ . __ . __ . __
 72
65
 73
4
 40
3.556
 49
2.54
 74
0
 49
-0.508
 74
0
 49
0.0
 74
0
 49
-0.508
 74
0
  0
LTYPE
  5
39
330
2
100
AcDbSymbolTableRecord
100
AcDbLinetypeTableRecord
  2
DASHDOTX2
 70
0
  3
Dash dot (2x) ____  .  ____  .  ____  .  ____
 72
65
 73
4
 40
6.096
 49
5.08
 74
0
 49
-0.508
 74
0
 49
0.0
 74
0
 49
-0.508
 74
0
  0
LTYPE
  5
3A
330
2
100
AcDbSymbolTableRecord
100
AcDbLinetypeTableRecord
  2
DASHDOT2
 70
0
  3
Dash dot (.5x) _ . _ . _ . _ . _ . _ . _ . _
 72
65
 73
4
 40
1.778
 49
1.27
 74
0
 49
-0.254
 74
0
 49
0.0
 74
0
 49
-0.254
 74
0
  0
LTYPE
  5
3B
330
2
100
AcDbSymbolTableRecord
100
AcDbLinetypeTableRecord
  2
DOT
 70
0
  3
Dot .  .  .  .  .  .  .  .  .  .  .  .  .  .  .  .
 72
65
 73
2
 40
0.508
 49
0.0
 74
0
 49
-0.508
 74
0
  0
LTYPE
  5
3C
330
2
100
AcDbSymbolTableRecord
100
AcDbLinetypeTableRecord
  2
DOTX2
 70
0
  3
Dot (2x) .    .    .    .    .    .    .    . 
 72
65
 73
2
 40
1.016
 49
0.0
 74
0
 49
-1.016
 74
0
  0
LTYPE
  5
3D
330
2
100
AcDbSymbolTableRecord
100
AcDbLinetypeTableRecord
  2
DOT2
 70
0
  3
Dot (.5) . . . . . . . . . . . . . . . . . . . 
 72
65
 73
2
 40
0.254
 49
0.0
 74
0
 49
-0.254
 74
0
  0
LTYPE
  5
3E
330
2
100
AcDbSymbolTableRecord
100
AcDbLinetypeTableRecord
  2
DIVIDE
 70
0
  3
Divide __ . . __ . . __ . . __ . . __ . . __
 72
65
 73
6
 40
4.064
 49
2.54
 74
0
 49
-0.508
 74
0
 49
0.0
 74
0
 49
-0.508
 74
0
 49
0.0
 74
0
 49
-0.508
 74
0
  0
LTYPE
  5
3F
330
2
100
AcDbSymbolTableRecord
100
AcDbLinetypeTableRecord
  2
DIVIDEX2
 70
0
  3
Divide (2x) ____  . .  ____  . .  ____  . .  ____
 72
65
 73
6
 40
6.604
 49
5.08
 74
0
 49
-0.508
 74
0
 49
0.0
 74
0
 49
-0.508
 74
0
 49
0.0
 74
0
 49
-0.508
 74
0
  0
LTYPE
  5
40
330
2
100
AcDbSymbolTableRecord
100
AcDbLinetypeTableRecord
  2
DIVIDE2
 70
0
  3
Divide(.5x) _ . _ . _ . _ . _ . _ . _ . _
 72
65
 73
6
 40
2.032
 49
1.27
 74
0
 49
-0.254
 74
0
 49
0.0
 74
0
 49
-0.254
 74
0
 49
0.0
 74
0
 49
-0.254
 74
0
  0
ENDTAB
  0
TABLE
  2
LAYER
  5
1
330
0
100
AcDbSymbolTable
 70
6
  0
LAYER
  5
27
330
1
100
AcDbSymbolTableRecord
100
AcDbLayerTableRecord
  2
0
 70
0
 62
7
  6
Continuous
370
-3
390
13
347
21
  0
LAYER
  5
28
330
1
100
AcDbSymbolTableRecord
100
AcDbLayerTableRecord
  2
Defpoints
 70
0
 62
7
  6
Continuous
290
0
370
-3
390
13
347
21
  0
LAYER
  5
8A
330
1
100
AcDbSymbolTableRecord
100
AcDbLayerTableRecord
  2
FRAME
 70
0
 62
8
  6
Continuous
370
-3
390
13
347
21
  0
LAYER
  5
8B
330
1
100
AcDbSymbolTableRecord
100
AcDbLayerTableRecord
  2
LABEL
 70
0
 62
2
  6
Continuous
370
-3
390
13
347
21
  0
LAYER
  5
8C
330
1
100
AcDbSymbolTableRecord
100
AcDbLayerTableRecord
  2
TITLE
 70
0
 62
6
  6
Continuous
370
-3
390
13
347
21
  0
LAYER
  5
8D
330
1
100
AcDbSymbolTableRecord
100
AcDbLayerTableRecord
  2
HATCH
 70
0
 62
7
  6
Continuous
370
-3
390
13
347
21
  0
ENDTAB
  0
TABLE
  2
STYLE
  5
5
330
0
100
AcDbSymbolTable
 70
26
  0
STYLE
  5
29
330
5
100
AcDbSymbolTableRecord
100
AcDbTextStyleTableRecord
  2
Standard
 70
0
 40
0.0
 41
1.0
 50
0.0
 71
0
 42
2.5
  3
txt
  4

  0
STYLE
  5
41
330
5
100
AcDbSymbolTableRecord
100
AcDbTextStyleTableRecord
  2
OpenSans-Light
 70
0
 40
0.0
 41
1.0
 50
0.0
 71
0
 42
2.5
  3
OpenSans-Light.ttf
  4

  0
STYLE
  5
42
330
5
100
AcDbSymbolTableRecord
100
AcDbTextStyleTableRecord
  2
OpenSans-Light-Italic
 70
0
 40
0.0
 41
1.0
 50
0.0
 71
0
 42
2.5
  3
OpenSans-LightItalic.ttf
  4

  0
STYLE
  5
43
330
5
100
AcDbSymbolTableRecord
100
AcDbTextStyleTableRecord
  2
OpenSans
 70
0
 40
0.0
 41
1.0
 50
0.0
 71
0
 42
2.5
  3
OpenSans-Regular.ttf
  4

  0
STYLE
  5
44
330
5
100
AcDbSymbolTableRecord
100
AcDbTextStyleTableRecord
  2
OpenSans-Italic
 70
0
 40
0.0
 41
1.0
 50
0.0
 71
0
 42
2.5
  3
OpenSans-Italic.ttf
  4

  0
STYLE
  5
45
330
5
100
AcDbSymbolTableRecord
100
AcDbTextStyleTableRecord
  2
OpenSans-SemiBold
 70
0
 40
0.0
 41
1.0
 50
0.0
 71
0
 42
2.5
  3
OpenSans-SemiBold.ttf
  4

  0
STYLE
  5
46
330
5
100
AcDbSymbolTableRecord
100
AcDbTextStyleTableRecord
  2
OpenSans-SemiBoldItalic
 70
0
 40
0.0
 41
1.0
 50
0.0
 71
0
 42
2.5
  3
OpenSans-SemiBoldItalic.ttf
  4

  0
STYLE
  5
47
330
5
100
AcDbSymbolTableRecord
100
AcDbTextStyleTableRecord
  2
OpenSans-Bold
 70
0
 40
0.0
 41
1.0
 50
0.0
 71
0
 42
2.5
  3
OpenSans-Bold.ttf
  4

  0
STYLE
  5
48
330
5
100
AcDbSymbolTableRecord
100
AcDbTextStyleTableRecord
  2
OpenSans-BoldItalic
 70
0
 40
0.0
 41
1.0
 50
0.0
 71
0
 42
2.5
  3
OpenSans-BoldItalic.ttf
  4

  0
STYLE
  5
49
330
5
100
AcDbSymbolTableRecord
100
AcDbTextStyleTableRecord
  2
OpenSans-ExtraBold
 70
0
 40
0.0
 41
1.0
 50
0.0
 71
0
 42
2.5
  3
OpenSans-ExtraBold.ttf
  4

  0
STYLE
  5
4A
330
5
100
AcDbSymbolTableRecord
100
AcDbTextStyleTableRecord
  2
OpenSans-ExtraBoldItalic
 70
0
 40
0.0
 41
1.0
 50
0.0
 71
0
 42
2.5
  3
OpenSans-ExtraBoldItalic.ttf
  4

  0
STYLE
  5
4B
330
5
100
AcDbSymbolTableRecord
100
AcDbTextStyleTableRecord
  2
OpenSansCondensed-Bold
 70
0
 40
0.0
 41
1.0
 50
0.0
 71
0
 42
2.5
  3
OpenSansCondensed-Bold.ttf
  4

  0
STYLE
  5
4C
330
5
100
AcDbSymbolTableRecord
100
AcDbTextStyleTableRecord
  2
OpenSansCondensed-Light
 70
0
 40
0.0
 41
1.0
 50
0.0
 71
0
 42
2.5
  3
OpenSansCondensed-Light.ttf
  4

  0
STYLE
  5
4D
330
5
100
AcDbSymbolTableRecord
100
AcDbTextStyleTableRecord
  2
OpenSansCondensed-Italic
 70
0
 40
0.0
 41
1.0
 50
0.0
 71
0
 42
2.5
  3
OpenSansCondensed-LightItalic.ttf
  4

  0
STYLE
  5
4E
330
5
100
AcDbSymbolTableRecord
100
AcDbTextStyleTableRecord
  2
LiberationSans
 70
0
 40
0.0
 41
1.0
 50
0.0
 71
0
 42
2.5
  3
LiberationSans-Regular.ttf
  4

  0
STYLE
  5
4F
330
5
100
AcDbSymbolTableRecord
100
AcDbTextStyleTableRecord
  2
LiberationSans-Bold
 70
0
 40
0.0
 41
1.0
 50
0.0
 71
0
 42
2.5
  3
LiberationSans-Bold.ttf
  4

  0
STYLE
  5
50
330
5
100
AcDbSymbolTableRecord
100
AcDbTextStyleTableRecord
  2
LiberationSans-BoldItalic
 70
0
 40
0.0
 41
1.0
 50
0.0
 71
0
 42
2.5
  3
LiberationSans-BoldItalic.ttf
  4

  0
STYLE
  5
51
330
5
100
AcDbSymbolTableRecord
100
AcDbTextStyleTableRecord
  2
LiberationSans-Italic
 70
0
 40
0.0
 41
1.0
 50
0.0
 71
0
 42
2.5
  3
LiberationSans-Italic.ttf
  4

  0
STYLE
  5
52
330
5
100
AcDbSymbolTableRecord
100
AcDbTextStyleTableRecord
  2
LiberationSerif
 70
0
 40
0.0
 41
1.0
 50
0.0
 71
0
 42
2.5
  3
LiberationSerif-Regular.ttf
  4

  0
STYLE
  5
53
330
5
100
AcDbSymbolTableRecord
100
AcDbTextStyleTableRecord
  2
LiberationSerif-Bold
 70
0
 40
0.0
 41
1.0
 50
0.0
 71
0
 42
2.5
  3
LiberationSerif-Bold.ttf
  4

  0
STYLE
  5
54
330
5
100
AcDbSymbolTableRecord
100
AcDbTextStyleTableRecord
  2
LiberationSerif-BoldItalic
 70
0
 40
0.0
 41
1.0
 50
0.0
 71
0
 42
2.5
  3
LiberationSerif-BoldItalic.ttf
  4

  0
STYLE
  5
55
330
5
100
AcDbSymbolTableRecord
100
AcDbTextStyleTableRecord
  2
LiberationSerif-Italic
 70
0
 40
0.0
 41
1.0
 50
0.0
 71
0
 42
2.5
  3
LiberationSerif-Italic.ttf
  4

  0
STYLE
  5
56
330
5
100
AcDbSymbolTableRecord
100
AcDbTextStyleTableRecord
  2
LiberationMono
 70
0
 40
0.0
 41
1.0
 50
0.0
 71
0
 42
2.5
  3
LiberationMono-Regular.ttf
  4

  0
STYLE
  5
57
330
5
100
AcDbSymbolTableRecord
100
AcDbTextStyleTableRecord
  2
LiberationMono-Bold
 70
0
 40
0.0
 41
1.0
 50
0.0
 71
0
 42
2.5
  3
LiberationMono-Bold.ttf
  4

  0
STYLE
  5
58
330
5
100
AcDbSymbolTableRecord
100
AcDbTextStyleTableRecord
  2
LiberationMono-BoldItalic
 70
0
 40
0.0
 41
1.0
 50
0.0
 71
0
 42
2.5
  3
LiberationMono-BoldItalic.ttf
  4

  0
STYLE
  5
59
330
5
100
AcDbSymbolTableRecord
100
AcDbTextStyleTableRecord
  2
LiberationMono-Italic
 70
0
 40
0.0
 41
1.0
 50
0.0
 71
0
 42
2.5
  3
LiberationMono-Italic.ttf
  4

  0
ENDTAB
  0
TABLE
  2
VIEW
  5
7
330
0
100
AcDbSymbolTable
 70
0
  0
ENDTAB
  0
TABLE
  2
UCS
  5
6
330
0
100
AcDbSymbolTable
 70
0
  0
ENDTAB
  0
TABLE
  2
APPID
  5
3
330
0
100
AcDbSymbolTable
 70
3
  0
APPID
  5
2A
330
3
100
AcDbSymbolTableRecord
100
AcDbRegAppTableRecord
  2
ACAD
 70
0
  0
APPID
  5
2BC
330
3
100
AcDbSymbolTableRecord
100
AcDbRegAppTableRecord
  2
HATCHBACKGROUNDCOLOR
 70
0
  0
APPID
  5
2BD
330
3
100
AcDbSymbolTableRecord
100
AcDbRegAppTableRecord
  2
EZDXF
 70
0
  0
ENDTAB
  0
TABLE
  2
DIMSTYLE
  5
4
330
0
100
AcDbSymbolTable
 70
12
100
AcDbDimStyleTable
  0
DIMSTYLE
105
2B
330
4
100
AcDbSymbolTableRecord
100
AcDbDimStyleTableRecord
  2
Standard
 70
0
 40
1.0
 41
2.5
 42
0.625
 43
3.75
 44
1.25
 45
0.0
 46
0.0
 47
0.0
 48
0.0
 49
2.5
140
2.5
141
2.5
142
0.0
143
0.03937007874
144
1.0
145
0.0
146
1.0
147
0.625
148
0.0
 69
0
 70
0
 71
0
 72
0
 73
0
 74
0
 75
0
 76
0
 77
1
 78
8
 79
3
170
0
171
3
172
1
173
0
174
0
175
0
176
0
177
0
178
0
179
2
271
2
272
2
273
2
274
3
275
0
276
0
277
2
278
44
279
0
280
0
281
0
282
0
283
0
284
8
285
0
286
0
288
0
289
3
290
0
371
-2
372
-2
  0
DIMSTYLE
105
73
330
4
100
AcDbSymbolTableRecord
100
AcDbDimStyleTableRecord
  2
EZDXF
 70
0
 40
1.0
 41
0.175
 42
0.125
 43
3.75
 44
0.375
 45
0.0
 46
0.0
 47
0.0
 48
0.0
 49
2.5
140
0.25
141
2.5
142
0.0
143
0.03937007874
144
100.0
145
0.0
146
0.5
147
0.1
148
0.0
 69
0
 70
0
 71
0
 72
0
 73
0
 74
0
 75
0
 76
0
 77
1
 78
12
 79
3
170
0
171
3
172
1
173
0
174
0
175
0
176
0
177
0
178
0
179
2
271
2
272
2
273
2
274
3
275
0
276
0
277
2
278
46
279
2
280
0
281
0
282
0
283
0
284
8
285
0
286
0
288
1
289
3
290
0
340
4C
342
74
371
-2
372
-2
  0
DIMSTYLE
105
7C
330
4
100
AcDbSymbolTableRecord
100
AcDbDimStyleTableRecord
  2
EZ_M_100_H25_CM
 70
0
 40
1.0
 41
0.25
 42
0.125
 43
3.75
 44
0.375
 45
0.0
 46
0.0
 47
0.0
 48
0.0
 49
2.5
140
0.25
141
2.5
142
0.125
143
0.03937007874
144
100.0
145
0.0
146
0.5
147
0.1
148
0.0
 69
0
 70
0
 71
0
 72
0
 73
0
 74
0
 75
0
 76
0
 77
1
 78
12
 79
3
170
0
171
3
172
1
173
0
174
0
175
0
176
0
177
0
178
0
179
2
271
2
272
2
273
2
274
3
275
0
276
0
277
2
278
46
279
2
280
0
281
0
282
0
283
0
284
8
285
0
286
0
288
1
289
3
290
0
340
4C
371
-2
372
-2
  0
DIMSTYLE
105
7D
330
4
100
AcDbSymbolTableRecord
100
AcDbDimStyleTableRecord
  2
EZ_M_50_H25_CM
 70
0
 40
1.0
 41
0.125
 42
0.0625
 43
3.75
 44
0.1875
 45
0.0
 46
0.0
 47
0.0
 48
0.0
 49
2.5
140
0.125
141
2.5
142
0.0625
143
0.03937007874
144
100.0
145
0.0
146
0.5
147
0.05
148
0.0
 69
0
 70
0
 71
0
 72
0
 73
0
 74
0
 75
0
 76
0
 77
1
 78
12
 79
3
170
0
171
3
172
1
173
0
174
0
175
0
176
0
177
0
178
0
179
2
271
2
272
2
273
2
274
3
275
0
276
0
277
2
278
46
279
2
280
0
281
0
282
0
283
0
284
8
285
0
286
0
288
1
289
3
290
0
340
4C
371
-2
372
-2
  0
DIMSTYLE
105
7E
330
4
100
AcDbSymbolTableRecord
100
AcDbDimStyleTableRecord
  2
EZ_M_25_H25_CM
 70
0
 40
1.0
 41
0.0625
 42
0.03125
 43
3.75
 44
0.09375
 45
0.0
 46
0.0
 47
0.0
 48
0.0
 49
2.5
140
0.0625
141
2.5
142
0.03125
143
0.03937007874
144
100.0
145
0.0
146
0.5
147
0.025
148
0.0
 69
0
 70
0
 71
0
 72
0
 73
0
 74
0
 75
0
 76
0
 77
1
 78
12
 79
3
170
0
171
3
172
1
173
0
174
0
175
0
176
0
177
0
178
0
179
2
271
2
272
2
273
2
274
3
275
0
276
0
277
2
278
46
279
2
280
0
281
0
282
0
283
0
284
8
285
0
286
0
288
1
289
3
290
0
340
4C
371
-2
372
-2
  0
DIMSTYLE
105
7F
330
4
100
AcDbSymbolTableRecord
100
AcDbDimStyleTableRecord
  2
EZ_M_20_H25_CM
 70
0
 40
1.0
 41
0.05
 42
0.025
 43
3.75
 44
0.07500000000000001
 45
0.0
 46
0.0
 47
0.0
 48
0.0
 49
2.5
140
0.05
141
2.5
142
0.025
143
0.03937007874
144
100.0
145
0.0
146
0.5
147
0.020000000000000004
148
0.0
 69
0
 70
0
 71
0
 72
0
 73
0
 74
0
 75
0
 76
0
 77
1
 78
12
 79
3
170
0
171
3
172
1
173
0
174
0
175
0
176
0
177
0
178
0
179
2
271
2
272
2
273
2
274
3
275
0
276
0
277
2
278
46
279
2
280
0
281
0
282
0
283
0
284
8
285
0
286
0
288
1
289
3
290
0
340
4C
371
-2
372
-2
  0
DIMSTYLE
105
80
330
4
100
AcDbSymbolTableRecord
100
AcDbDimStyleTableRecord
  2
EZ_M_10_H25_CM
 70
0
 40
1.0
 41
0.025
 42
0.0125
 43
3.75
 44
0.037500000000000006
 45
0.0
 46
0.0
 47
0.0
 48
0.0
 49
2.5
140
0.025
141
2.5
142
0.0125
143
0.03937007874
144
100.0
145
0.0
146
0.5
147
0.010000000000000002
148
0.0
 69
0
 70
0
 71
0
 72
0
 73
0
 74
0
 75
0
 76
0
 77
1
 78
12
 79
3
170
0
171
3
172
1
173
0
174
0
175
0
176
0
177
0
178
0
179
2
271
2
272
2
273
2
274
3
275
0
276
0
277
2
278
46
279
2
280
0
281
0
282
0
283
0
284
8
285
0
286
0
288
1
289
3
290
0
340
4C
371
-2
372
-2
  0
DIMSTYLE
105
81
330
4
100
AcDbSymbolTableRecord
100
AcDbDimStyleTableRecord
  2
EZ_M_5_H25_CM
 70
0
 40
1.0
 41
0.0125
 42
0.00625
 43
3.75
 44
0.018750000000000003
 45
0.0
 46
0.0
 47
0.0
 48
0.0
 49
2.5
140
0.0125
141
2.5
142
0.00625
143
0.03937007874
144
100.0
145
0.0
146
0.5
147
0.005000000000000001
148
0.0
 69
0
 70
0
 71
0
 72
0
 73
0
 74
0
 75
0
 76
0
 77
1
 78
12
 79
3
170
0
171
3
172
1
173
0
174
0
175
0
176
0
177
0
178
0
179
2
271
2
272
2
273
2
274
3
275
0
276
0
277
2
278
46
279
2
280
0
281
0
282
0
283
0
284
8
285
0
286
0
288
1
289
3
290
0
340
4C
371
-2
372
-2
  0
DIMSTYLE
105
82
330
4
100
AcDbSymbolTableRecord
100
AcDbDimStyleTableRecord
  2
EZ_M_1_H25_CM
 70
0
 40
1.0
 41
0.0025
 42
0.00125
 43
3.75
 44
0.00375
 45
0.0
 46
0.0
 47
0.0
 48
0.0
 49
2.5
140
0.0025
141
2.5
142
0.00125
143
0.03937007874
144
100.0
145
0.0
146
0.5
147
0.001
148
0.0
 69
0
 70
0
 71
0
 72
0
 73
0
 74
0
 75
0
 76
0
 77
1
 78
12
 79
3
170
0
171
3
172
1
173
0
174
0
175
0
176
0
177
0
178
0
179
2
271
2
272
2
273
2
274
3
275
0
276
0
277
2
278
46
279
2
280
0
281
0
282
0
283
0
284
8
285
0
286
0
288
1
289
3
290
0
340
4C
371
-2
372
-2
  0
DIMSTYLE
105
83
330
4
100
AcDbSymbolTableRecord
100
AcDbDimStyleTableRecord
  2
EZ_RADIUS
 70
0
 40
1.0
 41
0.25
 42
0.125
 43
3.75
 44
0.375
 45
0.0
 46
0.0
 47
0.0
 48
0.0
 49
2.5
140
0.25
141
0.0
142
0.0
143
0.03937007874
144
100.0
145
0.0
146
0.5
147
0.1
148
0.0
 69
0
 70
0
 71
0
 72
0
 73
0
 74
0
 75
0
 76
0
 77
1
 78
12
 79
3
170
0
171
3
172
0
173
0
174
0
175
0
176
0
177
0
178
0
179
2
271
2
272
2
273
2
274
3
275
0
276
0
277
2
278
46
279
1
280
0
281
0
282
0
283
0
284
8
285
0
286
0
288
1
289
3
290
0
340
4C
342
84
371
-2
372
-2
  0
DIMSTYLE
105
88
330
4
100
AcDbSymbolTableRecord
100
AcDbDimStyleTableRecord
  2
EZ_RADIUS_INSIDE
 70
0
 40
1.0
 41
0.25
 42
0.125
 43
3.75
 44
0.375
 45
0.0
 46
0.0
 47
0.0
 48
0.0
 49
2.5
140
0.25
141
0.0
142
0.0
143
0.03937007874
144
100.0
145
0.0
146
0.5
147
0.1
148
0.0
 69
0
 70
0
 71
0
 72
0
 73
0
 74
0
 75
0
 76
0
 77
0
 78
12
 79
3
170
0
171
3
172
0
173
0
174
1
175
0
176
0
177
0
178
0
179
2
271
2
272
2
273
2
274
3
275
0
276
0
277
2
278
46
279
0
280
0
281
0
282
0
283
0
284
8
285
0
286
0
288
1
289
0
290
0
340
4C
342
84
371
-2
372
-2
  0
DIMSTYLE
105
89
330
4
100
AcDbSymbolTableRecord
100
AcDbDimStyleTableRecord
  2
EZ_CURVED
 70
0
 40
1.0
 41
0.25
 42
0.125
 43
3.75
 44
0.375
 45
0.0
 46
0.0
 47
0.0
 48
0.0
 49
2.5
140
0.25
141
2.5
142
0.0
143
0.03937007874
144
100.0
145
0.0
146
0.5
147
0.1
148
0.0
 69
0
 70
0
 71
0
 72
0
 73
0
 74
0
 75
0
 76
0
 77
1
 78
12
 79
2
 90
2
170
0
171
3
172
1
173
0
174
0
175
0
176
0
177
0
178
0
179
2
271
2
272
2
273
2
274
3
275
0
276
0
277
2
278
46
279
2
280
0
281
0
282
0
283
0
284
8
285
0
286
0
288
1
289
3
290
0
340
4C
371
-2
372
-2
  0
ENDTAB
  0
TABLE
  2
BLOCK_RECORD
  5
9
330
0
100
AcDbSymbolTable
 70
5
  0
BLOCK_RECORD
  5
17
330
9
100
AcDbSymbolTableRecord
100
AcDbBlockTableRecord
  2
*Model_Space
340
1A
 70
0
280
1
281
0
  0
BLOCK_RECORD
  5
1B
330
9
100
AcDbSymbolTableRecord
100
AcDbBlockTableRecord
  2
*Paper_Space
340
1E
 70
0
280
1
281
0
  0
BLOCK_RECORD
  5
74
330
9
100
AcDbSymbolTableRecord
100
AcDbBlockTableRecord
  2
_ARCHTICK
340
0
 70
0
280
1
281
0
  0
BLOCK_RECORD
  5
78
330
9
100
AcDbSymbolTableRecord
100
AcDbBlockTableRecord
  2
_CLOSEDFILLED
340
0
 70
0
280
1
281
0
  0
BLOCK_RECORD
  5
84
330
9
100
AcDbSymbolTableRecord
100
AcDbBlockTableRecord
  2
_CLOSEDBLANK
340
0
 70
0
280
1
281
0
  0
ENDTAB
  0
ENDSEC
  0
SECTION
  2
BLOCKS
  0
BLOCK
  5
18
330
17
100
AcDbEntity
  8
0
100
AcDbBlockBegin
  2
*Model_Space
 70
0
 10
0.0
 20
0.0
 30
0.0
  3
*Model_Space
  1

  0
ENDBLK
  5
19
330
17
100
AcDbEntity
  8
0
100
AcDbBlockEnd
  0
BLOCK
  5
1C
330
1B
100
AcDbEntity
  8
0
100
AcDbBlockBegin
  2
*Paper_Space
 70
0
 10
0.0
 20
0.0
 30
0.0
  3
*Paper_Space
  1

  0
ENDBLK
  5
1D
330
1B
100
AcDbEntity
  8
0
100
AcDbBlockEnd
  0
BLOCK
  5
75
330
74
100
AcDbEntity
  8
0
100
AcDbBlockBegin
  2
_ARCHTICK
 70
0
 10
0.0
 20
0.0
 30
0.0
  3
_ARCHTICK
  1

  0
LWPOLYLINE
  5
77
330
74
100
AcDbEntity
  8
0
  6
BYBLOCK
 62
0
100
AcDbPolyline
 90
2
 70
0
 43
0.15
 10
-0.5
 20
-0.5
 10
0.5
 20
0.5
  0
ENDBLK
  5
76
330
74
100
AcDbEntity
  8
0
100
AcDbBlockEnd
  0
BLOCK
  5
79
330
78
100
AcDbEntity
  8
0
100
AcDbBlockBegin
  2
_CLOSEDFILLED
 70
0
 10
0.0
 20
0.0
 30
0.0
  3
_CLOSEDFILLED
  1

  0
SOLID
  5
7B
330
78
100
AcDbEntity
  8
0
  6
BYBLOCK
 62
0
100
AcDbTrace
 10
-1.0
 20
0.16439898372402537
 30
0.0
 11
0.0
 21
0.0
 31
0.0
 12
-1.0
 22
-0.16439898372402537
 32
0.0
 13
-1.0
 23
-0.16439898372402537
 33
0.0
  0
ENDBLK
  5
7A
330
78
100
AcDbEntity
  8
0
100
AcDbBlockEnd
  0
BLOCK
  5
85
330
84
100
AcDbEntity
  8
0
100
AcDbBlockBegin
  2
_CLOSEDBLANK
 70
0
 10
0.0
 20
0.0
 30
0.0
  3
_CLOSEDBLANK
  1

  0
LWPOLYLINE
  5
87
330
84
100
AcDbEntity
  8
0
  6
BYBLOCK
 62
0
100
AcDbPolyline
 90
3
 70
1
 10
-1.0
 20
0.16439898372402537
 10
0.0
 20
0.0
 10
-1.0
 20
-0.16439898372402537
  0
ENDBLK
  5
86
330
84
100
AcDbEntity
  8
0
100
AcDbBlockEnd
  0
ENDSEC
  0
SECTION
  2
ENTITIES
  0
TEXT
  5
8E
330
17
100
AcDbEntity
  8
TITLE
100
AcDbText
 10
0.0
 20
18.0
 30
0.0
 40
6.0
  1
HATCH gallery: all predefined patterns from ezdxf ISO_PATTERN
  7
OpenSans
 11
0.0
 21
18.0
 31
0.0
100
AcDbText
  0
TEXT
  5
8F
330
17
100
AcDbEntity
  8
TITLE
100
AcDbText
 10
0.0
 20
9.0
 30
0.0
 40
3.0
  1
DXF version: R2018; generated for regression testing
  7
OpenSans
 11
0.0
 21
9.0
 31
0.0
100
AcDbText
  0
TEXT
  5
90
330
17
100
AcDbEntity
  8
LABEL
100
AcDbText
 10
0.0
 20
91.0
 30
0.0
 40
3.0
  1
ACAD_ISO02W100
  7
OpenSans
 11
0.0
 21
91.0
 31
0.0
100
AcDbText
  0
LWPOLYLINE
  5
91
330
17
100
AcDbEntity
  8
FRAME
100
AcDbPolyline
 90
4
 70
1
 10
0.0
 20
40.0
 10
92.0
 20
40.0
 10
92.0
 20
88.0
 10
0.0
 20
88.0
  0
HATCH
  5
92
330
17
100
AcDbEntity
  8
HATCH
 62
7
100
AcDbHatch
 10
0.0
 20
0.0
 30
0.0
210
0.0
220
0.0
230
1.0
  2
ACAD_ISO02W100
 70
0
 71
0
 91
1
 92
3
 72
0
 73
1
 93
4
 10
0.0
 20
40.0
 10
92.0
 20
40.0
 10
92.0
 20
88.0
 10
0.0
 20
88.0
 97
0
 75
0
 76
1
 52
0.0
 41
1.0
 77
0
 78
1
 53
0.0
 43
0.0
 44
40.0
 45
0.0
 46
5.0
 79
2
 49
12.0
 49
-3.0
 98
0
  0
TEXT
  5
93
330
17
100
AcDbEntity
  8
LABEL
100
AcDbText
 10
120.0
 20
91.0
 30
0.0
 40
3.0
  1
ACAD_ISO03W100
  7
OpenSans
 11
120.0
 21
91.0
 31
0.0
100
AcDbText
  0
LWPOLYLINE
  5
94
330
17
100
AcDbEntity
  8
FRAME
100
AcDbPolyline
 90
4
 70
1
 10
120.0
 20
40.0
 10
212.0
 20
40.0
 10
212.0
 20
88.0
 10
120.0
 20
88.0
  0
HATCH
  5
95
330
17
100
AcDbEntity
  8
HATCH
 62
7
100
AcDbHatch
 10
0.0
 20
0.0
 30
0.0
210
0.0
220
0.0
230
1.0
  2
ACAD_ISO03W100
 70
0
 71
0
 91
1
 92
3
 72
0
 73
1
 93
4
 10
120.0
 20
40.0
 10
212.0
 20
40.0
 10
212.0
 20
88.0
 10
120.0
 20
88.0
 97
0
 75
0
 76
1
 52
0.0
 41
1.0
 77
0
 78
1
 53
0.0
 43
120.0
 44
40.0
 45
0.0
 46
5.0
 79
2
 49
12.0
 49
-18.0
 98
0
  0
TEXT
  5
96
330
17
100
AcDbEntity
  8
LABEL
100
AcDbText
 10
240.0
 20
91.0
 30
0.0
 40
3.0
  1
ACAD_ISO04W100
  7
OpenSans
 11
240.0
 21
91.0
 31
0.0
100
AcDbText
  0
LWPOLYLINE
  5
97
330
17
100
AcDbEntity
  8
FRAME
100
AcDbPolyline
 90
4
 70
1
 10
240.0
 20
40.0
 10
332.0
 20
40.0
 10
332.0
 20
88.0
 10
240.0
 20
88.0
  0
HATCH
  5
98
330
17
100
AcDbEntity
  8
HATCH
 62
7
100
AcDbHatch
 10
0.0
 20
0.0
 30
0.0
210
0.0
220
0.0
230
1.0
  2
ACAD_ISO04W100
 70
0
 71
0
 91
1
 92
3
 72
0
 73
1
 93
4
 10
240.0
 20
40.0
 10
332.0
 20
40.0
 10
332.0
 20
88.0
 10
240.0
 20
88.0
 97
0
 75
0
 76
1
 52
0.0
 41
1.0
 77
0
 78
1
 53
0.0
 43
240.0
 44
40.0
 45
0.0
 46
5.0
 79
4
 49
24.0
 49
-3.0
 49
0.5
 49
-3.0
 98
0
  0
TEXT
  5
99
330
17
100
AcDbEntity
  8
LABEL
100
AcDbText
 10
360.0
 20
91.0
 30
0.0
 40
3.0
  1
ACAD_ISO05W100
  7
OpenSans
 11
360.0
 21
91.0
 31
0.0
100
AcDbText
  0
LWPOLYLINE
  5
9A
330
17
100
AcDbEntity
  8
FRAME
100
AcDbPolyline
 90
4
 70
1
 10
360.0
 20
40.0
 10
452.0
 20
40.0
 10
452.0
 20
88.0
 10
360.0
 20
88.0
  0
HATCH
  5
9B
330
17
100
AcDbEntity
  8
HATCH
 62
7
100
AcDbHatch
 10
0.0
 20
0.0
 30
0.0
210
0.0
220
0.0
230
1.0
  2
ACAD_ISO05W100
 70
0
 71
0
 91
1
 92
3
 72
0
 73
1
 93
4
 10
360.0
 20
40.0
 10
452.0
 20
40.0
 10
452.0
 20
88.0
 10
360.0
 20
88.0
 97
0
 75
0
 76
1
 52
0.0
 41
1.0
 77
0
 78
1
 53
0.0
 43
360.0
 44
40.0
 45
0.0
 46
5.0
 79
6
 49
24.0
 49
-3.0
 49
0.5
 49
-3.0
 49
0.5
 49
-3.0
 98
0
  0
TEXT
  5
9C
330
17
100
AcDbEntity
  8
LABEL
100
AcDbText
 10
480.0
 20
91.0
 30
0.0
 40
3.0
  1
ACAD_ISO06W100
  7
OpenSans
 11
480.0
 21
91.0
 31
0.0
100
AcDbText
  0
LWPOLYLINE
  5
9D
330
17
100
AcDbEntity
  8
FRAME
100
AcDbPolyline
 90
4
 70
1
 10
480.0
 20
40.0
 10
572.0
 20
40.0
 10
572.0
 20
88.0
 10
480.0
 20
88.0
  0
HATCH
  5
9E
330
17
100
AcDbEntity
  8
HATCH
 62
7
100
AcDbHatch
 10
0.0
 20
0.0
 30
0.0
210
0.0
220
0.0
230
1.0
  2
ACAD_ISO06W100
 70
0
 71
0
 91
1
 92
3
 72
0
 73
1
 93
4
 10
480.0
 20
40.0
 10
572.0
 20
40.0
 10
572.0
 20
88.0
 10
480.0
 20
88.0
 97
0
 75
0
 76
1
 52
0.0
 41
1.0
 77
0
 78
2
 53
0.0
 43
480.0
 44
40.0
 45
0.0
 46
5.0
 79
6
 49
24.0
 49
-3.0
 49
0.5
 49
-3.0
 49
0.5
 49
-6.5
 53
0.0
 43
480.0
 44
40.0
 45
0.0
 46
5.0
 79
3
 49
-34.0
 49
0.5
 49
-3.0
 98
0
  0
TEXT
  5
9F
330
17
100
AcDbEntity
  8
LABEL
100
AcDbText
 10
600.0
 20
91.0
 30
0.0
 40
3.0
  1
ACAD_ISO07W100
  7
OpenSans
 11
600.0
 21
91.0
 31
0.0
100
AcDbText
  0
LWPOLYLINE
  5
A0
330
17
100
AcDbEntity
  8
FRAME
100
AcDbPolyline
 90
4
 70
1
 10
600.0
 20
40.0
 10
692.0
 20
40.0
 10
692.0
 20
88.0
 10
600.0
 20
88.0
  0
HATCH
  5
A1
330
17
100
AcDbEntity
  8
HATCH
 62
7
100
AcDbHatch
 10
0.0
 20
0.0
 30
0.0
210
0.0
220
0.0
230
1.0
  2
ACAD_ISO07W100
 70
0
 71
0
 91
1
 92
3
 72
0
 73
1
 93
4
 10
600.0
 20
40.0
 10
692.0
 20
40.0
 10
692.0
 20
88.0
 10
600.0
 20
88.0
 97
0
 75
0
 76
1
 52
0.0
 41
1.0
 77
0
 78
1
 53
0.0
 43
600.0
 44
40.0
 45
0.0
 46
5.0
 79
2
 49
0.5
 49
-3.0
 98
0
  0
TEXT
  5
A2
330
17
100
AcDbEntity
  8
LABEL
100
AcDbText
 10
0.0
 20
179.0
 30
0.0
 40
3.0
  1
ACAD_ISO08W100
  7
OpenSans
 11
0.0
 21
179.0
 31
0.0
100
AcDbText
  0
LWPOLYLINE
  5
A3
330
17
100
AcDbEntity
  8
FRAME
100
AcDbPolyline
 90
4
 70
1
 10
0.0
 20
128.0
 10
92.0
 20
128.0
 10
92.0
 20
176.0
 10
0.0
 20
176.0
  0
HATCH
  5
A4
330
17
100
AcDbEntity
  8
HATCH
 62
7
100
AcDbHatch
 10
0.0
 20
0.0
 30
0.0
210
0.0
220
0.0
230
1.0
  2
ACAD_ISO08W100
 70
0
 71
0
 91
1
 92
3
 72
0
 73
1
 93
4
 10
0.0
 20
128.0
 10
92.0
 20
128.0
 10
92.0
 20
176.0
 10
0.0
 20
176.0
 97
0
 75
0
 76
1
 52
0.0
 41
1.0
 77
0
 78
1
 53
0.0
 43
0.0
 44
128.0
 45
0.0
 46
5.0
 79
4
 49
24.0
 49
-3.0
 49
6.0
 49
-3.0
 98
0
  0
TEXT
  5
A5
330
17
100
AcDbEntity
  8
LABEL
100
AcDbText
 10
120.0
 20
179.0
 30
0.0
 40
3.0
  1
ACAD_ISO09W100
  7
OpenSans
 11
120.0
 21
179.0
 31
0.0
100
AcDbText
  0
LWPOLYLINE
  5
A6
330
17
100
AcDbEntity
  8
FRAME
100
AcDbPolyline
 90
4
 70
1
 10
120.0
 20
128.0
 10
212.0
 20
128.0
 10
212.0
 20
176.0
 10
120.0
 20
176.0
  0
HATCH
  5
A7
330
17
100
AcDbEntity
  8
HATCH
 62
7
100
AcDbHatch
 10
0.0
 20
0.0
 30
0.0
210
0.0
220
0.0
230
1.0
  2
ACAD_ISO09W100
 70
0
 71
0
 91
1
 92
3
 72
0
 73
1
 93
4
 10
120.0
 20
128.0
 10
212.0
 20
128.0
 10
212.0
 20
176.0
 10
120.0
 20
176.0
 97
0
 75
0
 76
1
 52
0.0
 41
1.0
 77
0
 78
1
 53
0.0
 43
120.0
 44
128.0
 45
0.0
 46
5.0
 79
6
 49
24.0
 49
-3.0
 49
6.0
 49
-3.0
 49
6.0
 49
-3.0
 98
0
  0
TEXT
  5
A8
330
17
100
AcDbEntity
  8
LABEL
100
AcDbText
 10
240.0
 20
179.0
 30
0.0
 40
3.0
  1
ACAD_ISO10W100
  7
OpenSans
 11
240.0
 21
179.0
 31
0.0
100
AcDbText
  0
LWPOLYLINE
  5
A9
330
17
100
AcDbEntity
  8
FRAME
100
AcDbPolyline
 90
4
 70
1
 10
240.0
 20
128.0
 10
332.0
 20
128.0
 10
332.0
 20
176.0
 10
240.0
 20
176.0
  0
HATCH
  5
AA
330
17
100
AcDbEntity
  8
HATCH
 62
7
100
AcDbHatch
 10
0.0
 20
0.0
 30
0.0
210
0.0
220
0.0
230
1.0
  2
ACAD_ISO10W100
 70
0
 71
0
 91
1
 92
3
 72
0
 73
1
 93
4
 10
240.0
 20
128.0
 10
332.0
 20
128.0
 10
332.0
 20
176.0
 10
240.0
 20
176.0
 97
0
 75
0
 76
1
 52
0.0
 41
1.0
 77
0
 78
1
 53
0.0
 43
240.0
 44
128.0
 45
0.0
 46
5.0
 79
4
 49
12.0
 49
-3.0
 49
0.5
 49
-3.0
 98
0
  0
TEXT
  5
AB
330
17
100
AcDbEntity
  8
LABEL
100
AcDbText
 10
360.0
 20
179.0
 30
0.0
 40
3.0
  1
ACAD_ISO11W100
  7
OpenSans
 11
360.0
 21
179.0
 31
0.0
100
AcDbText
  0
LWPOLYLINE
  5
AC
330
17
100
AcDbEntity
  8
FRAME
100
AcDbPolyline
 90
4
 70
1
 10
360.0
 20
128.0
 10
452.0
 20
128.0
 10
452.0
 20
176.0
 10
360.0
 20
176.0
  0
HATCH
  5
AD
330
17
100
AcDbEntity
  8
HATCH
 62
7
100
AcDbHatch
 10
0.0
 20
0.0
 30
0.0
210
0.0
220
0.0
230
1.0
  2
ACAD_ISO11W100
 70
0
 71
0
 91
1
 92
3
 72
0
 73
1
 93
4
 10
360.0
 20
128.0
 10
452.0
 20
128.0
 10
452.0
 20
176.0
 10
360.0
 20
176.0
 97
0
 75
0
 76
1
 52
0.0
 41
1.0
 77
0
 78
1
 53
0.0
 43
360.0
 44
128.0
 45
0.0
 46
5.0
 79
6
 49
12.0
 49
-3.0
 49
12.0
 49
-3.0
 49
0.5
 49
-3.0
 98
0
  0
TEXT
  5
AE
330
17
100
AcDbEntity
  8
LABEL
100
AcDbText
 10
480.0
 20
179.0
 30
0.0
 40
3.0
  1
ACAD_ISO12W100
  7
OpenSans
 11
480.0
 21
179.0
 31
0.0
100
AcDbText
  0
LWPOLYLINE
  5
AF
330
17
100
AcDbEntity
  8
FRAME
100
AcDbPolyline
 90
4
 70
1
 10
480.0
 20
128.0
 10
572.0
 20
128.0
 10
572.0
 20
176.0
 10
480.0
 20
176.0
  0
HATCH
  5
B0
330
17
100
AcDbEntity
  8
HATCH
 62
7
100
AcDbHatch
 10
0.0
 20
0.0
 30
0.0
210
0.0
220
0.0
230
1.0
  2
ACAD_ISO12W100
 70
0
 71
0
 91
1
 92
3
 72
0
 73
1
 93
4
 10
480.0
 20
128.0
 10
572.0
 20
128.0
 10
572.0
 20
176.0
 10
480.0
 20
176.0
 97
0
 75
0
 76
1
 52
0.0
 41
1.0
 77
0
 78
1
 53
0.0
 43
480.0
 44
128.0
 45
0.0
 46
5.0
 79
6
 49
12.0
 49
-3.0
 49
0.5
 49
-3.0
 49
0.5
 49
-3.0
 98
0
  0
TEXT
  5
B1
330
17
100
AcDbEntity
  8
LABEL
100
AcDbText
 10
600.0
 20
179.0
 30
0.0
 40
3.0
  1
ACAD_ISO13W100
  7
OpenSans
 11
600.0
 21
179.0
 31
0.0
100
AcDbText
  0
LWPOLYLINE
  5
B2
330
17
100
AcDbEntity
  8
FRAME
100
AcDbPolyline
 90
4
 70
1
 10
600.0
 20
128.0
 10
692.0
 20
128.0
 10
692.0
 20
176.0
 10
600.0
 20
176.0
  0
HATCH
  5
B3
330
17
100
AcDbEntity
  8
HATCH
 62
7
100
AcDbHatch
 10
0.0
 20
0.0
 30
0.0
210
0.0
220
0.0
230
1.0
  2
ACAD_ISO13W100
 70
0
 71
0
 91
1
 92
3
 72
0
 73
1
 93
4
 10
600.0
 20
128.0
 10
692.0
 20
128.0
 10
692.0
 20
176.0
 10
600.0
 20
176.0
 97
0
 75
0
 76
1
 52
0.0
 41
1.0
 77
0
 78
2
 53
0.0
 43
600.0
 44
128.0
 45
0.0
 46
5.0
 79
6
 49
12.0
 49
-3.0
 49
12.0
 49
-3.0
 49
0.5
 49
-6.5
 53
0.0
 43
600.0
 44
128.0
 45
0.0
 46
5.0
 79
3
 49
-33.5
 49
0.5
 49
-3.0
 98
0
  0
TEXT
  5
B4
330
17
100
AcDbEntity
  8
LABEL
100
AcDbText
 10
0.0
 20
267.0
 30
0.0
 40
3.0
  1
ACAD_ISO14W100
  7
OpenSans
 11
0.0
 21
267.0
 31
0.0
100
AcDbText
  0
LWPOLYLINE
  5
B5
330
17
100
AcDbEntity
  8
FRAME
100
AcDbPolyline
 90
4
 70
1
 10
0.0
 20
216.0
 10
92.0
 20
216.0
 10
92.0
 20
264.0
 10
0.0
 20
264.0
  0
HATCH
  5
B6
330
17
100
AcDbEntity
  8
HATCH
 62
7
100
AcDbHatch
 10
0.0
 20
0.0
 30
0.0
210
0.0
220
0.0
230
1.0
  2
ACAD_ISO14W100
 70
0
 71
0
 91
1
 92
3
 72
0
 73
1
 93
4
 10
0.0
 20
216.0
 10
92.0
 20
216.0
 10
92.0
 20
264.0
 10
0.0
 20
264.0
 97
0
 75
0
 76
1
 52
0.0
 41
1.0
 77
0
 78
2
 53
0.0
 43
0.0
 44
216.0
 45
0.0
 46
5.0
 79
6
 49
12.0
 49
-3.0
 49
0.5
 49
-3.0
 49
0.5
 49
-6.5
 53
0.0
 43
0.0
 44
216.0
 45
0.0
 46
5.0
 79
3
 49
-22.0
 49
0.5
 49
-3.0
 98
0
  0
TEXT
  5
B7
330
17
100
AcDbEntity
  8
LABEL
100
AcDbText
 10
120.0
 20
267.0
 30
0.0
 40
3.0
  1
ACAD_ISO15W100
  7
OpenSans
 11
120.0
 21
267.0
 31
0.0
100
AcDbText
  0
LWPOLYLINE
  5
B8
330
17
100
AcDbEntity
  8
FRAME
100
AcDbPolyline
 90
4
 70
1
 10
120.0
 20
216.0
 10
212.0
 20
216.0
 10
212.0
 20
264.0
 10
120.0
 20
264.0
  0
HATCH
  5
B9
330
17
100
AcDbEntity
  8
HATCH
 62
7
100
AcDbHatch
 10
0.0
 20
0.0
 30
0.0
210
0.0
220
0.0
230
1.0
  2
ACAD_ISO15W100
 70
0
 71
0
 91
1
 92
3
 72
0
 73
1
 93
4
 10
120.0
 20
216.0
 10
212.0
 20
216.0
 10
212.0
 20
264.0
 10
120.0
 20
264.0
 97
0
 75
0
 76
1
 52
0.0
 41
1.0
 77
0
 78
2
 53
0.0
 43
120.0
 44
216.0
 45
0.0
 46
5.0
 79
6
 49
12.0
 49
-3.0
 49
12.0
 49
-3.0
 49
0.5
 49
-10.0
 53
0.0
 43
120.0
 44
216.0
 45
0.0
 46
5.0
 79
5
 49
-33.5
 49
0.5
 49
-3.0
 49
0.5
 49
-3.0
 98
0
  0
TEXT
  5
BA
330
17
100
AcDbEntity
  8
LABEL
100
AcDbText
 10
240.0
 20
267.0
 30
0.0
 40
3.0
  1
ANCHORLOCK
  7
OpenSans
 11
240.0
 21
267.0
 31
0.0
100
AcDbText
  0
LWPOLYLINE
  5
BB
330
17
100
AcDbEntity
  8
FRAME
100
AcDbPolyline
 90
4
 70
1
 10
240.0
 20
216.0
 10
332.0
 20
216.0
 10
332.0
 20
264.0
 10
240.0
 20
264.0
  0
HATCH
  5
BC
330
17
100
AcDbEntity
  8
HATCH
 62
7
100
AcDbHatch
 10
0.0
 20
0.0
 30
0.0
210
0.0
220
0.0
230
1.0
  2
ANCHORLOCK
 70
0
 71
0
 91
1
 92
3
 72
0
 73
1
 93
4
 10
240.0
 20
216.0
 10
332.0
 20
216.0
 10
332.0
 20
264.0
 10
240.0
 20
264.0
 97
0
 75
0
 76
1
 52
0.0
 41
1.0
 77
0
 78
4
 53
18.435
 43
232.4698285605
 44
213.4899353605
 45
50.2011354351
 46
25.1006237677
 79
2
 49
15.875
 49
-63.5
 53
333.435
 43
222.4296148335
 44
193.409463393
 45
25.1005788571
 46
2.25052e-05
 79
2
 49
11.2253201325
 49
-44.9012805935
 53
63.435
 43
237.4899130085
 44
248.6307503975
 45
-2.23917e-05
 46
25.1005789423
 79
2
 49
11.2253201325
 49
-44.9012805935
 53
108.435
 43
242.5100198085
 44
233.5704075185
 45
-2.24201e-05
 46
25.1005789276
 79
2
 49
15.875
 49
-63.5
 98
0
  0
TEXT
  5
BD
330
17
100
AcDbEntity
  8
LABEL
100
AcDbText
 10
360.0
 20
267.0
 30
0.0
 40
3.0
  1
ANGLE
  7
OpenSans
 11
360.0
 21
267.0
 31
0.0
100
AcDbText
  0
LWPOLYLINE
  5
BE
330
17
100
AcDbEntity
  8
FRAME
100
AcDbPolyline
 90
4
 70
1
 10
360.0
 20
216.0
 10
452.0
 20
216.0
 10
452.0
 20
264.0
 10
360.0
 20
264.0
  0
HATCH
  5
BF
330
17
100
AcDbEntity
  8
HATCH
 62
7
100
AcDbHatch
 10
0.0
 20
0.0
 30
0.0
210
0.0
220
0.0
230
1.0
  2
ANGLE
 70
0
 71
0
 91
1
 92
3
 72
0
 73
1
 93
4
 10
360.0
 20
216.0
 10
452.0
 20
216.0
 10
452.0
 20
264.0
 10
360.0
 20
264.0
 97
0
 75
0
 76
1
 52
0.0
 41
1.0
 77
0
 78
2
 53
0.0
 43
360.0
 44
216.0
 45
0.0
 46
13.97
 79
2
 49
10.16
 49
-3.81
 53
90.0
 43
360.0
 44
216.0
 45
-13.97
 46
0.0
 79
2
 49
10.16
 49
-3.81
 98
0
  0
TEXT
  5
C0
330
17
100
AcDbEntity
  8
LABEL
100
AcDbText
 10
480.0
 20
267.0
 30
0.0
 40
3.0
  1
ANSI31
  7
OpenSans
 11
480.0
 21
267.0
 31
0.0
100
AcDbText
  0
LWPOLYLINE
  5
C1
330
17
100
AcDbEntity
  8
FRAME
100
AcDbPolyline
 90
4
 70
1
 10
480.0
 20
216.0
 10
572.0
 20
216.0
 10
572.0
 20
264.0
 10
480.0
 20
264.0
  0
HATCH
  5
C2
330
17
100
AcDbEntity
  8
HATCH
 62
7
100
AcDbHatch
 10
0.0
 20
0.0
 30
0.0
210
0.0
220
0.0
230
1.0
  2
ANSI31
 70
0
 71
0
 91
1
 92
3
 72
0
 73
1
 93
4
 10
480.0
 20
216.0
 10
572.0
 20
216.0
 10
572.0
 20
264.0
 10
480.0
 20
264.0
 97
0
 75
0
 76
1
 52
0.0
 41
1.0
 77
0
 78
1
 53
45.0
 43
480.0
 44
216.0
 45
-2.2450640303
 46
2.2450640303
 79
0
 98
0
  0
TEXT
  5
C3
330
17
100
AcDbEntity
  8
LABEL
100
AcDbText
 10
600.0
 20
267.0
 30
0.0
 40
3.0
  1
ANSI32
  7
OpenSans
 11
600.0
 21
267.0
 31
0.0
100
AcDbText
  0
LWPOLYLINE
  5
C4
330
17
100
AcDbEntity
  8
FRAME
100
AcDbPolyline
 90
4
 70
1
 10
600.0
 20
216.0
 10
692.0
 20
216.0
 10
692.0
 20
264.0
 10
600.0
 20
264.0
  0
HATCH
  5
C5
330
17
100
AcDbEntity
  8
HATCH
 62
7
100
AcDbHatch
 10
0.0
 20
0.0
 30
0.0
210
0.0
220
0.0
230
1.0
  2
ANSI32
 70
0
 71
0
 91
1
 92
3
 72
0
 73
1
 93
4
 10
600.0
 20
216.0
 10
692.0
 20
216.0
 10
692.0
 20
264.0
 10
600.0
 20
264.0
 97
0
 75
0
 76
1
 52
0.0
 41
1.0
 77
0
 78
2
 53
45.0
 43
600.0
 44
216.0
 45
-6.7351920908
 46
6.7351920908
 79
0
 53
45.0
 43
604.490128053
 44
216.0
 45
-6.7351920908
 46
6.7351920908
 79
0
 98
0
  0
TEXT
  5
C6
330
17
100
AcDbEntity
  8
LABEL
100
AcDbText
 10
0.0
 20
355.0
 30
0.0
 40
3.0
  1
ANSI33
  7
OpenSans
 11
0.0
 21
355.0
 31
0.0
100
AcDbText
  0
LWPOLYLINE
  5
C7
330
17
100
AcDbEntity
  8
FRAME
100
AcDbPolyline
 90
4
 70
1
 10
0.0
 20
304.0
 10
92.0
 20
304.0
 10
92.0
 20
352.0
 10
0.0
 20
352.0
  0
HATCH
  5
C8
330
17
100
AcDbEntity
  8
HATCH
 62
7
100
AcDbHatch
 10
0.0
 20
0.0
 30
0.0
210
0.0
220
0.0
230
1.0
  2
ANSI33
 70
0
 71
0
 91
1
 92
3
 72
0
 73
1
 93
4
 10
0.0
 20
304.0
 10
92.0
 20
304.0
 10
92.0
 20
352.0
 10
0.0
 20
352.0
 97
0
 75
0
 76
1
 52
0.0
 41
1.0
 77
0
 78
2
 53
45.0
 43
0.0
 44
304.0
 45
-4.4901280605
 46
4.4901280605
 79
0
 53
45.0
 43
4.490128053
 44
304.0
 45
-4.4901280605
 46
4.4901280605
 79
2
 49
3.175
 49
-1.5875
 98
0
  0
TEXT
  5
C9
330
17
100
AcDbEntity
  8
LABEL
100
AcDbText
 10
120.0
 20
355.0
 30
0.0
 40
3.0
  1
ANSI34
  7
OpenSans
 11
120.0
 21
355.0
 31
0.0
100
AcDbText
  0
LWPOLYLINE
  5
CA
330
17
100
AcDbEntity
  8
FRAME
100
AcDbPolyline
 90
4
 70
1
 10
120.0
 20
304.0
 10
212.0
 20
304.0
 10
212.0
 20
352.0
 10
120.0
 20
352.0
  0
HATCH
  5
CB
330
17
100
AcDbEntity
  8
HATCH
 62
7
100
AcDbHatch
 10
0.0
 20
0.0
 30
0.0
210
0.0
220
0.0
230
1.0
  2
ANSI34
 70
0
 71
0
 91
1
 92
3
 72
0
 73
1
 93
4
 10
120.0
 20
304.0
 10
212.0
 20
304.0
 10
212.0
 20
352.0
 10
120.0
 20
352.0
 97
0
 75
0
 76
1
 52
0.0
 41
1.0
 77
0
 78
4
 53
45.0
 43
120.0
 44
304.0
 45
-13.4703841816
 46
13.4703841816
 79
0
 53
45.0
 43
124.490128053
 44
304.0
 45
-13.4703841816
 46
13.4703841816
 79
0
 53
45.0
 43
128.9802561314
 44
304.0
 45
-13.4703841816
 46
13.4703841816
 79
0
 53
45.0
 43
133.4703841844
 44
304.0
 45
-13.4703841816
 46
13.4703841816
 79
0
 98
0
  0
TEXT
  5
CC
330
17
100
AcDbEntity
  8
LABEL
100
AcDbText
 10
240.0
 20
355.0
 30
0.0
 40
3.0
  1
ANSI35
  7
OpenSans
 11
240.0
 21
355.0
 31
0.0
100
AcDbText
  0
LWPOLYLINE
  5
CD
330
17
100
AcDbEntity
  8
FRAME
100
AcDbPolyline
 90
4
 70
1
 10
240.0
 20
304.0
 10
332.0
 20
304.0
 10
332.0
 20
352.0
 10
240.0
 20
352.0
  0
HATCH
  5
CE
330
17
100
AcDbEntity
  8
HATCH
 62
7
100
AcDbHatch
 10
0.0
 20
0.0
 30
0.0
210
0.0
220
0.0
230
1.0
  2
ANSI35
 70
0
 71
0
 91
1
 92
3
 72
0
 73
1
 93
4
 10
240.0
 20
304.0
 10
332.0
 20
304.0
 10
332.0
 20
352.0
 10
240.0
 20
352.0
 97
0
 75
0
 76
1
 52
0.0
 41
1.0
 77
0
 78
2
 53
45.0
 43
240.0
 44
304.0
 45
-4.4901280605
 46
4.4901280605
 79
0
 53
45.0
 43
244.490128053
 44
304.0
 45
-4.4901280605
 46
4.4901280605
 79
4
 49
7.9375
 49
-1.5875
 49
0.0
 49
-1.5875
 98
0
  0
TEXT
  5
CF
330
17
100
AcDbEntity
  8
LABEL
100
AcDbText
 10
360.0
 20
355.0
 30
0.0
 40
3.0
  1
ANSI36
  7
OpenSans
 11
360.0
 21
355.0
 31
0.0
100
AcDbText
  0
LWPOLYLINE
  5
D0
330
17
100
AcDbEntity
  8
FRAME
100
AcDbPolyline
 90
4
 70
1
 10
360.0
 20
304.0
 10
452.0
 20
304.0
 10
452.0
 20
352.0
 10
360.0
 20
352.0
  0
HATCH
  5
D1
330
17
100
AcDbEntity
  8
HATCH
 62
7
100
AcDbHatch
 10
0.0
 20
0.0
 30
0.0
210
0.0
220
0.0
230
1.0
  2
ANSI36
 70
0
 71
0
 91
1
 92
3
 72
0
 73
1
 93
4
 10
360.0
 20
304.0
 10
452.0
 20
304.0
 10
452.0
 20
352.0
 10
360.0
 20
352.0
 97
0
 75
0
 76
1
 52
0.0
 41
1.0
 77
0
 78
1
 53
45.0
 43
360.0
 44
304.0
 45
1.6837980227
 46
6.1739260832
 79
4
 49
7.9375
 49
-1.5875
 49
0.0
 49
-1.5875
 98
0
  0
TEXT
  5
D2
330
17
100
AcDbEntity
  8
LABEL
100
AcDbText
 10
480.0
 20
355.0
 30
0.0
 40
3.0
  1
ANSI37
  7
OpenSans
 11
480.0
 21
355.0
 31
0.0
100
AcDbText
  0
LWPOLYLINE
  5
D3
330
17
100
AcDbEntity
  8
FRAME
100
AcDbPolyline
 90
4
 70
1
 10
480.0
 20
304.0
 10
572.0
 20
304.0
 10
572.0
 20
352.0
 10
480.0
 20
352.0
  0
HATCH
  5
D4
330
17
100
AcDbEntity
  8
HATCH
 62
7
100
AcDbHatch
 10
0.0
 20
0.0
 30
0.0
210
0.0
220
0.0
230
1.0
  2
ANSI37
 70
0
 71
0
 91
1
 92
3
 72
0
 73
1
 93
4
 10
480.0
 20
304.0
 10
572.0
 20
304.0
 10
572.0
 20
352.0
 10
480.0
 20
352.0
 97
0
 75
0
 76
1
 52
0.0
 41
1.0
 77
0
 78
2
 53
45.0
 43
480.0
 44
304.0
 45
-2.2450640303
 46
2.2450640303
 79
0
 53
135.0
 43
480.0
 44
304.0
 45
-2.2450640303
 46
-2.2450640303
 79
0
 98
0
  0
TEXT
  5
D5
330
17
100
AcDbEntity
  8
LABEL
100
AcDbText
 10
600.0
 20
355.0
 30
0.0
 40
3.0
  1
ANSI38
  7
OpenSans
 11
600.0
 21
355.0
 31
0.0
100
AcDbText
  0
LWPOLYLINE
  5
D6
330
17
100
AcDbEntity
  8
FRAME
100
AcDbPolyline
 90
4
 70
1
 10
600.0
 20
304.0
 10
692.0
 20
304.0
 10
692.0
 20
352.0
 10
600.0
 20
352.0
  0
HATCH
  5
D7
330
17
100
AcDbEntity
  8
HATCH
 62
7
100
AcDbHatch
 10
0.0
 20
0.0
 30
0.0
210
0.0
220
0.0
230
1.0
  2
ANSI38
 70
0
 71
0
 91
1
 92
3
 72
0
 73
1
 93
4
 10
600.0
 20
304.0
 10
692.0
 20
304.0
 10
692.0
 20
352.0
 10
600.0
 20
352.0
 97
0
 75
0
 76
1
 52
0.0
 41
1.0
 77
0
 78
2
 53
45.0
 43
600.0
 44
304.0
 45
-2.2450640303
 46
2.2450640303
 79
0
 53
135.0
 43
600.0
 44
304.0
 45
-6.7351920908
 46
2.2450640303
 79
2
 49
7.9375
 49
-4.7625
 98
0
  0
TEXT
  5
D8
330
17
100
AcDbEntity
  8
LABEL
100
AcDbText
 10
0.0
 20
443.0
 30
0.0
 40
3.0
  1
AR-B816
  7
OpenSans
 11
0.0
 21
443.0
 31
0.0
100
AcDbText
  0
LWPOLYLINE
  5
D9
330
17
100
AcDbEntity
  8
FRAME
100
AcDbPolyline
 90
4
 70
1
 10
0.0
 20
392.0
 10
92.0
 20
392.0
 10
92.0
 20
440.0
 10
0.0
 20
440.0
  0
HATCH
  5
DA
330
17
100
AcDbEntity
  8
HATCH
 62
7
100
AcDbHatch
 10
0.0
 20
0.0
 30
0.0
210
0.0
220
0.0
230
1.0
  2
AR-B816
 70
0
 71
0
 91
1
 92
3
 72
0
 73
1
 93
4
 10
0.0
 20
392.0
 10
92.0
 20
392.0
 10
92.0
 20
440.0
 10
0.0
 20
440.0
 97
0
 75
0
 76
1
 52
0.0
 41
1.0
 77
0
 78
2
 53
0.0
 43
0.0
 44
392.0
 45
0.0
 46
203.2
 79
0
 53
90.0
 43
0.0
 44
392.0
 45
-203.2
 46
203.2
 79
2
 49
203.2
 49
-203.2
 98
0
  0
TEXT
  5
DB
330
17
100
AcDbEntity
  8
LABEL
100
AcDbText
 10
120.0
 20
443.0
 30
0.0
 40
3.0
  1
AR-B816C
  7
OpenSans
 11
120.0
 21
443.0
 31
0.0
100
AcDbText
  0
LWPOLYLINE
  5
DC
330
17
100
AcDbEntity
  8
FRAME
100
AcDbPolyline
 90
4
 70
1
 10
120.0
 20
392.0
 10
212.0
 20
392.0
 10
212.0
 20
440.0
 10
120.0
 20
440.0
  0
HATCH
  5
DD
330
17
100
AcDbEntity
  8
HATCH
 62
7
100
AcDbHatch
 10
0.0
 20
0.0
 30
0.0
210
0.0
220
0.0
230
1.0
  2
AR-B816C
 70
0
 71
0
 91
1
 92
3
 72
0
 73
1
 93
4
 10
120.0
 20
392.0
 10
212.0
 20
392.0
 10
212.0
 20
440.0
 10
120.0
 20
440.0
 97
0
 75
0
 76
1
 52
0.0
 41
1.0
 77
0
 78
4
 53
0.0
 43
120.0
 44
392.0
 45
203.2
 46
203.2
 79
2
 49
396.875
 49
-9.525
 53
0.0
 43
-83.19999999999999
 44
401.525
 45
203.2
 46
203.2
 79
2
 49
396.875
 49
-9.525
 53
90.0
 43
120.0
 44
392.0
 45
-203.2
 46
203.2
 79
2
 49
-212.725
 49
193.675
 53
90.0
 43
110.475
 44
392.0
 45
-203.2
 46
203.2
 79
2
 49
-212.725
 49
193.675
 98
0
  0
TEXT
  5
DE
330
17
100
AcDbEntity
  8
LABEL
100
AcDbText
 10
240.0
 20
443.0
 30
0.0
 40
3.0
  1
AR-B88
  7
OpenSans
 11
240.0
 21
443.0
 31
0.0
100
AcDbText
  0
LWPOLYLINE
  5
DF
330
17
100
AcDbEntity
  8
FRAME
100
AcDbPolyline
 90
4
 70
1
 10
240.0
 20
392.0
 10
332.0
 20
392.0
 10
332.0
 20
440.0
 10
240.0
 20
440.0
  0
HATCH
  5
E0
330
17
100
AcDbEntity
  8
HATCH
 62
7
100
AcDbHatch
 10
0.0
 20
0.0
 30
0.0
210
0.0
220
0.0
230
1.0
  2
AR-B88
 70
0
 71
0
 91
1
 92
3
 72
0
 73
1
 93
4
 10
240.0
 20
392.0
 10
332.0
 20
392.0
 10
332.0
 20
440.0
 10
240.0
 20
440.0
 97
0
 75
0
 76
1
 52
0.0
 41
1.0
 77
0
 78
2
 53
0.0
 43
240.0
 44
392.0
 45
0.0
 46
203.2
 79
0
 53
90.0
 43
240.0
 44
392.0
 45
-101.6
 46
203.2
 79
2
 49
203.2
 49
-203.2
 98
0
  0
TEXT
  5
E1
330
17
100
AcDbEntity
  8
LABEL
100
AcDbText
 10
360.0
 20
443.0
 30
0.0
 40
3.0
  1
AR-BRELM
  7
OpenSans
 11
360.0
 21
443.0
 31
0.0
100
AcDbText
  0
LWPOLYLINE
  5
E2
330
17
100
AcDbEntity
  8
FRAME
100
AcDbPolyline
 90
4
 70
1
 10
360.0
 20
392.0
 10
452.0
 20
392.0
 10
452.0
 20
440.0
 10
360.0
 20
440.0
  0
HATCH
  5
E3
330
17
100
AcDbEntity
  8
HATCH
 62
7
100
AcDbHatch
 10
0.0
 20
0.0
 30
0.0
210
0.0
220
0.0
230
1.0
  2
AR-BRELM
 70
0
 71
0
 91
1
 92
3
 72
0
 73
1
 93
4
 10
360.0
 20
392.0
 10
452.0
 20
392.0
 10
452.0
 20
440.0
 10
360.0
 20
440.0
 97
0
 75
0
 76
1
 52
0.0
 41
1.0
 77
0
 78
8
 53
0.0
 43
360.0
 44
392.0
 45
0.0
 46
135.484
 79
2
 49
193.675
 49
-9.525
 53
0.0
 43
360.0
 44
449.15
 45
0.0
 46
135.484
 79
2
 49
193.675
 49
-9.525
 53
0.0
 43
410.8
 44
459.7418
 45
0.0
 46
135.484
 79
2
 49
92.075
 49
-9.525
 53
0.0
 43
410.8
 44
516.892
 45
0.0
 46
135.484
 79
2
 49
92.075
 49
-9.525
 53
90.0
 43
360.0
 44
392.0
 45
-203.2
 46
0.0
 79
2
 49
57.15
 49
-78.334
 53
90.0
 43
350.475
 44
392.0
 45
-203.2
 46
0.0
 79
2
 49
57.15
 49
-78.334
 53
90.0
 43
410.8
 44
459.7418
 45
-101.6
 46
0.0
 79
2
 49
57.15
 49
-78.334
 53
90.0
 43
401.275
 44
459.7418
 45
-101.6
 46
0.0
 79
2
 49
57.15
 49
-78.334
 98
0
  0
TEXT
  5
E4
330
17
100
AcDbEntity
  8
LABEL
100
AcDbText
 10
480.0
 20
443.0
 30
0.0
 40
3.0
  1
AR-BRSTD
  7
OpenSans
 11
480.0
 21
443.0
 31
0.0
100
AcDbText
  0
LWPOLYLINE
  5
E5
330
17
100
AcDbEntity
  8
FRAME
100
AcDbPolyline
 90
4
 70
1
 10
480.0
 20
392.0
 10
572.0
 20
392.0
 10
572.0
 20
440.0
 10
480.0
 20
440.0
  0
HATCH
  5
E6
330
17
100
AcDbEntity
  8
HATCH
 62
7
100
AcDbHatch
 10
0.0
 20
0.0
 30
0.0
210
0.0
220
0.0
230
1.0
  2
AR-BRSTD
 70
0
 71
0
 91
1
 92
3
 72
0
 73
1
 93
4
 10
480.0
 20
392.0
 10
572.0
 20
392.0
 10
572.0
 20
440.0
 10
480.0
 20
440.0
 97
0
 75
0
 76
1
 52
0.0
 41
1.0
 77
0
 78
2
 53
0.0
 43
480.0
 44
392.0
 45
0.0
 46
67.7418
 79
0
 53
90.0
 43
480.0
 44
392.0
 45
-101.6
 46
67.7418
 79
2
 49
67.7418
 49
-67.7418
 98
0
  0
TEXT
  5
E7
330
17
100
AcDbEntity
  8
LABEL
100
AcDbText
 10
600.0
 20
443.0
 30
0.0
 40
3.0
  1
AR-CONC
  7
OpenSans
 11
600.0
 21
443.0
 31
0.0
100
AcDbText
  0
LWPOLYLINE
  5
E8
330
17
100
AcDbEntity
  8
FRAME
100
AcDbPolyline
 90
4
 70
1
 10
600.0
 20
392.0
 10
692.0
 20
392.0
 10
692.0
 20
440.0
 10
600.0
 20
440.0
  0
HATCH
  5
E9
330
17
100
AcDbEntity
  8
HATCH
 62
7
100
AcDbHatch
 10
0.0
 20
0.0
 30
0.0
210
0.0
220
0.0
230
1.0
  2
AR-CONC
 70
0
 71
0
 91
1
 92
3
 72
0
 73
1
 93
4
 10
600.0
 20
392.0
 10
692.0
 20
392.0
 10
692.0
 20
440.0
 10
600.0
 20
440.0
 97
0
 75
0
 76
1
 52
0.0
 41
1.0
 77
0
 78
13
 53
50.0
 43
600.0
 44
392.0
 45
182.184668996
 46
-15.9390855389
 79
2
 49
19.05
 49
-209.55
 53
355.0
 43
600.0
 44
392.0
 45
-35.243421425
 46
191.056845239
 79
2
 49
15.24
 49
-167.64058417
 53
100.4514447
 43
615.182007
 44
390.6717465
 45
146.9412470904
 46
175.1177519122
 79
2
 49
16.1900088
 49
-178.0902446
 53
46.1842
 43
600.0
 44
442.8
 45
271.0790408921
 46
-42.0423279327
 79
2
 49
28.575
 49
-314.325
 53
96.63555761
 43
622.5899
 44
439.2965
 45
237.4041340515
 46
247.4261245977
 79
2
 49
24.28502314
 49
-267.13560816
 53
351.18415117
 43
600.0
 44
442.8
 45
237.404134065
 46
247.4261245855
 79
2
 49
22.85996707
 49
-251.45973192
 53
21.0
 43
625.4
 44
430.1
 45
151.6143912691
 46
-102.2651981871
 79
2
 49
19.05
 49
-209.55
 53
326.0
 43
625.4
 44
430.1
 45
61.8020283476
 46
184.1879661223
 79
2
 49
15.24
 49
-167.64
 53
71.451445
 43
638.0345326
 44
421.5779001
 45
213.4164192787
 46
81.9227688859
 79
2
 49
16.1900088
 49
-178.0899376
 53
37.5
 43
600.0
 44
392.0
 45
3.0886032506
 46
84.5550388732
 79
6
 49
0.0
 49
-165.608
 49
0.0
 49
-170.18
 49
0.0
 49
-168.275
 53
7.5
 43
600.0
 44
392.0
 45
66.8196625103
 46
100.1805748181
 79
6
 49
0.0
 49
-97.028
 49
0.0
 49
-161.798
 49
0.0
 49
-64.135
 53
-32.5
 43
543.358
 44
392.0
 45
135.5905951669
 46
-5.7287439927
 79
6
 49
0.0
 49
-63.5
 49
0.0
 49
-198.12
 49
0.0
 49
-262.89
 53
-42.5
 43
517.958
 44
392.0
 45
148.129181386
 46
25.4264910333
 79
6
 49
0.0
 49
-82.55
 49
0.0
 49
-131.572
 49
0.0
 49
-186.69
 98
0
  0
TEXT
  5
EA
330
17
100
AcDbEntity
  8
LABEL
100
AcDbText
 10
0.0
 20
531.0
 30
0.0
 40
3.0
  1
AR-HBONE
  7
OpenSans
 11
0.0
 21
531.0
 31
0.0
100
AcDbText
  0
LWPOLYLINE
  5
EB
330
17
100
AcDbEntity
  8
FRAME
100
AcDbPolyline
 90
4
 70
1
 10
0.0
 20
480.0
 10
92.0
 20
480.0
 10
92.0
 20
528.0
 10
0.0
 20
528.0
  0
HATCH
  5
EC
330
17
100
AcDbEntity
  8
HATCH
 62
7
100
AcDbHatch
 10
0.0
 20
0.0
 30
0.0
210
0.0
220
0.0
230
1.0
  2
AR-HBONE
 70
0
 71
0
 91
1
 92
3
 72
0
 73
1
 93
4
 10
0.0
 20
480.0
 10
92.0
 20
480.0
 10
92.0
 20
528.0
 10
0.0
 20
528.0
 97
0
 75
0
 76
1
 52
0.0
 41
1.0
 77
0
 78
2
 53
45.0
 43
0.0
 44
480.0
 45
0.0
 46
143.6840979371
 79
2
 49
304.8
 49
-101.6
 53
135.0
 43
71.842
 44
551.842
 45
0.0
 46
143.6840979371
 79
2
 49
304.8
 49
-101.6
 98
0
  0
TEXT
  5
ED
330
17
100
AcDbEntity
  8
LABEL
100
AcDbText
 10
120.0
 20
531.0
 30
0.0
 40
3.0
  1
AR-PARQ1
  7
OpenSans
 11
120.0
 21
531.0
 31
0.0
100
AcDbText
  0
LWPOLYLINE
  5
EE
330
17
100
AcDbEntity
  8
FRAME
100
AcDbPolyline
 90
4
 70
1
 10
120.0
 20
480.0
 10
212.0
 20
480.0
 10
212.0
 20
528.0
 10
120.0
 20
528.0
  0
HATCH
  5
EF
330
17
100
AcDbEntity
  8
HATCH
 62
7
100
AcDbHatch
 10
0.0
 20
0.0
 30
0.0
210
0.0
220
0.0
230
1.0
  2
AR-PARQ1
 70
0
 71
0
 91
1
 92
3
 72
0
 73
1
 93
4
 10
120.0
 20
480.0
 10
212.0
 20
480.0
 10
212.0
 20
528.0
 10
120.0
 20
528.0
 97
0
 75
0
 76
1
 52
0.0
 41
1.0
 77
0
 78
14
 53
90.0
 43
120.0
 44
480.0
 45
-304.8
 46
304.8
 79
2
 49
304.8
 49
-304.8
 53
90.0
 43
170.8
 44
480.0
 45
-304.8
 46
304.8
 79
2
 49
304.8
 49
-304.8
 53
90.0
 43
221.6
 44
480.0
 45
-304.8
 46
304.8
 79
2
 49
304.8
 49
-304.8
 53
90.0
 43
272.4
 44
480.0
 45
-304.8
 46
304.8
 79
2
 49
304.8
 49
-304.8
 53
90.0
 43
323.2
 44
480.0
 45
-304.8
 46
304.8
 79
2
 49
304.8
 49
-304.8
 53
90.0
 43
374.0
 44
480.0
 45
-304.8
 46
304.8
 79
2
 49
304.8
 49
-304.8
 53
90.0
 43
424.8
 44
480.0
 45
-304.8
 46
304.8
 79
2
 49
304.8
 49
-304.8
 53
0.0
 43
120.0
 44
784.8
 45
304.8
 46
-304.8
 79
2
 49
304.8
 49
-304.8
 53
0.0
 43
120.0
 44
835.6
 45
304.8
 46
-304.8
 79
2
 49
304.8
 49
-304.8
 53
0.0
 43
120.0
 44
886.4
 45
304.8
 46
-304.8
 79
2
 49
304.8
 49
-304.8
 53
0.0
 43
120.0
 44
937.2
 45
304.8
 46
-304.8
 79
2
 49
304.8
 49
-304.8
 53
0.0
 43
120.0
 44
988.0
 45
304.8
 46
-304.8
 79
2
 49
304.8
 49
-304.8
 53
0.0
 43
120.0
 44
1038.8
 45
304.8
 46
-304.8
 79
2
 49
304.8
 49
-304.8
 53
0.0
 43
120.0
 44
1089.6
 45
304.8
 46
-304.8
 79
2
 49
304.8
 49
-304.8
 98
0
  0
TEXT
  5
F0
330
17
100
AcDbEntity
  8
LABEL
100
AcDbText
 10
240.0
 20
531.0
 30
0.0
 40
3.0
  1
AR-RROOF
  7
OpenSans
 11
240.0
 21
531.0
 31
0.0
100
AcDbText
  0
LWPOLYLINE
  5
F1
330
17
100
AcDbEntity
  8
FRAME
100
AcDbPolyline
 90
4
 70
1
 10
240.0
 20
480.0
 10
332.0
 20
480.0
 10
332.0
 20
528.0
 10
240.0
 20
528.0
  0
HATCH
  5
F2
330
17
100
AcDbEntity
  8
HATCH
 62
7
100
AcDbHatch
 10
0.0
 20
0.0
 30
0.0
210
0.0
220
0.0
230
1.0
  2
AR-RROOF
 70
0
 71
0
 91
1
 92
3
 72
0
 73
1
 93
4
 10
240.0
 20
480.0
 10
332.0
 20
480.0
 10
332.0
 20
528.0
 10
240.0
 20
528.0
 97
0
 75
0
 76
1
 52
0.0
 41
1.0
 77
0
 78
3
 53
0.0
 43
240.0
 44
480.0
 45
55.88
 46
25.4
 79
4
 49
381.0
 49
-50.8
 49
127.0
 49
-25.4
 53
0.0
 43
273.782
 44
492.7
 45
-25.4
 46
33.782
 79
4
 49
76.2
 49
-8.382
 49
152.4
 49
-19.05
 53
0.0
 43
252.7
 44
501.59
 45
132.08
 46
17.018
 79
4
 49
203.2
 49
-35.56
 49
101.6
 49
-25.4
 98
0
  0
TEXT
  5
F3
330
17
100
AcDbEntity
  8
LABEL
100
AcDbText
 10
360.0
 20
531.0
 30
0.0
 40
3.0
  1
AR-RSHKE
  7
OpenSans
 11
360.0
 21
531.0
 31
0.0
100
AcDbText
  0
LWPOLYLINE
  5
F4
330
17
100
AcDbEntity
  8
FRAME
100
AcDbPolyline
 90
4
 70
1
 10
360.0
 20
480.0
 10
452.0
 20
480.0
 10
452.0
 20
528.0
 10
360.0
 20
528.0
  0
HATCH
  5
F5
330
17
100
AcDbEntity
  8
HATCH
 62
7
100
AcDbHatch
 10
0.0
 20
0.0
 30
0.0
210
0.0
220
0.0
230
1.0
  2
AR-RSHKE
 70
0
 71
0
 91
1
 92
3
 72
0
 73
1
 93
4
 10
360.0
 20
480.0
 10
452.0
 20
480.0
 10
452.0
 20
528.0
 10
360.0
 20
528.0
 97
0
 75
0
 76
1
 52
0.0
 41
1.0
 77
0
 78
9
 53
0.0
 43
360.0
 44
480.0
 45
647.7
 46
304.8
 79
6
 49
152.4
 49
-127.0
 49
177.8
 49
-76.2
 49
228.6
 49
-101.6
 53
0.0
 43
512.4
 44
492.7
 45
647.7
 46
304.8
 79
4
 49
127.0
 49
-482.6
 49
101.6
 49
-152.4
 53
0.0
 43
817.2
 44
460.95
 45
647.7
 46
304.8
 79
2
 49
76.2
 49
-787.4
 53
90.0
 43
360.0
 44
480.0
 45
-215.9
 46
304.8
 79
2
 49
292.1
 49
-927.1
 53
90.0
 43
512.4
 44
480.0
 45
-215.9
 46
304.8
 79
2
 49
285.75
 49
-933.45
 53
90.0
 43
639.4
 44
480.0
 45
-215.9
 46
304.8
 79
2
 49
266.7
 49
-952.5
 53
90.0
 43
817.2
 44
460.95
 45
-215.9
 46
304.8
 79
2
 49
292.1
 49
-927.1
 53
90.0
 43
893.4
 44
460.95
 45
-215.9
 46
304.8
 79
2
 49
292.1
 49
-927.1
 53
90.0
 43
1122.0
 44
480.0
 45
-215.9
 46
304.8
 79
2
 49
279.4
 49
-939.8
 98
0
  0
TEXT
  5
F6
330
17
100
AcDbEntity
  8
LABEL
100
AcDbText
 10
480.0
 20
531.0
 30
0.0
 40
3.0
  1
AR-SAND
  7
OpenSans
 11
480.0
 21
531.0
 31
0.0
100
AcDbText
  0
LWPOLYLINE
  5
F7
330
17
100
AcDbEntity
  8
FRAME
100
AcDbPolyline
 90
4
 70
1
 10
480.0
 20
480.0
 10
572.0
 20
480.0
 10
572.0
 20
528.0
 10
480.0
 20
528.0
  0
HATCH
  5
F8
330
17
100
AcDbEntity
  8
HATCH
 62
7
100
AcDbHatch
 10
0.0
 20
0.0
 30
0.0
210
0.0
220
0.0
230
1.0
  2
AR-SAND
 70
0
 71
0
 91
1
 92
3
 72
0
 73
1
 93
4
 10
480.0
 20
480.0
 10
572.0
 20
480.0
 10
572.0
 20
528.0
 10
480.0
 20
528.0
 97
0
 75
0
 76
1
 52
0.0
 41
1.0
 77
0
 78
4
 53
37.5
 43
480.0
 44
480.0
 45
-1.600031296
 46
48.9413237329
 79
6
 49
0.0
 49
-38.608
 49
0.0
 49
-43.18
 49
0.0
 49
-41.275
 53
7.5
 43
480.0
 44
480.0
 45
44.9523283138
 46
71.6825100568
 79
6
 49
0.0
 49
-20.828
 49
0.0
 49
-34.798
 49
0.0
 49
-13.335
 53
-32.5
 43
448.758
 44
480.0
 45
79.0992370241
 46
0.1437184679
 79
6
 49
0.0
 49
-12.7
 49
0.0
 49
-45.72
 49
0.0
 49
-59.69
 53
-42.5
 43
448.758
 44
480.0
 45
76.3556452472
 46
22.2929323257
 79
6
 49
0.0
 49
-6.35
 49
0.0
 49
-29.972
 49
0.0
 49
-34.29
 98
0
  0
TEXT
  5
F9
330
17
100
AcDbEntity
  8
LABEL
100
AcDbText
 10
600.0
 20
531.0
 30
0.0
 40
3.0
  1
ASPHALT
  7
OpenSans
 11
600.0
 21
531.0
 31
0.0
100
AcDbText
  0
LWPOLYLINE
  5
FA
330
17
100
AcDbEntity
  8
FRAME
100
AcDbPolyline
 90
4
 70
1
 10
600.0
 20
480.0
 10
692.0
 20
480.0
 10
692.0
 20
528.0
 10
600.0
 20
528.0
  0
HATCH
  5
FB
330
17
100
AcDbEntity
  8
HATCH
 62
7
100
AcDbHatch
 10
0.0
 20
0.0
 30
0.0
210
0.0
220
0.0
230
1.0
  2
ASPHALT
 70
0
 71
0
 91
1
 92
3
 72
0
 73
1
 93
4
 10
600.0
 20
480.0
 10
692.0
 20
480.0
 10
692.0
 20
528.0
 10
600.0
 20
528.0
 97
0
 75
0
 76
1
 52
0.0
 41
1.0
 77
0
 78
29
 53
0.0
 43
611.8968774
 44
484.6476158
 45
0.0
 46
25.4
 79
2
 49
0.0
 49
-25.4
 53
0.0
 43
588.535583
 44
488.075549
 45
0.0
 46
25.4
 79
2
 49
0.0
 49
-25.4
 53
0.0
 43
588.4086084
 44
475.4429352
 45
0.0
 46
25.4
 79
2
 49
0.0
 49
-25.4
 53
0.0
 43
603.1998666
 44
474.871613
 45
0.0
 46
25.4
 79
2
 49
0.0
 49
-25.4
 53
0.0
 43
608.7227918
 44
474.6811892
 45
0.0
 46
25.4
 79
2
 49
0.0
 49
-25.4
 53
0.0
 43
601.1684508
 44
491.1860838
 45
0.0
 46
25.4
 79
2
 49
0.0
 49
-25.4
 53
0.0
 43
610.5002838
 44
491.8208806
 45
0.0
 46
25.4
 79
2
 49
0.0
 49
-25.4
 53
0.0
 43
597.4865176
 44
485.4728618
 45
0.0
 46
25.4
 79
2
 49
0.0
 49
-25.4
 53
0.0
 43
599.4544588
 44
480.3944112
 45
0.0
 46
25.4
 79
2
 49
0.0
 49
-25.4
 53
0.0
 43
594.8837542
 44
478.172597
 45
0.0
 46
25.4
 79
2
 49
0.0
 49
-25.4
 53
0.0
 43
592.53494
 44
481.3466318
 45
0.0
 46
25.4
 79
2
 49
0.0
 49
-25.4
 53
0.0
 43
607.9610204
 44
480.9657334
 45
0.0
 46
25.4
 79
2
 49
0.0
 49
-25.4
 53
0.0
 43
599.7718572
 44
487.8850998
 45
0.0
 46
25.4
 79
2
 49
0.0
 49
-25.4
 53
0.0
 43
594.8202796
 44
491.4400076
 45
0.0
 46
25.4
 79
2
 49
0.0
 49
-25.4
 53
0.0
 43
606.3739776
 44
487.5677014
 45
0.0
 46
25.4
 79
2
 49
0.0
 49
-25.4
 53
0.0
 43
590.3765496
 44
484.9650142
 45
0.0
 46
25.4
 79
2
 49
0.0
 49
-25.4
 53
0.0
 43
600.2797048
 44
478.3630462
 45
0.0
 46
25.4
 79
2
 49
0.0
 49
-25.4
 53
0.0
 43
606.5644268
 44
468.7774926
 45
0.0
 46
25.4
 79
2
 49
0.0
 49
-25.4
 53
0.0
 43
590.693948
 44
469.0949164
 45
0.0
 46
25.4
 79
2
 49
0.0
 49
-25.4
 53
0.0
 43
597.2960684
 44
471.570629
 45
0.0
 46
25.4
 79
2
 49
0.0
 49
-25.4
 53
0.0
 43
592.027067
 44
472.015002
 45
0.0
 46
25.4
 79
2
 49
0.0
 49
-25.4
 53
0.0
 43
587.3
 44
492.7
 45
0.0
 46
25.4
 79
2
 49
25.4
 49
0.0
 53
0.0
 43
587.3
 44
489.525
 45
0.0
 46
25.4
 79
2
 49
25.4
 49
0.0
 53
0.0
 43
587.3
 44
486.35
 45
0.0
 46
25.4
 79
2
 49
25.4
 49
0.0
 53
0.0
 43
587.3
 44
483.175
 45
0.0
 46
25.4
 79
2
 49
25.4
 49
0.0
 53
0.0
 43
587.3
 44
480.0
 45
0.0
 46
25.4
 79
2
 49
25.4
 49
0.0
 53
0.0
 43
587.3
 44
476.825
 45
0.0
 46
25.4
 79
2
 49
25.4
 49
0.0
 53
0.0
 43
587.3
 44
473.65
 45
0.0
 46
25.4
 79
2
 49
25.4
 49
0.0
 53
0.0
 43
587.3
 44
470.475
 45
0.0
 46
25.4
 79
2
 49
25.4
 49
0.0
 98
0
  0
TEXT
  5
FC
330
17
100
AcDbEntity
  8
LABEL
100
AcDbText
 10
0.0
 20
619.0
 30
0.0
 40
3.0
  1
BLOCKS
  7
OpenSans
 11
0.0
 21
619.0
 31
0.0
100
AcDbText
  0
LWPOLYLINE
  5
FD
330
17
100
AcDbEntity
  8
FRAME
100
AcDbPolyline
 90
4
 70
1
 10
0.0
 20
568.0
 10
92.0
 20
568.0
 10
92.0
 20
616.0
 10
0.0
 20
616.0
  0
HATCH
  5
FE
330
17
100
AcDbEntity
  8
HATCH
 62
7
100
AcDbHatch
 10
0.0
 20
0.0
 30
0.0
210
0.0
220
0.0
230
1.0
  2
BLOCKS
 70
0
 71
0
 91
1
 92
3
 72
0
 73
1
 93
4
 10
0.0
 20
568.0
 10
92.0
 20
568.0
 10
92.0
 20
616.0
 10
0.0
 20
616.0
 97
0
 75
0
 76
1
 52
0.0
 41
1.0
 77
0
 78
2
 53
0.0
 43
0.0
 44
568.0
 45
0.0
 46
203.2
 79
0
 53
90.0
 43
0.0
 44
568.0
 45
-203.2
 46
203.2
 79
2
 49
203.2
 49
-203.2
 98
0
  0
TEXT
  5
FF
330
17
100
AcDbEntity
  8
LABEL
100
AcDbText
 10
120.0
 20
619.0
 30
0.0
 40
3.0
  1
BOARD
  7
OpenSans
 11
120.0
 21
619.0
 31
0.0
100
AcDbText
  0
LWPOLYLINE
  5
100
330
17
100
AcDbEntity
  8
FRAME
100
AcDbPolyline
 90
4
 70
1
 10
120.0
 20
568.0
 10
212.0
 20
568.0
 10
212.0
 20
616.0
 10
120.0
 20
616.0
  0
HATCH
  5
101
330
17
100
AcDbEntity
  8
HATCH
 62
7
100
AcDbHatch
 10
0.0
 20
0.0
 30
0.0
210
0.0
220
0.0
230
1.0
  2
BOARD
 70
0
 71
0
 91
1
 92
3
 72
0
 73
1
 93
4
 10
120.0
 20
568.0
 10
212.0
 20
568.0
 10
212.0
 20
616.0
 10
120.0
 20
616.0
 97
0
 75
0
 76
1
 52
0.0
 41
1.0
 77
0
 78
3
 53
0.0
 43
120.0
 44
569.016
 45
0.0
 46
2.54
 79
0
 53
90.0
 43
120.0
 44
569.016
 45
-10.16
 46
10.16
 79
2
 49
2.54
 49
-35.56
 53
90.0
 43
135.24
 44
574.096
 45
-10.16
 46
10.16
 79
2
 49
2.54
 49
-35.56
 98
0
  0
TEXT
  5
102
330
17
100
AcDbEntity
  8
LABEL
100
AcDbText
 10
240.0
 20
619.0
 30
0.0
 40
3.0
  1
BOX
  7
OpenSans
 11
240.0
 21
619.0
 31
0.0
100
AcDbText
  0
LWPOLYLINE
  5
103
330
17
100
AcDbEntity
  8
FRAME
100
AcDbPolyline
 90
4
 70
1
 10
240.0
 20
568.0
 10
332.0
 20
568.0
 10
332.0
 20
616.0
 10
240.0
 20
616.0
  0
HATCH
  5
104
330
17
100
AcDbEntity
  8
HATCH
 62
7
100
AcDbHatch
 10
0.0
 20
0.0
 30
0.0
210
0.0
220
0.0
230
1.0
  2
BOX
 70
0
 71
0
 91
1
 92
3
 72
0
 73
1
 93
4
 10
240.0
 20
568.0
 10
332.0
 20
568.0
 10
332.0
 20
616.0
 10
240.0
 20
616.0
 97
0
 75
0
 76
1
 52
0.0
 41
1.0
 77
0
 78
8
 53
90.0
 43
240.0
 44
568.0
 45
-25.4
 46
0.0
 79
0
 53
90.0
 43
246.35
 44
568.0
 45
-25.4
 46
0.0
 79
0
 53
0.0
 43
240.0
 44
568.0
 45
0.0
 46
25.4
 79
2
 49
-6.35
 49
6.35
 53
0.0
 43
240.0
 44
574.35
 45
0.0
 46
25.4
 79
2
 49
-6.35
 49
6.35
 53
0.0
 43
240.0
 44
580.7
 45
0.0
 46
25.4
 79
2
 49
6.35
 49
-6.35
 53
0.0
 43
240.0
 44
587.05
 45
0.0
 46
25.4
 79
2
 49
6.35
 49
-6.35
 53
90.0
 43
252.7
 44
568.0
 45
-25.4
 46
0.0
 79
2
 49
6.35
 49
-6.35
 53
90.0
 43
259.05
 44
568.0
 45
-25.4
 46
0.0
 79
2
 49
6.35
 49
-6.35
 98
0
  0
TEXT
  5
105
330
17
100
AcDbEntity
  8
LABEL
100
AcDbText
 10
360.0
 20
619.0
 30
0.0
 40
3.0
  1
BRASS
  7
OpenSans
 11
360.0
 21
619.0
 31
0.0
100
AcDbText
  0
LWPOLYLINE
  5
106
330
17
100
AcDbEntity
  8
FRAME
100
AcDbPolyline
 90
4
 70
1
 10
360.0
 20
568.0
 10
452.0
 20
568.0
 10
452.0
 20
616.0
 10
360.0
 20
616.0
  0
HATCH
  5
107
330
17
100
AcDbEntity
  8
HATCH
 62
7
100
AcDbHatch
 10
0.0
 20
0.0
 30
0.0
210
0.0
220
0.0
230
1.0
  2
BRASS
 70
0
 71
0
 91
1
 92
3
 72
0
 73
1
 93
4
 10
360.0
 20
568.0
 10
452.0
 20
568.0
 10
452.0
 20
616.0
 10
360.0
 20
616.0
 97
0
 75
0
 76
1
 52
0.0
 41
1.0
 77
0
 78
2
 53
0.0
 43
360.0
 44
568.0
 45
0.0
 46
6.35
 79
0
 53
0.0
 43
360.0
 44
571.175
 45
0.0
 46
6.35
 79
2
 49
3.175
 49
-1.5875
 98
0
  0
TEXT
  5
108
330
17
100
AcDbEntity
  8
LABEL
100
AcDbText
 10
480.0
 20
619.0
 30
0.0
 40
3.0
  1
BRICK
  7
OpenSans
 11
480.0
 21
619.0
 31
0.0
100
AcDbText
  0
LWPOLYLINE
  5
109
330
17
100
AcDbEntity
  8
FRAME
100
AcDbPolyline
 90
4
 70
1
 10
480.0
 20
568.0
 10
572.0
 20
568.0
 10
572.0
 20
616.0
 10
480.0
 20
616.0
  0
HATCH
  5
10A
330
17
100
AcDbEntity
  8
HATCH
 62
7
100
AcDbHatch
 10
0.0
 20
0.0
 30
0.0
210
0.0
220
0.0
230
1.0
  2
BRICK
 70
0
 71
0
 91
1
 92
3
 72
0
 73
1
 93
4
 10
480.0
 20
568.0
 10
572.0
 20
568.0
 10
572.0
 20
616.0
 10
480.0
 20
616.0
 97
0
 75
0
 76
1
 52
0.0
 41
1.0
 77
0
 78
3
 53
0.0
 43
480.0
 44
568.0
 45
0.0
 46
6.35
 79
0
 53
90.0
 43
480.0
 44
568.0
 45
-12.7
 46
0.0
 79
2
 49
6.35
 49
-6.35
 53
90.0
 43
486.35
 44
568.0
 45
-12.7
 46
0.0
 79
2
 49
-6.35
 49
6.35
 98
0
  0
TEXT
  5
10B
330
17
100
AcDbEntity
  8
LABEL
100
AcDbText
 10
600.0
 20
619.0
 30
0.0
 40
3.0
  1
BRICK_DEMOLITION
  7
OpenSans
 11
600.0
 21
619.0
 31
0.0
100
AcDbText
  0
LWPOLYLINE
  5
10C
330
17
100
AcDbEntity
  8
FRAME
100
AcDbPolyline
 90
4
 70
1
 10
600.0
 20
568.0
 10
692.0
 20
568.0
 10
692.0
 20
616.0
 10
600.0
 20
616.0
  0
HATCH
  5
10D
330
17
100
AcDbEntity
  8
HATCH
 62
7
100
AcDbHatch
 10
0.0
 20
0.0
 30
0.0
210
0.0
220
0.0
230
1.0
  2
BRICK_DEMOLITION
 70
0
 71
0
 91
1
 92
3
 72
0
 73
1
 93
4
 10
600.0
 20
568.0
 10
692.0
 20
568.0
 10
692.0
 20
616.0
 10
600.0
 20
616.0
 97
0
 75
0
 76
1
 52
0.0
 41
1.0
 77
0
 78
2
 53
45.0
 43
600.0
 44
568.0
 45
-5.3881536726
 46
5.3881536726
 79
2
 49
2.54
 49
-2.54
 53
45.0
 43
601.796034
 44
568.0
 45
-5.3881536726
 46
5.3881536726
 79
2
 49
2.54
 49
-2.54
 98
0
  0
TEXT
  5
10E
330
17
100
AcDbEntity
  8
LABEL
100
AcDbText
 10
0.0
 20
707.0
 30
0.0
 40
3.0
  1
BRICK_EXISTING
  7
OpenSans
 11
0.0
 21
707.0
 31
0.0
100
AcDbText
  0
LWPOLYLINE
  5
10F
330
17
100
AcDbEntity
  8
FRAME
100
AcDbPolyline
 90
4
 70
1
 10
0.0
 20
656.0
 10
92.0
 20
656.0
 10
92.0
 20
704.0
 10
0.0
 20
704.0
  0
HATCH
  5
110
330
17
100
AcDbEntity
  8
HATCH
 62
7
100
AcDbHatch
 10
0.0
 20
0.0
 30
0.0
210
0.0
220
0.0
230
1.0
  2
BRICK_EXISTING
 70
0
 71
0
 91
1
 92
3
 72
0
 73
1
 93
4
 10
0.0
 20
656.0
 10
92.0
 20
656.0
 10
92.0
 20
704.0
 10
0.0
 20
704.0
 97
0
 75
0
 76
1
 52
0.0
 41
1.0
 77
0
 78
2
 53
45.0
 43
0.0
 44
656.0
 45
-7.1842048969
 46
7.1842048969
 79
0
 53
45.0
 43
3.5920934
 44
656.0
 45
-7.1842048969
 46
7.1842048969
 79
0
 98
0
  0
TEXT
  5
111
330
17
100
AcDbEntity
  8
LABEL
100
AcDbText
 10
120.0
 20
707.0
 30
0.0
 40
3.0
  1
BRICK_FLBOND
  7
OpenSans
 11
120.0
 21
707.0
 31
0.0
100
AcDbText
  0
LWPOLYLINE
  5
112
330
17
100
AcDbEntity
  8
FRAME
100
AcDbPolyline
 90
4
 70
1
 10
120.0
 20
656.0
 10
212.0
 20
656.0
 10
212.0
 20
704.0
 10
120.0
 20
704.0
  0
HATCH
  5
113
330
17
100
AcDbEntity
  8
HATCH
 62
7
100
AcDbHatch
 10
0.0
 20
0.0
 30
0.0
210
0.0
220
0.0
230
1.0
  2
BRICK_FLBOND
 70
0
 71
0
 91
1
 92
3
 72
0
 73
1
 93
4
 10
120.0
 20
656.0
 10
212.0
 20
656.0
 10
212.0
 20
704.0
 10
120.0
 20
704.0
 97
0
 75
0
 76
1
 52
0.0
 41
1.0
 77
0
 78
8
 53
0.0
 43
120.0
 44
656.0
 45
38.1
 46
16.9333333291
 79
2
 49
48.41875
 49
-27.78125
 53
0.0
 43
170.8
 44
656.0
 45
38.1
 46
16.9333333291
 79
2
 49
23.01875
 49
-53.18125
 53
0.0
 43
120.0
 44
670.5520833291
 45
38.1
 46
16.9333333291
 79
2
 49
48.41875
 49
-27.78125
 53
0.0
 43
170.8
 44
670.5520833291
 45
38.1
 46
16.9333333291
 79
2
 49
23.01875
 49
-53.18125
 53
90.0
 43
120.0
 44
656.0
 45
-38.1
 46
16.9333333291
 79
2
 49
14.5520833291
 49
-19.3145833291
 53
90.0
 43
168.41875
 44
656.0
 45
-38.1
 46
16.9333333291
 79
2
 49
14.5520833291
 49
-19.3145833291
 53
90.0
 43
170.8
 44
656.0
 45
-38.1
 46
16.9333333291
 79
2
 49
14.5520833291
 49
-19.3145833291
 53
90.0
 43
193.81875
 44
656.0
 45
-38.1
 46
16.9333333291
 79
2
 49
14.5520833291
 49
-19.3145833291
 98
0
  0
TEXT
  5
114
330
17
100
AcDbEntity
  8
LABEL
100
AcDbText
 10
240.0
 20
707.0
 30
0.0
 40
3.0
  1
BRICK_INSULATING
  7
OpenSans
 11
240.0
 21
707.0
 31
0.0
100
AcDbText
  0
LWPOLYLINE
  5
115
330
17
100
AcDbEntity
  8
FRAME
100
AcDbPolyline
 90
4
 70
1
 10
240.0
 20
656.0
 10
332.0
 20
656.0
 10
332.0
 20
704.0
 10
240.0
 20
704.0
  0
HATCH
  5
116
330
17
100
AcDbEntity
  8
HATCH
 62
7
100
AcDbHatch
 10
0.0
 20
0.0
 30
0.0
210
0.0
220
0.0
230
1.0
  2
BRICK_INSULATING
 70
0
 71
0
 91
1
 92
3
 72
0
 73
1
 93
4
 10
240.0
 20
656.0
 10
332.0
 20
656.0
 10
332.0
 20
704.0
 10
240.0
 20
704.0
 97
0
 75
0
 76
1
 52
0.0
 41
1.0
 77
0
 78
2
 53
45.0
 43
240.0
 44
656.0
 45
-6.2861792847
 46
6.2861792847
 79
0
 53
0.0
 43
240.0
 44
656.0
 45
0.0
 46
2.54
 79
2
 49
0.0
 49
-2.54
 98
0
  0
TEXT
  5
117
330
17
100
AcDbEntity
  8
LABEL
100
AcDbText
 10
360.0
 20
707.0
 30
0.0
 40
3.0
  1
BRICK_LWEIGHT
  7
OpenSans
 11
360.0
 21
707.0
 31
0.0
100
AcDbText
  0
LWPOLYLINE
  5
118
330
17
100
AcDbEntity
  8
FRAME
100
AcDbPolyline
 90
4
 70
1
 10
360.0
 20
656.0
 10
452.0
 20
656.0
 10
452.0
 20
704.0
 10
360.0
 20
704.0
  0
HATCH
  5
119
330
17
100
AcDbEntity
  8
HATCH
 62
7
100
AcDbHatch
 10
0.0
 20
0.0
 30
0.0
210
0.0
220
0.0
230
1.0
  2
BRICK_LWEIGHT
 70
0
 71
0
 91
1
 92
3
 72
0
 73
1
 93
4
 10
360.0
 20
656.0
 10
452.0
 20
656.0
 10
452.0
 20
704.0
 10
360.0
 20
704.0
 97
0
 75
0
 76
1
 52
0.0
 41
1.0
 77
0
 78
2
 53
45.0
 43
360.0
 44
656.0
 45
-6.2861792847
 46
6.2861792847
 79
0
 53
0.0
 43
360.0
 44
656.0
 45
0.79375
 46
1.5875
 79
2
 49
0.0
 49
-1.5875
 98
0
  0
TEXT
  5
11A
330
17
100
AcDbEntity
  8
LABEL
100
AcDbText
 10
480.0
 20
707.0
 30
0.0
 40
3.0
  1
BRICK_PAIRS
  7
OpenSans
 11
480.0
 21
707.0
 31
0.0
100
AcDbText
  0
LWPOLYLINE
  5
11B
330
17
100
AcDbEntity
  8
FRAME
100
AcDbPolyline
 90
4
 70
1
 10
480.0
 20
656.0
 10
572.0
 20
656.0
 10
572.0
 20
704.0
 10
480.0
 20
704.0
  0
HATCH
  5
11C
330
17
100
AcDbEntity
  8
HATCH
 62
7
100
AcDbHatch
 10
0.0
 20
0.0
 30
0.0
210
0.0
220
0.0
230
1.0
  2
BRICK_PAIRS
 70
0
 71
0
 91
1
 92
3
 72
0
 73
1
 93
4
 10
480.0
 20
656.0
 10
572.0
 20
656.0
 10
572.0
 20
704.0
 10
480.0
 20
704.0
 97
0
 75
0
 76
1
 52
0.0
 41
1.0
 77
0
 78
8
 53
0.0
 43
480.0
 44
656.0
 45
50.8
 46
50.8
 79
6
 49
48.41875
 49
-2.38125
 49
23.01875
 49
-2.38125
 49
23.01875
 49
-2.38125
 53
0.0
 43
480.0
 44
679.01875
 45
50.8
 46
50.8
 79
2
 49
48.41875
 49
-53.18125
 53
0.0
 43
480.0
 44
681.4
 45
50.8
 46
50.8
 79
2
 49
48.41875
 49
-53.18125
 53
0.0
 43
480.0
 44
704.41875
 45
50.8
 46
50.8
 79
6
 49
48.41875
 49
-2.38125
 49
23.01875
 49
-2.38125
 49
23.01875
 49
-2.38125
 53
90.0
 43
480.0
 44
656.0
 45
-50.8
 46
50.8
 79
6
 49
23.01875
 49
-2.38125
 49
23.01875
 49
-2.38125
 49
48.41875
 49
-2.38125
 53
90.0
 43
503.01875
 44
706.8
 45
-50.8
 46
50.8
 79
2
 49
48.41875
 49
-53.18125
 53
90.0
 43
505.4
 44
706.8
 45
-50.8
 46
50.8
 79
2
 49
48.41875
 49
-53.18125
 53
90.0
 43
528.41875
 44
656.0
 45
-50.8
 46
50.8
 79
6
 49
23.01875
 49
-2.38125
 49
23.01875
 49
-2.38125
 49
48.41875
 49
-2.38125
 98
0
  0
TEXT
  5
11D
330
17
100
AcDbEntity
  8
LABEL
100
AcDbText
 10
600.0
 20
707.0
 30
0.0
 40
3.0
  1
BRICK_STBOND
  7
OpenSans
 11
600.0
 21
707.0
 31
0.0
100
AcDbText
  0
LWPOLYLINE
  5
11E
330
17
100
AcDbEntity
  8
FRAME
100
AcDbPolyline
 90
4
 70
1
 10
600.0
 20
656.0
 10
692.0
 20
656.0
 10
692.0
 20
704.0
 10
600.0
 20
704.0
  0
HATCH
  5
11F
330
17
100
AcDbEntity
  8
HATCH
 62
7
100
AcDbHatch
 10
0.0
 20
0.0
 30
0.0
210
0.0
220
0.0
230
1.0
  2
BRICK_STBOND
 70
0
 71
0
 91
1
 92
3
 72
0
 73
1
 93
4
 10
600.0
 20
656.0
 10
692.0
 20
656.0
 10
692.0
 20
704.0
 10
600.0
 20
704.0
 97
0
 75
0
 76
1
 52
0.0
 41
1.0
 77
0
 78
2
 53
0.0
 43
600.0
 44
656.0
 45
0.0
 46
25.4
 79
0
 53
90.0
 43
600.0
 44
656.0
 45
-50.8
 46
0.0
 79
0
 98
0
  0
TEXT
  5
120
330
17
100
AcDbEntity
  8
LABEL
100
AcDbText
 10
0.0
 20
795.0
 30
0.0
 40
3.0
  1
BRICK_STRBOND
  7
OpenSans
 11
0.0
 21
795.0
 31
0.0
100
AcDbText
  0
LWPOLYLINE
  5
121
330
17
100
AcDbEntity
  8
FRAME
100
AcDbPolyline
 90
4
 70
1
 10
0.0
 20
744.0
 10
92.0
 20
744.0
 10
92.0
 20
792.0
 10
0.0
 20
792.0
  0
HATCH
  5
122
330
17
100
AcDbEntity
  8
HATCH
 62
7
100
AcDbHatch
 10
0.0
 20
0.0
 30
0.0
210
0.0
220
0.0
230
1.0
  2
BRICK_STRBOND
 70
0
 71
0
 91
1
 92
3
 72
0
 73
1
 93
4
 10
0.0
 20
744.0
 10
92.0
 20
744.0
 10
92.0
 20
792.0
 10
0.0
 20
792.0
 97
0
 75
0
 76
1
 52
0.0
 41
1.0
 77
0
 78
2
 53
0.0
 43
0.0
 44
744.0
 45
0.0
 46
50.8
 79
0
 53
90.0
 43
0.0
 44
744.0
 45
-101.6
 46
50.8
 79
2
 49
50.8
 49
-50.8
 98
0
  0
TEXT
  5
123
330
17
100
AcDbEntity
  8
LABEL
100
AcDbText
 10
120.0
 20
795.0
 30
0.0
 40
3.0
  1
BRSTONE
  7
OpenSans
 11
120.0
 21
795.0
 31
0.0
100
AcDbText
  0
LWPOLYLINE
  5
124
330
17
100
AcDbEntity
  8
FRAME
100
AcDbPolyline
 90
4
 70
1
 10
120.0
 20
744.0
 10
212.0
 20
744.0
 10
212.0
 20
792.0
 10
120.0
 20
792.0
  0
HATCH
  5
125
330
17
100
AcDbEntity
  8
HATCH
 62
7
100
AcDbHatch
 10
0.0
 20
0.0
 30
0.0
210
0.0
220
0.0
230
1.0
  2
BRSTONE
 70
0
 71
0
 91
1
 92
3
 72
0
 73
1
 93
4
 10
120.0
 20
744.0
 10
212.0
 20
744.0
 10
212.0
 20
792.0
 10
120.0
 20
792.0
 97
0
 75
0
 76
1
 52
0.0
 41
1.0
 77
0
 78
8
 53
0.0
 43
120.0
 44
744.0
 45
0.0
 46
8.382
 79
0
 53
90.0
 43
142.86
 44
744.0
 45
-12.7
 46
8.382
 79
2
 49
8.382
 49
-8.382
 53
90.0
 43
140.32
 44
744.0
 45
-12.7
 46
8.382
 79
2
 49
8.382
 49
-8.382
 53
0.0
 43
142.86
 44
745.397
 45
12.7
 46
8.382
 79
2
 49
-22.86
 49
2.54
 53
0.0
 43
142.86
 44
746.794
 45
12.7
 46
8.382
 79
2
 49
-22.86
 49
2.54
 53
0.0
 43
142.86
 44
748.191
 45
12.7
 46
8.382
 79
2
 49
-22.86
 49
2.54
 53
0.0
 43
142.86
 44
749.588
 45
12.7
 46
8.382
 79
2
 49
-22.86
 49
2.54
 53
0.0
 43
142.86
 44
750.985
 45
12.7
 46
8.382
 79
2
 49
-22.86
 49
2.54
 98
0
  0
TEXT
  5
126
330
17
100
AcDbEntity
  8
LABEL
100
AcDbText
 10
240.0
 20
795.0
 30
0.0
 40
3.0
  1
BUTTERFLY
  7
OpenSans
 11
240.0
 21
795.0
 31
0.0
100
AcDbText
  0
LWPOLYLINE
  5
127
330
17
100
AcDbEntity
  8
FRAME
100
AcDbPolyline
 90
4
 70
1
 10
240.0
 20
744.0
 10
332.0
 20
744.0
 10
332.0
 20
792.0
 10
240.0
 20
792.0
  0
HATCH
  5
128
330
17
100
AcDbEntity
  8
HATCH
 62
7
100
AcDbHatch
 10
0.0
 20
0.0
 30
0.0
210
0.0
220
0.0
230
1.0
  2
BUTTERFLY
 70
0
 71
0
 91
1
 92
3
 72
0
 73
1
 93
4
 10
240.0
 20
744.0
 10
332.0
 20
744.0
 10
332.0
 20
792.0
 10
240.0
 20
792.0
 97
0
 75
0
 76
1
 52
0.0
 41
1.0
 77
0
 78
5
 53
0.0
 43
233.65
 44
744.0
 45
19.05
 46
19.05
 79
2
 49
12.7
 49
-25.4
 53
0.0
 43
252.7
 44
750.35
 45
19.05
 46
19.05
 79
2
 49
12.7
 49
-25.4
 53
90.0
 43
240.0
 44
744.0
 45
-19.05
 46
19.05
 79
2
 49
25.4
 49
-12.7
 53
45.0
 43
246.35
 44
744.0
 45
-19.0500000129
 46
19.0500000129
 79
2
 49
8.980256106
 49
-17.960512212
 53
135.0
 43
233.65
 44
744.0
 45
-19.0500000129
 46
-19.0500000129
 79
2
 49
8.980256106
 49
-17.960512212
 98
0
  0
TEXT
  5
129
330
17
100
AcDbEntity
  8
LABEL
100
AcDbText
 10
360.0
 20
795.0
 30
0.0
 40
3.0
  1
CHECKER
  7
OpenSans
 11
360.0
 21
795.0
 31
0.0
100
AcDbText
  0
LWPOLYLINE
  5
12A
330
17
100
AcDbEntity
  8
FRAME
100
AcDbPolyline
 90
4
 70
1
 10
360.0
 20
744.0
 10
452.0
 20
744.0
 10
452.0
 20
792.0
 10
360.0
 20
792.0
  0
HATCH
  5
12B
330
17
100
AcDbEntity
  8
HATCH
 62
7
100
AcDbHatch
 10
0.0
 20
0.0
 30
0.0
210
0.0
220
0.0
230
1.0
  2
CHECKER
 70
0
 71
0
 91
1
 92
3
 72
0
 73
1
 93
4
 10
360.0
 20
744.0
 10
452.0
 20
744.0
 10
452.0
 20
792.0
 10
360.0
 20
792.0
 97
0
 75
0
 76
1
 52
0.0
 41
1.0
 77
0
 78
2
 53
0.0
 43
360.0
 44
744.0
 45
12.7
 46
12.7
 79
2
 49
12.7
 49
-12.7
 53
90.0
 43
366.35
 44
750.35
 45
-12.7
 46
12.7
 79
2
 49
12.7
 49
-12.7
 98
0
  0
TEXT
  5
12C
330
17
100
AcDbEntity
  8
LABEL
100
AcDbText
 10
480.0
 20
795.0
 30
0.0
 40
3.0
  1
CLAY
  7
OpenSans
 11
480.0
 21
795.0
 31
0.0
100
AcDbText
  0
LWPOLYLINE
  5
12D
330
17
100
AcDbEntity
  8
FRAME
100
AcDbPolyline
 90
4
 70
1
 10
480.0
 20
744.0
 10
572.0
 20
744.0
 10
572.0
 20
792.0
 10
480.0
 20
792.0
  0
HATCH
  5
12E
330
17
100
AcDbEntity
  8
HATCH
 62
7
100
AcDbHatch
 10
0.0
 20
0.0
 30
0.0
210
0.0
220
0.0
230
1.0
  2
CLAY
 70
0
 71
0
 91
1
 92
3
 72
0
 73
1
 93
4
 10
480.0
 20
744.0
 10
572.0
 20
744.0
 10
572.0
 20
792.0
 10
480.0
 20
792.0
 97
0
 75
0
 76
1
 52
0.0
 41
1.0
 77
0
 78
4
 53
0.0
 43
480.0
 44
744.0
 45
0.0
 46
4.7625
 79
0
 53
0.0
 43
480.0
 44
744.79375
 45
0.0
 46
4.7625
 79
0
 53
0.0
 43
480.0
 44
745.5875
 45
0.0
 46
4.7625
 79
0
 53
0.0
 43
480.0
 44
747.175
 45
0.0
 46
4.7625
 79
2
 49
4.7625
 49
-3.175
 98
0
  0
TEXT
  5
12F
330
17
100
AcDbEntity
  8
LABEL
100
AcDbText
 10
600.0
 20
795.0
 30
0.0
 40
3.0
  1
CONCRETE1
  7
OpenSans
 11
600.0
 21
795.0
 31
0.0
100
AcDbText
  0
LWPOLYLINE
  5
130
330
17
100
AcDbEntity
  8
FRAME
100
AcDbPolyline
 90
4
 70
1
 10
600.0
 20
744.0
 10
692.0
 20
744.0
 10
692.0
 20
792.0
 10
600.0
 20
792.0
  0
HATCH
  5
131
330
17
100
AcDbEntity
  8
HATCH
 62
7
100
AcDbHatch
 10
0.0
 20
0.0
 30
0.0
210
0.0
220
0.0
230
1.0
  2
CONCRETE1
 70
0
 71
0
 91
1
 92
3
 72
0
 73
1
 93
4
 10
600.0
 20
744.0
 10
692.0
 20
744.0
 10
692.0
 20
792.0
 10
600.0
 20
792.0
 97
0
 75
0
 76
1
 52
0.0
 41
1.0
 77
0
 78
22
 53
0.0
 43
600.0
 44
744.0
 45
20.32
 46
20.32
 79
2
 49
2.54
 49
-17.78
 53
90.0
 43
600.0
 44
744.0
 45
-20.32
 46
20.32
 79
2
 49
2.54
 49
-17.78
 53
135.0
 43
602.54
 44
744.0
 45
-20.3199999659
 46
0.0
 79
2
 49
3.592102544
 49
-25.144717808
 53
0.0
 43
602.54
 44
755.43
 45
20.32
 46
20.32
 79
2
 49
2.54
 49
-17.78
 53
45.0
 43
603.81
 44
754.16
 45
0.0
 46
20.3199999659
 79
2
 49
1.796050256
 49
-26.940768064
 53
135.0
 43
603.81
 44
754.16
 45
-20.3199999659
 46
0.0
 79
2
 49
1.796050256
 49
-26.940768064
 53
0.0
 43
610.16
 44
760.51
 45
20.32
 46
20.32
 79
2
 49
3.592102544
 49
-16.727897456
 53
45.0
 43
610.16
 44
760.51
 45
0.0
 46
20.3199999659
 79
2
 49
2.54
 49
-26.196820352
 53
135.0
 43
613.752102544
 44
760.51
 45
-20.3199999659
 46
0.0
 79
2
 49
2.54
 49
-26.196820352
 53
90.0
 43
613.97
 44
749.08
 45
-20.32
 46
20.32
 79
2
 49
2.54
 49
-17.78
 53
45.0
 43
613.97
 44
749.08
 45
0.0
 46
20.3199999659
 79
2
 49
1.796050256
 49
-26.940768064
 53
135.0
 43
615.24
 44
750.35
 45
-20.3199999659
 46
0.0
 79
2
 49
1.796050256
 49
-26.940768064
 53
0.0
 43
602.54
 44
749.08
 45
20.32
 46
20.32
 79
2
 49
1.27
 49
-17.018
 53
0.0
 43
617.78
 44
754.16
 45
20.32
 46
20.32
 79
2
 49
1.27
 49
-17.018
 53
90.0
 43
611.43
 44
756.7
 45
-20.32
 46
20.32
 79
2
 49
1.27
 49
-17.018
 53
135.0
 43
613.97
 44
745.27
 45
-20.3199999659
 46
0.0
 79
2
 49
1.796050256
 49
-26.940768064
 53
135.0
 43
605.08
 44
759.24
 45
-20.3199999659
 46
0.0
 79
2
 49
1.796050256
 49
-26.940768064
 53
45.0
 43
609.525
 44
750.6675
 45
0.0
 46
20.3199999659
 79
2
 49
1.796050256
 49
-26.940768064
 53
90.0
 43
606.985
 44
746.54
 45
-20.32
 46
20.32
 79
2
 49
0.3175
 49
-20.0025
 53
90.0
 43
607.9375
 44
755.1125
 45
-20.32
 46
20.32
 79
2
 49
0.3175
 49
-20.0025
 53
90.0
 43
617.4625
 44
758.605
 45
-20.32
 46
20.32
 79
2
 49
0.3175
 49
-20.0025
 53
90.0
 43
617.78
 44
747.81
 45
-20.32
 46
20.32
 79
2
 49
0.3175
 49
-20.0025
 98
0
  0
TEXT
  5
132
330
17
100
AcDbEntity
  8
LABEL
100
AcDbText
 10
0.0
 20
883.0
 30
0.0
 40
3.0
  1
CONCRETE2
  7
OpenSans
 11
0.0
 21
883.0
 31
0.0
100
AcDbText
  0
LWPOLYLINE
  5
133
330
17
100
AcDbEntity
  8
FRAME
100
AcDbPolyline
 90
4
 70
1
 10
0.0
 20
832.0
 10
92.0
 20
832.0
 10
92.0
 20
880.0
 10
0.0
 20
880.0
  0
HATCH
  5
134
330
17
100
AcDbEntity
  8
HATCH
 62
7
100
AcDbHatch
 10
0.0
 20
0.0
 30
0.0
210
0.0
220
0.0
230
1.0
  2
CONCRETE2
 70
0
 71
0
 91
1
 92
3
 72
0
 73
1
 93
4
 10
0.0
 20
832.0
 10
92.0
 20
832.0
 10
92.0
 20
880.0
 10
0.0
 20
880.0
 97
0
 75
0
 76
1
 52
0.0
 41
1.0
 77
0
 78
13
 53
50.0
 43
0.0
 44
832.0
 45
14.5747269104
 46
-1.2751233828
 79
2
 49
1.524
 49
-16.764
 53
355.0
 43
0.0
 44
832.0
 45
-2.819427099
 46
15.2845441568
 79
2
 49
1.2192
 49
-13.4112
 53
100.4514
 43
1.2145605376
 44
831.8937398112
 45
11.7553106364
 46
14.0094114947
 79
2
 49
1.2952006608
 49
-14.2472077158
 53
46.1842
 43
0.0
 44
836.064
 45
21.6863381081
 46
-3.3633463712
 79
2
 49
2.286
 49
-25.146
 53
96.6356
 43
1.8071946584
 44
835.7837200018
 45
18.9923461767
 46
19.7940751367
 79
2
 49
1.9428010522
 49
-21.37080816
 53
351.1842
 43
0.0
 44
836.064
 45
18.9923307251
 46
19.7940899708
 79
2
 49
1.8288
 49
-20.1168
 53
21.0
 43
2.032
 44
835.048
 45
12.129151299
 46
-8.1812158583
 79
2
 49
1.524
 49
-16.764
 53
326.0
 43
2.032
 44
835.048
 45
4.9441675446
 46
14.7350489154
 79
2
 49
1.2192
 49
-13.4112
 53
71.4514
 43
3.0427621746
 44
834.3662313661
 45
17.0733238128
 46
6.5538196931
 79
2
 49
1.2952006608
 49
-14.2472077158
 53
37.5
 43
0.0
 44
832.0
 45
0.24708826
 46
6.7644031099
 79
6
 49
0.0
 49
-13.24864
 49
0.0
 49
-13.6144
 49
0.0
 49
-13.462
 53
7.5
 43
0.0
 44
832.0
 45
5.3455730008
 46
8.0144459854
 79
6
 49
0.0
 49
-7.76224
 49
0.0
 49
-12.94384
 49
0.0
 49
-5.1308
 53
-32.5
 43
-4.53136
 44
832.0
 45
10.847271903
 46
-0.4583149936
 79
6
 49
0.0
 49
-5.08
 49
0.0
 49
-15.8496
 49
0.0
 49
-21.0312
 53
-42.5
 43
-6.56336
 44
832.0
 45
11.850342961
 46
2.034133241
 79
6
 49
0.0
 49
-6.604
 49
0.0
 49
-10.52576
 49
0.0
 49
-14.9352
 98
0
  0
TEXT
  5
135
330
17
100
AcDbEntity
  8
LABEL
100
AcDbText
 10
120.0
 20
883.0
 30
0.0
 40
3.0
  1
CONCRETE3
  7
OpenSans
 11
120.0
 21
883.0
 31
0.0
100
AcDbText
  0
LWPOLYLINE
  5
136
330
17
100
AcDbEntity
  8
FRAME
100
AcDbPolyline
 90
4
 70
1
 10
120.0
 20
832.0
 10
212.0
 20
832.0
 10
212.0
 20
880.0
 10
120.0
 20
880.0
  0
HATCH
  5
137
330
17
100
AcDbEntity
  8
HATCH
 62
7
100
AcDbHatch
 10
0.0
 20
0.0
 30
0.0
210
0.0
220
0.0
230
1.0
  2
CONCRETE3
 70
0
 71
0
 91
1
 92
3
 72
0
 73
1
 93
4
 10
120.0
 20
832.0
 10
212.0
 20
832.0
 10
212.0
 20
880.0
 10
120.0
 20
880.0
 97
0
 75
0
 76
1
 52
0.0
 41
1.0
 77
0
 78
304
 53
82.88
 43
217.10721497999998
 44
891.2083144
 45
-0.0008534187
 46
16.9336313627
 79
2
 49
0.03725418
 49
-136.48436
 53
97.13
 43
217.10660538000002
 44
891.2448904
 45
-16.9431028479
 46
118.5322702695
 79
2
 49
0.04934458
 49
-136.4722696
 53
116.57
 43
217.09453022
 44
891.2915425799999
 45
-16.9342802744
 46
16.9313563251
 79
2
 49
0.05630418
 49
-37.80832418
 53
135.0
 43
217.06356
 44
891.33695778
 45
-16.9331709419
 46
0.0
 79
2
 49
0.05941822
 49
-23.88770178
 53
172.88
 43
217.01943258
 44
891.3792564
 45
-118.5352255934
 46
16.9224148061
 79
2
 49
0.0582168
 49
-136.46339738
 53
172.88
 43
216.96216320000002
 44
891.3875368
 45
-118.5352255934
 46
16.9224148061
 79
2
 49
0.03852418
 49
-136.48309
 53
187.13
 43
216.92463978
 44
891.38655382
 45
-118.5322702695
 46
-16.9431028479
 79
2
 49
0.05259578
 49
-136.4690184
 53
225.0
 43
216.87021520000002
 44
891.3801708
 45
-0.0
 46
-16.9331709419
 79
2
 49
0.06072378
 49
-23.88639622
 53
243.44
 43
216.82142942000002
 44
891.3422232
 45
0.0014916558
 46
-16.9328188651
 79
2
 49
0.0560832
 49
-37.80854262
 53
262.88
 43
216.79022298
 44
891.29440262
 45
0.0008534187
 46
-16.9336313627
 79
2
 49
0.05269738
 49
-136.4689168
 53
262.88
 43
216.78295858
 44
891.2425536
 45
0.0008534187
 46
-16.9336313627
 79
2
 49
0.03852418
 49
-136.48309
 53
277.13
 43
216.78366978
 44
891.20499462
 45
16.9431028479
 46
-118.5322702695
 79
2
 49
0.0483108
 49
-136.47330338
 53
296.57
 43
216.79555698000001
 44
891.1593432
 45
16.9342802744
 46
-16.9313563251
 79
2
 49
0.05630418
 49
-37.80832418
 53
315.0
 43
216.8265272
 44
891.11391022
 45
16.9331709419
 46
-0.0
 79
2
 49
0.05941822
 49
-23.88770178
 53
352.88
 43
216.87065461999998
 44
891.07162938
 45
118.5352255934
 46
-16.9224148061
 79
2
 49
0.0582168
 49
-136.46339738
 53
7.13
 43
216.96544742
 44
891.0642964
 45
118.5322702695
 46
16.9431028479
 79
2
 49
0.0521208
 49
-136.46949338
 53
45.0
 43
217.0198212
 44
891.07066418
 45
0.0
 46
16.9331709419
 79
2
 49
0.0608076
 49
-23.8863124
 53
63.44
 43
217.06865778
 44
891.1086448
 45
-0.0014916558
 46
16.9328188651
 79
2
 49
0.0560832
 49
-37.80854262
 53
82.88
 43
217.09986422
 44
891.15646538
 45
-0.0008534187
 46
16.9336313627
 79
2
 49
0.05269738
 49
-136.4689168
 53
82.88
 43
207.67045458
 44
885.3422352
 45
-0.0008534187
 46
16.9336313627
 79
2
 49
0.03725418
 49
-136.48436
 53
97.13
 43
207.66984498
 44
885.37879342
 45
-16.9431028479
 46
118.5322702695
 79
2
 49
0.04934458
 49
-136.4722696
 53
116.57
 43
207.65776982
 44
885.4254456
 45
-16.9342802744
 46
16.9313563251
 79
2
 49
0.05630418
 49
-37.80832418
 53
135.0
 43
207.6267996
 44
885.47087858
 45
-16.9331709419
 46
0.0
 79
2
 49
0.05941822
 49
-23.88770178
 53
172.88
 43
207.58267218
 44
885.51315942
 45
-118.5352255934
 46
16.9224148061
 79
2
 49
0.0582168
 49
-136.46339738
 53
172.88
 43
207.5254028
 44
885.52143982
 45
-118.5352255934
 46
16.9224148061
 79
2
 49
0.03852418
 49
-136.48309
 53
187.13
 43
207.48787937999998
 44
885.52045938
 45
-118.5322702695
 46
-16.9431028479
 79
2
 49
0.05259578
 49
-136.4690184
 53
225.0
 43
207.4334548
 44
885.51407382
 45
-0.0
 46
-16.9331709419
 79
2
 49
0.06072378
 49
-23.88639622
 53
243.44
 43
207.38466902
 44
885.47612622
 45
0.0014916558
 46
-16.9328188651
 79
2
 49
0.0560832
 49
-37.80854262
 53
262.88
 43
207.35346257999998
 44
885.42830818
 45
0.0008534187
 46
-16.9336313627
 79
2
 49
0.05269738
 49
-136.4689168
 53
262.88
 43
207.34619818
 44
885.37645662
 45
0.0008534187
 46
-16.9336313627
 79
2
 49
0.03852418
 49
-136.48309
 53
277.13
 43
207.34690938
 44
885.33890018
 45
16.9431028479
 46
-118.5322702695
 79
2
 49
0.0483108
 49
-136.47330338
 53
296.57
 43
207.35879658
 44
885.29324622
 45
16.9342802744
 46
-16.9313563251
 79
2
 49
0.05630418
 49
-37.80832418
 53
315.0
 43
207.38976680000002
 44
885.24781578
 45
16.9331709419
 46
-0.0
 79
2
 49
0.05941822
 49
-23.88770178
 53
352.88
 43
207.43389422
 44
885.2055324
 45
118.5352255934
 46
-16.9224148061
 79
2
 49
0.0582168
 49
-136.46339738
 53
7.13
 43
207.52868702
 44
885.19819942
 45
118.5322702695
 46
16.9431028479
 79
2
 49
0.0521208
 49
-136.46949338
 53
45.0
 43
207.5830608
 44
885.2045672
 45
0.0
 46
16.9331709419
 79
2
 49
0.0608076
 49
-23.8863124
 53
63.44
 43
207.63189738
 44
885.24254782
 45
-0.0014916558
 46
16.9328188651
 79
2
 49
0.0560832
 49
-37.80854262
 53
82.88
 43
207.66310382
 44
885.29038618
 45
-0.0008534187
 46
16.9336313627
 79
2
 49
0.05269738
 49
-136.4689168
 53
82.88
 43
213.68222817999998
 44
884.93331298
 45
-0.0008534187
 46
16.9336313627
 79
2
 49
0.05269738
 49
-136.4689168
 53
63.44
 43
213.6510192
 44
884.8854924
 45
-0.0014916558
 46
16.9328188651
 79
2
 49
0.0560832
 49
-37.80854262
 53
45.0
 43
213.60218262
 44
884.847494
 45
0.0
 46
16.9331709419
 79
2
 49
0.0608076
 49
-23.8863124
 53
7.13
 43
213.54781137999998
 44
884.84112622
 45
118.5322702695
 46
16.9431028479
 79
2
 49
0.0521208
 49
-136.46949338
 53
352.88
 43
213.45301858
 44
884.84847698
 45
118.5352255934
 46
-16.9224148061
 79
2
 49
0.0582168
 49
-136.46339738
 53
315.0
 43
213.40888862
 44
884.89075782
 45
16.9331709419
 46
-0.0
 79
2
 49
0.05941822
 49
-23.88770178
 53
296.57
 43
213.3779184
 44
884.93617302
 45
16.9342802744
 46
-16.9313563251
 79
2
 49
0.05630418
 49
-37.80832418
 53
277.13
 43
213.3660312
 44
884.98182698
 45
16.9431028479
 46
-118.5322702695
 79
2
 49
0.0483108
 49
-136.47330338
 53
262.88
 43
213.36532
 44
885.0193834199999
 45
0.0008534187
 46
-16.9336313627
 79
2
 49
0.03852418
 49
-136.48309
 53
262.88
 43
213.3725844
 44
885.07125022
 45
0.0008534187
 46
-16.9336313627
 79
2
 49
0.05269738
 49
-136.4689168
 53
243.44
 43
213.40379338
 44
885.1190708
 45
0.0014916558
 46
-16.9328188651
 79
2
 49
0.0560832
 49
-37.80854262
 53
225.0
 43
213.45257662
 44
885.15700062
 45
-0.0
 46
-16.9331709419
 79
2
 49
0.06072378
 49
-23.88639622
 53
187.13
 43
213.5070012
 44
885.16340142
 45
-118.5322702695
 46
-16.9431028479
 79
2
 49
0.05259578
 49
-136.4690184
 53
172.88
 43
213.54452462
 44
885.16436662
 45
-118.5352255934
 46
16.9224148061
 79
2
 49
0.03852418
 49
-136.48309
 53
172.88
 43
213.60179399999998
 44
885.15608622
 45
-118.5352255934
 46
16.9224148061
 79
2
 49
0.0582168
 49
-136.46339738
 53
135.0
 43
213.64592141999998
 44
885.11380538
 45
-16.9331709419
 46
0.0
 79
2
 49
0.05941822
 49
-23.88770178
 53
116.57
 43
213.67689418
 44
885.0683724
 45
-16.9342802744
 46
16.9313563251
 79
2
 49
0.05630418
 49
-37.80832418
 53
97.13
 43
213.6889668
 44
885.02172022
 45
-16.9431028479
 46
118.5322702695
 79
2
 49
0.04934458
 49
-136.4722696
 53
82.88
 43
213.68957640000002
 44
884.985162
 45
-0.0008534187
 46
16.9336313627
 79
2
 49
0.03725418
 49
-136.48436
 53
82.88
 43
209.09138138
 44
897.02255982
 45
-0.0008534187
 46
16.9336313627
 79
2
 49
0.05269738
 49
-136.4689168
 53
63.44
 43
209.06015462
 44
896.97474178
 45
-0.0014916558
 46
16.9328188651
 79
2
 49
0.0560832
 49
-37.80854262
 53
45.0
 43
209.01132058000002
 44
896.93675862
 45
0.0
 46
16.9331709419
 79
2
 49
0.0608076
 49
-23.8863124
 53
7.13
 43
208.95696458
 44
896.9303933799999
 45
118.5322702695
 46
16.9431028479
 79
2
 49
0.0521208
 49
-136.46949338
 53
352.88
 43
208.862154
 44
896.93772382
 45
118.5352255934
 46
-16.9224148061
 79
2
 49
0.0582168
 49
-136.46339738
 53
315.0
 43
208.81802657999998
 44
896.9800072
 45
16.9331709419
 46
-0.0
 79
2
 49
0.05941822
 49
-23.88770178
 53
296.57
 43
208.78705381999998
 44
897.0254224
 45
16.9342802744
 46
-16.9313563251
 79
2
 49
0.05630418
 49
-37.80832418
 53
277.13
 43
208.7751844
 44
897.07107382
 45
16.9431028479
 46
-118.5322702695
 79
2
 49
0.0483108
 49
-136.47330338
 53
262.88
 43
208.77445541999998
 44
897.10865058
 45
0.0008534187
 46
-16.9336313627
 79
2
 49
0.03852418
 49
-136.48309
 53
262.88
 43
208.78171982
 44
897.1604996
 45
0.0008534187
 46
-16.9336313627
 79
2
 49
0.05269738
 49
-136.4689168
 53
243.44
 43
208.81294658000002
 44
897.20832018
 45
0.0014916558
 46
-16.9328188651
 79
2
 49
0.0560832
 49
-37.80854262
 53
225.0
 43
208.86171458
 44
897.24626778
 45
-0.0
 46
-16.9331709419
 79
2
 49
0.06072378
 49
-23.88639622
 53
187.13
 43
208.91615439999998
 44
897.2526508
 45
-118.5322702695
 46
-16.9431028479
 79
2
 49
0.05259578
 49
-136.4690184
 53
172.88
 43
208.95366258
 44
897.253616
 45
-118.5352255934
 46
16.9224148061
 79
2
 49
0.03852418
 49
-136.48309
 53
172.88
 43
209.0109472
 44
897.2453356
 45
-118.5352255934
 46
16.9224148061
 79
2
 49
0.0582168
 49
-136.46339738
 53
135.0
 43
209.05507462
 44
897.20305222
 45
-16.9331709419
 46
0.0
 79
2
 49
0.05941822
 49
-23.88770178
 53
116.57
 43
209.08604738
 44
897.15763702
 45
-16.9342802744
 46
16.9313563251
 79
2
 49
0.05630418
 49
-37.80832418
 53
97.13
 43
209.09810222
 44
897.11098738
 45
-16.9431028479
 46
118.5322702695
 79
2
 49
0.04934458
 49
-136.4722696
 53
82.88
 43
209.0987296
 44
897.07441138
 45
-0.0008534187
 46
16.9336313627
 79
2
 49
0.03725418
 49
-136.48436
 53
82.88
 43
208.11877982
 44
895.97348902
 45
-0.0008534187
 46
16.9336313627
 79
2
 49
0.15551658
 49
-136.3660976
 53
97.13
 43
208.11622458
 44
896.12612778
 45
-16.9431028479
 46
118.5322702695
 79
2
 49
0.20597622
 49
-136.31563542
 53
116.57
 43
208.06583098
 44
896.32089498
 45
-16.9342802744
 46
16.9313563251
 79
2
 49
0.23506938
 49
-37.62955898
 53
135.0
 43
207.93656022
 44
896.51053138
 45
-16.9331709419
 46
0.0
 79
2
 49
0.24807418
 49
-23.69904582
 53
172.88
 43
207.75230862
 44
896.6870436
 45
-118.5352255934
 46
16.9224148061
 79
2
 49
0.24306022
 49
-136.27855142
 53
172.88
 43
207.51319302000002
 44
896.72162062
 45
-118.5352255934
 46
16.9224148061
 79
2
 49
0.16085058
 49
-136.3607636
 53
187.13
 43
207.35657662
 44
896.71755662
 45
-118.5322702695
 46
-16.9431028479
 79
2
 49
0.21959062
 49
-136.30202102
 53
225.0
 43
207.12934822
 44
896.69088662
 45
-0.0
 46
-16.9331709419
 79
2
 49
0.25350978
 49
-23.69361022
 53
243.44
 43
206.92572658
 44
896.53249222
 45
0.0014916558
 46
-16.9328188651
 79
2
 49
0.23410418
 49
-37.63052418
 53
262.88
 43
206.79542458
 44
896.33284822
 45
0.0008534187
 46
-16.9336313627
 79
2
 49
0.21999702
 49
-136.30161462
 53
262.88
 43
206.76506142
 44
896.11637418
 45
0.0008534187
 46
-16.9336313627
 79
2
 49
0.16085058
 49
-136.3607636
 53
277.13
 43
206.76807639999998
 44
895.95955458
 45
16.9431028479
 46
-118.5322702695
 79
2
 49
0.20170902
 49
-136.31990262
 53
296.57
 43
206.81769022
 44
895.768986
 45
16.9342802744
 46
-16.9313563251
 79
2
 49
0.23506938
 49
-37.62955898
 53
315.0
 43
206.94696098
 44
895.5793496
 45
16.9331709419
 46
-0.0
 79
2
 49
0.24807418
 49
-23.69904582
 53
352.88
 43
207.13121258
 44
895.4028196
 45
118.5352255934
 46
-16.9224148061
 79
2
 49
0.24306022
 49
-136.27855142
 53
7.13
 43
207.52695982
 44
895.37220498
 45
118.5322702695
 46
16.9431028479
 79
2
 49
0.21760942
 49
-136.30400222
 53
45.0
 43
207.75393422000002
 44
895.39877338
 45
0.0
 46
16.9331709419
 79
2
 49
0.2538476
 49
-23.6932724
 53
63.44
 43
207.95779462000002
 44
895.55737098
 45
-0.0014916558
 46
16.9328188651
 79
2
 49
0.23410418
 49
-37.63052418
 53
82.88
 43
208.0881144
 44
895.75701498
 45
-0.0008534187
 46
16.9336313627
 79
2
 49
0.21999702
 49
-136.30161462
 53
82.88
 43
207.3229648
 44
897.7463937800001
 45
-0.0008534187
 46
16.9336313627
 79
2
 49
0.21999702
 49
-136.30161462
 53
63.44
 43
207.1926628
 44
897.54674978
 45
-0.0014916558
 46
16.9328188651
 79
2
 49
0.23410418
 49
-37.63052418
 53
45.0
 43
206.98878462
 44
897.38815218
 45
0.0
 46
16.9331709419
 79
2
 49
0.2538476
 49
-23.6932724
 53
7.13
 43
206.76181022
 44
897.361566
 45
118.5322702695
 46
16.9431028479
 79
2
 49
0.21760942
 49
-136.30400222
 53
352.88
 43
206.36606297999998
 44
897.3921984
 45
118.5352255934
 46
-16.9224148061
 79
2
 49
0.24306022
 49
-136.27855142
 53
315.0
 43
206.18182661999998
 44
897.56871062
 45
16.9331709419
 46
-0.0
 79
2
 49
0.24807418
 49
-23.69904582
 53
296.57
 43
206.05254062
 44
897.75834702
 45
16.9342802744
 46
-16.9313563251
 79
2
 49
0.23506938
 49
-37.62955898
 53
277.13
 43
206.00294458000002
 44
897.94893338
 45
16.9431028479
 46
-118.5322702695
 79
2
 49
0.20170902
 49
-136.31990262
 53
262.88
 43
205.9999296
 44
898.1057352
 45
0.0008534187
 46
-16.9336313627
 79
2
 49
0.16085058
 49
-136.3607636
 53
262.88
 43
206.03027498
 44
898.32222702
 45
0.0008534187
 46
-16.9336313627
 79
2
 49
0.21999702
 49
-136.30161462
 53
243.44
 43
206.16057698
 44
898.52187102
 45
0.0014916558
 46
-16.9328188651
 79
2
 49
0.23410418
 49
-37.63052418
 53
225.0
 43
206.36419862
 44
898.68025018
 45
-0.0
 46
-16.9331709419
 79
2
 49
0.25350978
 49
-23.69361022
 53
187.13
 43
206.5914448
 44
898.70692018
 45
-118.5322702695
 46
-16.9431028479
 79
2
 49
0.21959062
 49
-136.30202102
 53
172.88
 43
206.7480612
 44
898.71099942
 45
-118.5352255934
 46
16.9224148061
 79
2
 49
0.16085058
 49
-136.3607636
 53
172.88
 43
206.9871768
 44
898.6764224
 45
-118.5352255934
 46
16.9224148061
 79
2
 49
0.24306022
 49
-136.27855142
 53
135.0
 43
207.17141062000002
 44
898.4998924
 45
-16.9331709419
 46
0.0
 79
2
 49
0.24807418
 49
-23.69904582
 53
116.57
 43
207.30069662
 44
898.310256
 45
-16.9342802744
 46
16.9313563251
 79
2
 49
0.23506938
 49
-37.62955898
 53
97.13
 43
207.35107498000002
 44
898.1154888
 45
-16.9431028479
 46
118.5322702695
 79
2
 49
0.20597622
 49
-136.31563542
 53
82.88
 43
207.35364800000002
 44
897.96285258
 45
-0.0008534187
 46
16.9336313627
 79
2
 49
0.15551658
 49
-136.3660976
 53
82.88
 43
214.74125578000002
 44
894.99714858
 45
-0.0008534187
 46
16.9336313627
 79
2
 49
0.52391818
 49
-135.997696
 53
63.44
 43
214.43093382
 44
894.52167582
 45
-0.0014916558
 46
16.9328188651
 79
2
 49
0.55751222
 49
-37.3071136
 53
45.0
 43
213.94542298
 44
894.14397782
 45
0.0
 46
16.9331709419
 79
2
 49
0.60453778
 49
-23.34258222
 53
7.13
 43
213.40487542
 44
894.08068102
 45
118.5322702695
 46
16.9431028479
 79
2
 49
0.51824382
 49
-136.00336782
 53
352.88
 43
212.46236778
 44
894.15361458
 45
118.5352255934
 46
-16.9224148061
 79
2
 49
0.578866
 49
-135.94274818
 53
315.0
 43
212.0235904
 44
894.5740176
 45
16.9331709419
 46
-0.0
 79
2
 49
0.59077098
 49
-23.35634902
 53
296.57
 43
211.71570938000002
 44
895.0256296
 45
16.9342802744
 46
-16.9313563251
 79
2
 49
0.559816
 49
-37.30480982
 53
277.13
 43
211.5975816
 44
895.47950982
 45
16.9431028479
 46
-118.5322702695
 79
2
 49
0.4803648
 49
-136.04124938
 53
262.88
 43
211.59040102
 44
895.85294062
 45
0.0008534187
 46
-16.9336313627
 79
2
 49
0.38306502
 49
-136.13854662
 53
262.88
 43
211.66267418
 44
896.36850982
 45
0.0008534187
 46
-16.9336313627
 79
2
 49
0.52391818
 49
-135.997696
 53
243.44
 43
211.97301138
 44
896.84398258
 45
0.0014916558
 46
-16.9328188651
 79
2
 49
0.55751222
 49
-37.3071136
 53
225.0
 43
212.4579304
 44
897.22117258
 45
-0.0
 46
-16.9331709419
 79
2
 49
0.603758
 49
-23.343362
 53
187.13
 43
212.99912058
 44
897.28468782
 45
-118.5322702695
 46
-16.9431028479
 79
2
 49
0.52296822
 49
-135.99864342
 53
172.88
 43
213.37209418
 44
897.2943906200001
 45
-118.5352255934
 46
16.9224148061
 79
2
 49
0.38306502
 49
-136.13854662
 53
172.88
 43
213.94156218
 44
897.21204382
 45
-118.5352255934
 46
16.9224148061
 79
2
 49
0.578866
 49
-135.94274818
 53
135.0
 43
214.38033702
 44
896.7916408
 45
-16.9331709419
 46
0.0
 79
2
 49
0.59077098
 49
-23.35634902
 53
116.57
 43
214.68822058
 44
896.3400288
 45
-16.9342802744
 46
16.9313563251
 79
2
 49
0.559816
 49
-37.30480982
 53
97.13
 43
214.80822541999999
 44
895.876174
 45
-16.9431028479
 46
118.5322702695
 79
2
 49
0.49054258
 49
-136.0310716
 53
82.88
 43
214.81432142
 44
895.51266698
 45
-0.0008534187
 46
16.9336313627
 79
2
 49
0.37036502
 49
-136.15124662
 53
82.88
 43
219.5581956
 44
886.0248856
 45
-0.0008534187
 46
16.9336313627
 79
2
 49
0.37036502
 49
-136.15124662
 53
97.13
 43
219.55209960000002
 44
886.3884104
 45
-16.9431028479
 46
118.5322702695
 79
2
 49
0.49054258
 49
-136.0310716
 53
116.57
 43
219.43211
 44
886.8522652
 45
-16.9342802744
 46
16.9313563251
 79
2
 49
0.559816
 49
-37.30480982
 53
135.0
 43
219.12422898
 44
887.3038772
 45
-16.9331709419
 46
0.0
 79
2
 49
0.59077098
 49
-23.35634902
 53
172.88
 43
218.6854516
 44
887.72428022
 45
-118.5352255934
 46
16.9224148061
 79
2
 49
0.578866
 49
-135.94274818
 53
172.88
 43
218.1159836
 44
887.80661178
 45
-118.5352255934
 46
16.9224148061
 79
2
 49
0.38306502
 49
-136.13854662
 53
187.13
 43
217.74301
 44
887.79692422
 45
-118.5322702695
 46
-16.9431028479
 79
2
 49
0.52296822
 49
-135.99864342
 53
225.0
 43
217.20181982
 44
887.73340898
 45
-0.0
 46
-16.9331709419
 79
2
 49
0.603758
 49
-23.343362
 53
243.44
 43
216.71690080000002
 44
887.3562012
 45
0.0014916558
 46
-16.9328188651
 79
2
 49
0.55751222
 49
-37.3071136
 53
262.88
 43
216.4065636
 44
886.88073098
 45
0.0008534187
 46
-16.9336313627
 79
2
 49
0.52391818
 49
-135.997696
 53
262.88
 43
216.33429298
 44
886.36517702
 45
0.0008534187
 46
-16.9336313627
 79
2
 49
0.38306502
 49
-136.13854662
 53
277.13
 43
216.34147102
 44
885.99174622
 45
16.9431028479
 46
-118.5322702695
 79
2
 49
0.4803648
 49
-136.04124938
 53
296.57
 43
216.45959879999998
 44
885.53784822
 45
16.9342802744
 46
-16.9313563251
 79
2
 49
0.559816
 49
-37.30480982
 53
315.0
 43
216.76747982
 44
885.08623622
 45
16.9331709419
 46
-0.0
 79
2
 49
0.59077098
 49
-23.35634902
 53
352.88
 43
217.20625719999998
 44
884.6658332
 45
118.5352255934
 46
-16.9224148061
 79
2
 49
0.578866
 49
-135.94274818
 53
7.13
 43
218.1487496
 44
884.59291742
 45
118.5322702695
 46
16.9431028479
 79
2
 49
0.51824382
 49
-136.00336782
 53
45.0
 43
218.68929462
 44
884.65619898
 45
0.0
 46
16.9331709419
 79
2
 49
0.60453778
 49
-23.34258222
 53
63.44
 43
219.17480799999998
 44
885.03391222
 45
-0.0014916558
 46
16.9328188651
 79
2
 49
0.55751222
 49
-37.3071136
 53
82.88
 43
219.4851452
 44
885.50938498
 45
-0.0008534187
 46
16.9336313627
 79
2
 49
0.52391818
 49
-135.997696
 53
82.88
 43
220.58544018
 44
892.18634902
 45
-0.0008534187
 46
16.9336313627
 79
2
 49
0.21999702
 49
-136.30161462
 53
63.44
 43
220.4551204
 44
891.98670502
 45
-0.0014916558
 46
16.9328188651
 79
2
 49
0.23410418
 49
-37.63052418
 53
45.0
 43
220.25126
 44
891.82810742
 45
0.0
 46
16.9331709419
 79
2
 49
0.2538476
 49
-23.6932724
 53
7.13
 43
220.02428559999998
 44
891.80153902
 45
118.5322702695
 46
16.9431028479
 79
2
 49
0.21760942
 49
-136.30400222
 53
352.88
 43
219.62853582
 44
891.83215618
 45
118.5352255934
 46
-16.9224148061
 79
2
 49
0.24306022
 49
-136.27855142
 53
315.0
 43
219.444302
 44
892.00868618
 45
16.9331709419
 46
-0.0
 79
2
 49
0.24807418
 49
-23.69904582
 53
296.57
 43
219.315016
 44
892.1983048
 45
16.9342802744
 46
-16.9313563251
 79
2
 49
0.23506938
 49
-37.62955898
 53
277.13
 43
219.26541742
 44
892.38888862
 45
16.9431028479
 46
-118.5322702695
 79
2
 49
0.20170902
 49
-136.31990262
 53
262.88
 43
219.26240497999999
 44
892.54570822
 45
0.0008534187
 46
-16.9336313627
 79
2
 49
0.16085058
 49
-136.3607636
 53
262.88
 43
219.29274782
 44
892.7621848
 45
0.0008534187
 46
-16.9336313627
 79
2
 49
0.21999702
 49
-136.30161462
 53
243.44
 43
219.42304982000002
 44
892.9618288
 45
0.0014916558
 46
-16.9328188651
 79
2
 49
0.23410418
 49
-37.63052418
 53
225.0
 43
219.62667399999998
 44
893.1202232
 45
-0.0
 46
-16.9331709419
 79
2
 49
0.25350978
 49
-23.69361022
 53
187.13
 43
219.85392018
 44
893.1468932
 45
-118.5322702695
 46
-16.9431028479
 79
2
 49
0.21959062
 49
-136.30202102
 53
172.88
 43
220.01053658
 44
893.1509572
 45
-118.5352255934
 46
16.9224148061
 79
2
 49
0.16085058
 49
-136.3607636
 53
172.88
 43
220.24965218
 44
893.11638018
 45
-118.5352255934
 46
16.9224148061
 79
2
 49
0.24306022
 49
-136.27855142
 53
135.0
 43
220.433886
 44
892.93986542
 45
-16.9331709419
 46
0.0
 79
2
 49
0.24807418
 49
-23.69904582
 53
116.57
 43
220.563172
 44
892.75022902
 45
-16.9342802744
 46
16.9313563251
 79
2
 49
0.23506938
 49
-37.62955898
 53
97.13
 43
220.61354782
 44
892.55544658
 45
-16.9431028479
 46
118.5322702695
 79
2
 49
0.20597622
 49
-136.31563542
 53
82.88
 43
220.6161056
 44
892.40280782
 45
-0.0008534187
 46
16.9336313627
 79
2
 49
0.15551658
 49
-136.3660976
 53
82.88
 43
217.50794062
 44
897.78770942
 45
-0.0008534187
 46
16.9336313627
 79
2
 49
0.05269738
 49
-136.4689168
 53
63.44
 43
217.47673418
 44
897.73989138
 45
-0.0014916558
 46
16.9328188651
 79
2
 49
0.0560832
 49
-37.80854262
 53
45.0
 43
217.4278976
 44
897.70189298
 45
0.0
 46
16.9331709419
 79
2
 49
0.0608076
 49
-23.8863124
 53
7.13
 43
217.37352382
 44
897.6955252
 45
118.5322702695
 46
16.9431028479
 79
2
 49
0.0521208
 49
-136.46949338
 53
352.88
 43
217.27873102
 44
897.70285818
 45
118.5352255934
 46
-16.9224148061
 79
2
 49
0.0582168
 49
-136.46339738
 53
315.0
 43
217.2346036
 44
897.7451568
 45
16.9331709419
 46
-0.0
 79
2
 49
0.05941822
 49
-23.88770178
 53
296.57
 43
217.20363337999999
 44
897.790572
 45
16.9342802744
 46
-16.9313563251
 79
2
 49
0.05630418
 49
-37.80832418
 53
277.13
 43
217.19174618
 44
897.83622342
 45
16.9431028479
 46
-118.5322702695
 79
2
 49
0.0483108
 49
-136.47330338
 53
262.88
 43
217.19103497999998
 44
897.8737824
 45
0.0008534187
 46
-16.9336313627
 79
2
 49
0.03852418
 49
-136.48309
 53
262.88
 43
217.19829937999998
 44
897.9256492
 45
0.0008534187
 46
-16.9336313627
 79
2
 49
0.05269738
 49
-136.4689168
 53
243.44
 43
217.22950581999999
 44
897.97346978
 45
0.0014916558
 46
-16.9328188651
 79
2
 49
0.0560832
 49
-37.80854262
 53
225.0
 43
217.2782916
 44
898.0113996
 45
-0.0
 46
-16.9331709419
 79
2
 49
0.06072378
 49
-23.88639622
 53
187.13
 43
217.33271618
 44
898.01778262
 45
-118.5322702695
 46
-16.9431028479
 79
2
 49
0.05259578
 49
-136.4690184
 53
172.88
 43
217.3702396
 44
898.0187656
 45
-118.5352255934
 46
16.9224148061
 79
2
 49
0.03852418
 49
-136.48309
 53
172.88
 43
217.42750898
 44
898.0104852
 45
-118.5352255934
 46
16.9224148061
 79
2
 49
0.0582168
 49
-136.46339738
 53
135.0
 43
217.4716364
 44
897.96820182
 45
-16.9331709419
 46
0.0
 79
2
 49
0.05941822
 49
-23.88770178
 53
116.57
 43
217.50260662
 44
897.92277138
 45
-16.9342802744
 46
16.9313563251
 79
2
 49
0.05630418
 49
-37.80832418
 53
97.13
 43
217.51468178
 44
897.8761192
 45
-16.9431028479
 46
118.5322702695
 79
2
 49
0.04934458
 49
-136.4722696
 53
82.88
 43
217.51529138
 44
897.83956098
 45
-0.0008534187
 46
16.9336313627
 79
2
 49
0.03725418
 49
-136.48436
 53
82.88
 43
218.2182948
 44
896.2727696
 45
-0.0008534187
 46
16.9336313627
 79
2
 49
0.15922498
 49
-136.3623892
 53
63.44
 43
218.12399222
 44
896.12827662
 45
-0.0014916558
 46
16.9328188651
 79
2
 49
0.16943578
 49
-37.69519258
 53
45.0
 43
217.97641822
 44
896.01346862
 45
0.0
 46
16.9331709419
 79
2
 49
0.18372582
 49
-23.76339418
 53
7.13
 43
217.8121488
 44
895.99425098
 45
118.5322702695
 46
16.9431028479
 79
2
 49
0.15749778
 49
-136.3641164
 53
352.88
 43
217.52570538
 44
896.01639978
 45
118.5352255934
 46
-16.9224148061
 79
2
 49
0.17593818
 49
-136.345676
 53
315.0
 43
217.39233760000002
 44
896.14417702
 45
16.9331709419
 46
-0.0
 79
2
 49
0.17954498
 49
-23.76757502
 53
296.57
 43
217.298764
 44
896.28142338
 45
16.9342802744
 46
-16.9313563251
 79
2
 49
0.17014698
 49
-37.69448138
 53
277.13
 43
217.26286618
 44
896.4193784
 45
16.9431028479
 46
-118.5322702695
 79
2
 49
0.1459992
 49
-136.37561498
 53
262.88
 43
217.26069702
 44
896.5328656
 45
0.0008534187
 46
-16.9336313627
 79
2
 49
0.11641582
 49
-136.40519582
 53
262.88
 43
217.2826604
 44
896.68956582
 45
0.0008534187
 46
-16.9336313627
 79
2
 49
0.15922498
 49
-136.3623892
 53
243.44
 43
217.37697822
 44
896.8340588
 45
0.0014916558
 46
-16.9328188651
 79
2
 49
0.16943578
 49
-37.69519258
 53
225.0
 43
217.52434902
 44
896.94869662
 45
-0.0
 46
-16.9331709419
 79
2
 49
0.1834896
 49
-23.7636304
 53
187.13
 43
217.68882417999998
 44
896.96800062
 45
-118.5322702695
 46
-16.9431028479
 79
2
 49
0.15893542
 49
-136.36267622
 53
172.88
 43
217.80217421999998
 44
896.9709648
 45
-118.5352255934
 46
16.9224148061
 79
2
 49
0.11641582
 49
-136.40519582
 53
172.88
 43
217.97524982
 44
896.94593818
 45
-118.5352255934
 46
16.9224148061
 79
2
 49
0.17593818
 49
-136.345676
 53
135.0
 43
218.1086176
 44
896.8181584
 45
-16.9331709419
 46
0.0
 79
2
 49
0.17954498
 49
-23.76757502
 53
116.57
 43
218.20219120000002
 44
896.68091458
 45
-16.9342802744
 46
16.9313563251
 79
2
 49
0.17014698
 49
-37.69448138
 53
97.13
 43
218.23864781999998
 44
896.5399268
 45
-16.9431028479
 46
118.5322702695
 79
2
 49
0.14908022
 49
-136.37253142
 53
82.88
 43
218.24051218
 44
896.42945458
 45
-0.0008534187
 46
16.9336313627
 79
2
 49
0.11255502
 49
-136.40905662
 53
82.88
 43
214.03588000000002
 44
890.51547098
 45
-0.0008534187
 46
16.9336313627
 79
2
 49
0.15551658
 49
-136.3660976
 53
97.13
 43
214.03332222
 44
890.6681072
 45
-16.9431028479
 46
118.5322702695
 79
2
 49
0.20597622
 49
-136.31563542
 53
116.57
 43
213.9829464
 44
890.8628744
 45
-16.9342802744
 46
16.9313563251
 79
2
 49
0.23506938
 49
-37.62955898
 53
135.0
 43
213.8536604
 44
891.0525108
 45
-16.9331709419
 46
0.0
 79
2
 49
0.24807418
 49
-23.69904582
 53
172.88
 43
213.66942658
 44
891.2290408
 45
-118.5352255934
 46
16.9224148061
 79
2
 49
0.24306022
 49
-136.27855142
 53
172.88
 43
213.4302932
 44
891.26360258
 45
-118.5352255934
 46
16.9224148061
 79
2
 49
0.16085058
 49
-136.3607636
 53
187.13
 43
213.27369457999998
 44
891.25953858
 45
-118.5322702695
 46
-16.9431028479
 79
2
 49
0.21959062
 49
-136.30202102
 53
225.0
 43
213.0464484
 44
891.2328685800001
 45
-0.0
 46
-16.9331709419
 79
2
 49
0.25350978
 49
-23.69361022
 53
243.44
 43
212.84282422
 44
891.07447418
 45
0.0014916558
 46
-16.9328188651
 79
2
 49
0.23410418
 49
-37.63052418
 53
262.88
 43
212.71252221999998
 44
890.87483018
 45
0.0008534187
 46
-16.9336313627
 79
2
 49
0.21999702
 49
-136.30161462
 53
262.88
 43
212.68217937999998
 44
890.6583536
 45
0.0008534187
 46
-16.9336313627
 79
2
 49
0.16085058
 49
-136.3607636
 53
277.13
 43
212.68519182
 44
890.50155178
 45
16.9431028479
 46
-118.5322702695
 79
2
 49
0.20170902
 49
-136.31990262
 53
296.57
 43
212.7347904
 44
890.31096542
 45
16.9342802744
 46
-16.9313563251
 79
2
 49
0.23506938
 49
-37.62955898
 53
315.0
 43
212.86405861999998
 44
890.12132902
 45
16.9331709419
 46
-0.0
 79
2
 49
0.24807418
 49
-23.69904582
 53
352.88
 43
213.04831022000002
 44
889.94479902
 45
118.5352255934
 46
-16.9224148061
 79
2
 49
0.24306022
 49
-136.27855142
 53
7.13
 43
213.44405999999998
 44
889.9141844
 45
118.5322702695
 46
16.9431028479
 79
2
 49
0.21760942
 49
-136.30400222
 53
45.0
 43
213.6710344
 44
889.9407528
 45
0.0
 46
16.9331709419
 79
2
 49
0.2538476
 49
-23.6932724
 53
63.44
 43
213.8748948
 44
890.0993504
 45
-0.0014916558
 46
16.9328188651
 79
2
 49
0.23410418
 49
-37.63052418
 53
82.88
 43
214.00521458
 44
890.29901218
 45
-0.0008534187
 46
16.9336313627
 79
2
 49
0.21999702
 49
-136.30161462
 53
82.88
 43
210.7421096
 44
891.22648302
 45
-0.0008534187
 46
16.9336313627
 79
2
 49
0.11255502
 49
-136.40905662
 53
97.13
 43
210.74024778
 44
891.33695778
 45
-16.9431028479
 46
118.5322702695
 79
2
 49
0.14908022
 49
-136.37253142
 53
116.57
 43
210.70378862
 44
891.47794302
 45
-16.9342802744
 46
16.9313563251
 79
2
 49
0.17014698
 49
-37.69448138
 53
135.0
 43
210.61021502
 44
891.61518938
 45
-16.9331709419
 46
0.0
 79
2
 49
0.17954498
 49
-23.76757502
 53
172.88
 43
210.47686502
 44
891.74296662
 45
-118.5352255934
 46
16.9224148061
 79
2
 49
0.17593818
 49
-136.345676
 53
172.88
 43
210.30378942
 44
891.767978
 45
-118.5352255934
 46
16.9224148061
 79
2
 49
0.11641582
 49
-136.40519582
 53
187.13
 43
210.19042159999998
 44
891.7650316
 45
-118.5322702695
 46
-16.9431028479
 79
2
 49
0.15893542
 49
-136.36267622
 53
225.0
 43
210.02594898
 44
891.7457276
 45
-0.0
 46
-16.9331709419
 79
2
 49
0.1834896
 49
-23.7636304
 53
243.44
 43
209.87857818
 44
891.63108978
 45
0.0014916558
 46
-16.9328188651
 79
2
 49
0.16943578
 49
-37.69519258
 53
262.88
 43
209.78425782
 44
891.4865968
 45
0.0008534187
 46
-16.9336313627
 79
2
 49
0.15922498
 49
-136.3623892
 53
262.88
 43
209.76229698
 44
891.32989658
 45
0.0008534187
 46
-16.9336313627
 79
2
 49
0.11641582
 49
-136.40519582
 53
277.13
 43
209.7644636
 44
891.21640938
 45
16.9431028479
 46
-118.5322702695
 79
2
 49
0.1459992
 49
-136.37561498
 53
296.57
 43
209.8003792
 44
891.07845182
 45
16.9342802744
 46
-16.9313563251
 79
2
 49
0.17014698
 49
-37.69448138
 53
315.0
 43
209.8939528
 44
890.941208
 45
16.9331709419
 46
-0.0
 79
2
 49
0.17954498
 49
-23.76757502
 53
352.88
 43
210.0273028
 44
890.81342822
 45
118.5352255934
 46
-16.9224148061
 79
2
 49
0.17593818
 49
-136.345676
 53
7.13
 43
210.31374621999998
 44
890.79126418
 45
118.5322702695
 46
16.9431028479
 79
2
 49
0.15749778
 49
-136.3641164
 53
45.0
 43
210.47803342
 44
890.8104996
 45
0.0
 46
16.9331709419
 79
2
 49
0.18372582
 49
-23.76339418
 53
63.44
 43
210.62559218
 44
890.9253076
 45
-0.0014916558
 46
16.9328188651
 79
2
 49
0.16943578
 49
-37.69519258
 53
82.88
 43
210.71991
 44
891.06980058
 45
-0.0008534187
 46
16.9336313627
 79
2
 49
0.15922498
 49
-136.3623892
 53
82.88
 43
208.04749218
 44
890.09938342
 45
-0.0008534187
 46
16.9336313627
 79
2
 49
0.21413978
 49
-136.3074744
 53
97.13
 43
208.0439692
 44
890.30954302
 45
-16.9431028479
 46
118.5322702695
 79
2
 49
0.28359862
 49
-136.23801302
 53
116.57
 43
207.97459418
 44
890.57771622
 45
-16.9342802744
 46
16.9313563251
 79
2
 49
0.32366458
 49
-37.54096378
 53
135.0
 43
207.79659098000002
 44
890.83882822
 45
-16.9331709419
 46
0.0
 79
2
 49
0.34156142
 49
-23.60555858
 53
172.88
 43
207.54291102000002
 44
891.0818732
 45
-118.5352255934
 46
16.9224148061
 79
2
 49
0.3346704
 49
-136.18694378
 53
172.88
 43
207.21367622
 44
891.12949058
 45
-118.5352255934
 46
16.9224148061
 79
2
 49
0.22147022
 49
-136.30014142
 53
187.13
 43
206.99804799999998
 44
891.1238848
 45
-118.5322702695
 46
-16.9431028479
 79
2
 49
0.3023616
 49
-136.21925258
 53
225.0
 43
206.68515302
 44
891.0871564
 45
-0.0
 46
-16.9331709419
 79
2
 49
0.34906458
 49
-23.59805542
 53
243.44
 43
206.40478782
 44
890.869072
 45
0.0014916558
 46
-16.9328188651
 79
2
 49
0.322326
 49
-37.54229982
 53
262.88
 43
206.22538
 44
890.59417542
 45
0.0008534187
 46
-16.9336313627
 79
2
 49
0.30290262
 49
-136.21870902
 53
262.88
 43
206.18358938
 44
890.29611658
 45
0.0008534187
 46
-16.9336313627
 79
2
 49
0.22147022
 49
-136.30014142
 53
277.13
 43
206.18773720000002
 44
890.08021658
 45
16.9431028479
 46
-118.5322702695
 79
2
 49
0.2777236
 49
-136.24389058
 53
296.57
 43
206.25603017999998
 44
889.81779902
 45
16.9342802744
 46
-16.9313563251
 79
2
 49
0.32366458
 49
-37.54096378
 53
315.0
 43
206.43403338000002
 44
889.5567048
 45
16.9331709419
 46
-0.0
 79
2
 49
0.34156142
 49
-23.60555858
 53
352.88
 43
206.6877108
 44
889.31364458
 45
118.5352255934
 46
-16.9224148061
 79
2
 49
0.3346704
 49
-136.18694378
 53
7.13
 43
207.23262462
 44
889.27148058
 45
118.5322702695
 46
16.9431028479
 79
2
 49
0.2996184
 49
-136.22199578
 53
45.0
 43
207.54514622
 44
889.30807182
 45
0.0
 46
16.9331709419
 79
2
 49
0.349504
 49
-23.597616
 53
63.44
 43
207.825834
 44
889.52644578
 45
-0.0014916558
 46
16.9328188651
 79
2
 49
0.322326
 49
-37.54229982
 53
82.88
 43
208.0052596
 44
889.80133982
 45
-0.0008534187
 46
16.9336313627
 79
2
 49
0.30290262
 49
-136.21870902
 53
82.88
 43
210.0168888
 44
892.63658942
 45
-0.0008534187
 46
16.9336313627
 79
2
 49
0.03725418
 49
-136.48436
 53
97.13
 43
210.01627919999999
 44
892.67315018
 45
-16.9431028479
 46
118.5322702695
 79
2
 49
0.04934458
 49
-136.4722696
 53
116.57
 43
210.00420658000002
 44
892.71979982
 45
-16.9342802744
 46
16.9313563251
 79
2
 49
0.05630418
 49
-37.80832418
 53
135.0
 43
209.9732516
 44
892.7652328
 45
-16.9331709419
 46
0.0
 79
2
 49
0.05941822
 49
-23.88770178
 53
172.88
 43
209.9291064
 44
892.80751618
 45
-118.5352255934
 46
16.9224148061
 79
2
 49
0.0582168
 49
-136.46339738
 53
172.88
 43
209.87183702
 44
892.81579658
 45
-118.5352255934
 46
16.9224148061
 79
2
 49
0.03852418
 49
-136.48309
 53
187.13
 43
209.8343136
 44
892.8148136
 45
-118.5322702695
 46
-16.9431028479
 79
2
 49
0.05259578
 49
-136.4690184
 53
225.0
 43
209.77988901999998
 44
892.80843058
 45
-0.0
 46
-16.9331709419
 79
2
 49
0.06072378
 49
-23.88639622
 53
243.44
 43
209.73110578
 44
892.77049822
 45
0.0014916558
 46
-16.9328188651
 79
2
 49
0.0560832
 49
-37.80854262
 53
262.88
 43
209.6998968
 44
892.7226624
 45
0.0008534187
 46
-16.9336313627
 79
2
 49
0.05269738
 49
-136.4689168
 53
262.88
 43
209.69263239999998
 44
892.67081338
 45
0.0008534187
 46
-16.9336313627
 79
2
 49
0.03852418
 49
-136.48309
 53
277.13
 43
209.6933436
 44
892.6332543999999
 45
16.9431028479
 46
-118.5322702695
 79
2
 49
0.0483108
 49
-136.47330338
 53
296.57
 43
209.70523079999998
 44
892.58760298
 45
16.9342802744
 46
-16.9313563251
 79
2
 49
0.05630418
 49
-37.80832418
 53
315.0
 43
209.73620102
 44
892.54218778
 45
16.9331709419
 46
-0.0
 79
2
 49
0.05941822
 49
-23.88770178
 53
352.88
 43
209.78033098
 44
892.49988662
 45
118.5352255934
 46
-16.9224148061
 79
2
 49
0.0582168
 49
-136.46339738
 53
7.13
 43
209.87512378
 44
892.49255618
 45
118.5322702695
 46
16.9431028479
 79
2
 49
0.0521208
 49
-136.46949338
 53
45.0
 43
209.92949502
 44
892.49892142
 45
0.0
 46
16.9331709419
 79
2
 49
0.0608076
 49
-23.8863124
 53
63.44
 43
209.9783316
 44
892.53691982
 45
-0.0014916558
 46
16.9328188651
 79
2
 49
0.0560832
 49
-37.80854262
 53
82.88
 43
210.00954058000002
 44
892.5847404
 45
-0.0008534187
 46
16.9336313627
 79
2
 49
0.05269738
 49
-136.4689168
 53
82.88
 43
211.272614
 44
887.4477428
 45
-0.0008534187
 46
16.9336313627
 79
2
 49
0.52391818
 49
-135.997696
 53
63.44
 43
210.96227679999998
 44
886.97227258
 45
-0.0014916558
 46
16.9328188651
 79
2
 49
0.55751222
 49
-37.3071136
 53
45.0
 43
210.47676342
 44
886.5945568
 45
0.0
 46
16.9331709419
 79
2
 49
0.60453778
 49
-23.34258222
 53
7.13
 43
209.9362184
 44
886.53127778
 45
118.5322702695
 46
16.9431028479
 79
2
 49
0.51824382
 49
-136.00336782
 53
352.88
 43
208.99372599999998
 44
886.6042088
 45
118.5352255934
 46
-16.9224148061
 79
2
 49
0.578866
 49
-135.94274818
 53
315.0
 43
208.55494862
 44
887.02461182
 45
16.9331709419
 46
-0.0
 79
2
 49
0.59077098
 49
-23.35634902
 53
296.57
 43
208.24706759999998
 44
887.47622382
 45
16.9342802744
 46
-16.9313563251
 79
2
 49
0.559816
 49
-37.30480982
 53
277.13
 43
208.12893982
 44
887.93010658
 45
16.9431028479
 46
-118.5322702695
 79
2
 49
0.4803648
 49
-136.04124938
 53
262.88
 43
208.12176177999999
 44
888.30353738
 45
0.0008534187
 46
-16.9336313627
 79
2
 49
0.38306502
 49
-136.13854662
 53
262.88
 43
208.1940324
 44
888.8190888
 45
0.0008534187
 46
-16.9336313627
 79
2
 49
0.52391818
 49
-135.997696
 53
243.44
 43
208.50436960000002
 44
889.2945768
 45
0.0014916558
 46
-16.9328188651
 79
2
 49
0.55751222
 49
-37.3071136
 53
225.0
 43
208.98928862
 44
889.6717668
 45
-0.0
 46
-16.9331709419
 79
2
 49
0.603758
 49
-23.343362
 53
187.13
 43
209.5304788
 44
889.73528458
 45
-118.5322702695
 46
-16.9431028479
 79
2
 49
0.52296822
 49
-135.99864342
 53
172.88
 43
209.9034524
 44
889.74498738
 45
-118.5352255934
 46
16.9224148061
 79
2
 49
0.38306502
 49
-136.13854662
 53
172.88
 43
210.47292040000002
 44
889.66264058
 45
-118.5352255934
 46
16.9224148061
 79
2
 49
0.578866
 49
-135.94274818
 53
135.0
 43
210.91169778
 44
889.24223502
 45
-16.9331709419
 46
0.0
 79
2
 49
0.59077098
 49
-23.35634902
 53
116.57
 43
211.2195788
 44
888.79062302
 45
-16.9342802744
 46
16.9313563251
 79
2
 49
0.559816
 49
-37.30480982
 53
97.13
 43
211.33956840000002
 44
888.32676822
 45
-16.9431028479
 46
118.5322702695
 79
2
 49
0.49054258
 49
-136.0310716
 53
82.88
 43
211.3456644
 44
887.96324342
 45
-0.0008534187
 46
16.9336313627
 79
2
 49
0.37036502
 49
-136.15124662
 98
0
  0
TEXT
  5
138
330
17
100
AcDbEntity
  8
LABEL
100
AcDbText
 10
240.0
 20
883.0
 30
0.0
 40
3.0
  1
CONC_DEMOLITION
  7
OpenSans
 11
240.0
 21
883.0
 31
0.0
100
AcDbText
  0
LWPOLYLINE
  5
139
330
17
100
AcDbEntity
  8
FRAME
100
AcDbPolyline
 90
4
 70
1
 10
240.0
 20
832.0
 10
332.0
 20
832.0
 10
332.0
 20
880.0
 10
240.0
 20
880.0
  0
HATCH
  5
13A
330
17
100
AcDbEntity
  8
HATCH
 62
7
100
AcDbHatch
 10
0.0
 20
0.0
 30
0.0
210
0.0
220
0.0
230
1.0
  2
CONC_DEMOLITION
 70
0
 71
0
 91
1
 92
3
 72
0
 73
1
 93
4
 10
240.0
 20
832.0
 10
332.0
 20
832.0
 10
332.0
 20
880.0
 10
240.0
 20
880.0
 97
0
 75
0
 76
1
 52
0.0
 41
1.0
 77
0
 78
4
 53
45.0
 43
240.0
 44
832.0
 45
-5.3881536726
 46
5.3881536726
 79
2
 49
2.54
 49
-2.54
 53
45.0
 43
241.796034
 44
832.0
 45
-5.3881536726
 46
5.3881536726
 79
2
 49
2.54
 49
-2.54
 53
-45.0
 43
240.0
 44
832.0
 45
5.3881536726
 46
5.3881536726
 79
2
 49
2.54
 49
-2.54
 53
-45.0
 43
241.796034
 44
832.0
 45
5.3881536726
 46
5.3881536726
 79
2
 49
2.54
 49
-2.54
 98
0
  0
TEXT
  5
13B
330
17
100
AcDbEntity
  8
LABEL
100
AcDbText
 10
360.0
 20
883.0
 30
0.0
 40
3.0
  1
CONC_EXISTING
  7
OpenSans
 11
360.0
 21
883.0
 31
0.0
100
AcDbText
  0
LWPOLYLINE
  5
13C
330
17
100
AcDbEntity
  8
FRAME
100
AcDbPolyline
 90
4
 70
1
 10
360.0
 20
832.0
 10
452.0
 20
832.0
 10
452.0
 20
880.0
 10
360.0
 20
880.0
  0
HATCH
  5
13D
330
17
100
AcDbEntity
  8
HATCH
 62
7
100
AcDbHatch
 10
0.0
 20
0.0
 30
0.0
210
0.0
220
0.0
230
1.0
  2
CONC_EXISTING
 70
0
 71
0
 91
1
 92
3
 72
0
 73
1
 93
4
 10
360.0
 20
832.0
 10
452.0
 20
832.0
 10
452.0
 20
880.0
 10
360.0
 20
880.0
 97
0
 75
0
 76
1
 52
0.0
 41
1.0
 77
0
 78
4
 53
45.0
 43
360.0
 44
832.0
 45
-5.3881536726
 46
5.3881536726
 79
0
 53
45.0
 43
361.7960467
 44
832.0
 45
-5.3881536726
 46
5.3881536726
 79
0
 53
-45.0
 43
360.0
 44
832.0
 45
5.3881536726
 46
5.3881536726
 79
0
 53
-45.0
 43
361.7960467
 44
832.0
 45
5.3881536726
 46
5.3881536726
 79
0
 98
0
  0
TEXT
  5
13E
330
17
100
AcDbEntity
  8
LABEL
100
AcDbText
 10
480.0
 20
883.0
 30
0.0
 40
3.0
  1
CONC_PRECAST
  7
OpenSans
 11
480.0
 21
883.0
 31
0.0
100
AcDbText
  0
LWPOLYLINE
  5
13F
330
17
100
AcDbEntity
  8
FRAME
100
AcDbPolyline
 90
4
 70
1
 10
480.0
 20
832.0
 10
572.0
 20
832.0
 10
572.0
 20
880.0
 10
480.0
 20
880.0
  0
HATCH
  5
140
330
17
100
AcDbEntity
  8
HATCH
 62
7
100
AcDbHatch
 10
0.0
 20
0.0
 30
0.0
210
0.0
220
0.0
230
1.0
  2
CONC_PRECAST
 70
0
 71
0
 91
1
 92
3
 72
0
 73
1
 93
4
 10
480.0
 20
832.0
 10
572.0
 20
832.0
 10
572.0
 20
880.0
 10
480.0
 20
880.0
 97
0
 75
0
 76
1
 52
0.0
 41
1.0
 77
0
 78
2
 53
45.0
 43
480.0
 44
832.0
 45
-2.6940768363
 46
2.6940768363
 79
0
 53
-45.0
 43
480.0
 44
832.0
 45
5.3881536726
 46
5.3881536726
 79
0
 98
0
  0
TEXT
  5
141
330
17
100
AcDbEntity
  8
LABEL
100
AcDbText
 10
600.0
 20
883.0
 30
0.0
 40
3.0
  1
CORK
  7
OpenSans
 11
600.0
 21
883.0
 31
0.0
100
AcDbText
  0
LWPOLYLINE
  5
142
330
17
100
AcDbEntity
  8
FRAME
100
AcDbPolyline
 90
4
 70
1
 10
600.0
 20
832.0
 10
692.0
 20
832.0
 10
692.0
 20
880.0
 10
600.0
 20
880.0
  0
HATCH
  5
143
330
17
100
AcDbEntity
  8
HATCH
 62
7
100
AcDbHatch
 10
0.0
 20
0.0
 30
0.0
210
0.0
220
0.0
230
1.0
  2
CORK
 70
0
 71
0
 91
1
 92
3
 72
0
 73
1
 93
4
 10
600.0
 20
832.0
 10
692.0
 20
832.0
 10
692.0
 20
880.0
 10
600.0
 20
880.0
 97
0
 75
0
 76
1
 52
0.0
 41
1.0
 77
0
 78
4
 53
0.0
 43
600.0
 44
832.0
 45
0.0
 46
3.81
 79
0
 53
135.0
 43
601.905
 44
830.095
 45
-7.6199999872
 46
-7.6199999872
 79
2
 49
5.3881536941
 49
-5.3881536941
 53
135.0
 43
602.8575
 44
830.095
 45
-7.6199999872
 46
-7.6199999872
 79
2
 49
5.3881536941
 49
-5.3881536941
 53
135.0
 43
603.81
 44
830.095
 45
-7.6199999872
 46
-7.6199999872
 79
2
 49
5.3881536941
 49
-5.3881536941
 98
0
  0
TEXT
  5
144
330
17
100
AcDbEntity
  8
LABEL
100
AcDbText
 10
0.0
 20
971.0
 30
0.0
 40
3.0
  1
CROSS
  7
OpenSans
 11
0.0
 21
971.0
 31
0.0
100
AcDbText
  0
LWPOLYLINE
  5
145
330
17
100
AcDbEntity
  8
FRAME
100
AcDbPolyline
 90
4
 70
1
 10
0.0
 20
920.0
 10
92.0
 20
920.0
 10
92.0
 20
968.0
 10
0.0
 20
968.0
  0
HATCH
  5
146
330
17
100
AcDbEntity
  8
HATCH
 62
7
100
AcDbHatch
 10
0.0
 20
0.0
 30
0.0
210
0.0
220
0.0
230
1.0
  2
CROSS
 70
0
 71
0
 91
1
 92
3
 72
0
 73
1
 93
4
 10
0.0
 20
920.0
 10
92.0
 20
920.0
 10
92.0
 20
968.0
 10
0.0
 20
968.0
 97
0
 75
0
 76
1
 52
0.0
 41
1.0
 77
0
 78
2
 53
0.0
 43
0.0
 44
920.0
 45
6.35
 46
6.35
 79
2
 49
3.175
 49
-9.525
 53
90.0
 43
1.5875
 44
918.4125
 45
-6.35
 46
6.35
 79
2
 49
3.175
 49
-9.525
 98
0
  0
TEXT
  5
147
330
17
100
AcDbEntity
  8
LABEL
100
AcDbText
 10
120.0
 20
971.0
 30
0.0
 40
3.0
  1
CROSSES
  7
OpenSans
 11
120.0
 21
971.0
 31
0.0
100
AcDbText
  0
LWPOLYLINE
  5
148
330
17
100
AcDbEntity
  8
FRAME
100
AcDbPolyline
 90
4
 70
1
 10
120.0
 20
920.0
 10
212.0
 20
920.0
 10
212.0
 20
968.0
 10
120.0
 20
968.0
  0
HATCH
  5
149
330
17
100
AcDbEntity
  8
HATCH
 62
7
100
AcDbHatch
 10
0.0
 20
0.0
 30
0.0
210
0.0
220
0.0
230
1.0
  2
CROSSES
 70
0
 71
0
 91
1
 92
3
 72
0
 73
1
 93
4
 10
120.0
 20
920.0
 10
212.0
 20
920.0
 10
212.0
 20
968.0
 10
120.0
 20
968.0
 97
0
 75
0
 76
1
 52
0.0
 41
1.0
 77
0
 78
2
 53
45.0
 43
115.51055
 44
920.0
 45
-8.9802561211
 46
8.9802561211
 79
2
 49
6.35
 49
-6.35
 53
135.0
 43
120.0
 44
920.0
 45
-8.9802561211
 46
-8.9802561211
 79
2
 49
6.35
 49
-6.35
 98
0
  0
TEXT
  5
14A
330
17
100
AcDbEntity
  8
LABEL
100
AcDbText
 10
240.0
 20
971.0
 30
0.0
 40
3.0
  1
DASH
  7
OpenSans
 11
240.0
 21
971.0
 31
0.0
100
AcDbText
  0
LWPOLYLINE
  5
14B
330
17
100
AcDbEntity
  8
FRAME
100
AcDbPolyline
 90
4
 70
1
 10
240.0
 20
920.0
 10
332.0
 20
920.0
 10
332.0
 20
968.0
 10
240.0
 20
968.0
  0
HATCH
  5
14C
330
17
100
AcDbEntity
  8
HATCH
 62
7
100
AcDbHatch
 10
0.0
 20
0.0
 30
0.0
210
0.0
220
0.0
230
1.0
  2
DASH
 70
0
 71
0
 91
1
 92
3
 72
0
 73
1
 93
4
 10
240.0
 20
920.0
 10
332.0
 20
920.0
 10
332.0
 20
968.0
 10
240.0
 20
968.0
 97
0
 75
0
 76
1
 52
0.0
 41
1.0
 77
0
 78
1
 53
0.0
 43
240.0
 44
920.0
 45
3.175
 46
3.175
 79
2
 49
3.175
 49
-3.175
 98
0
  0
TEXT
  5
14D
330
17
100
AcDbEntity
  8
LABEL
100
AcDbText
 10
360.0
 20
971.0
 30
0.0
 40
3.0
  1
DIAMONDS
  7
OpenSans
 11
360.0
 21
971.0
 31
0.0
100
AcDbText
  0
LWPOLYLINE
  5
14E
330
17
100
AcDbEntity
  8
FRAME
100
AcDbPolyline
 90
4
 70
1
 10
360.0
 20
920.0
 10
452.0
 20
920.0
 10
452.0
 20
968.0
 10
360.0
 20
968.0
  0
HATCH
  5
14F
330
17
100
AcDbEntity
  8
HATCH
 62
7
100
AcDbHatch
 10
0.0
 20
0.0
 30
0.0
210
0.0
220
0.0
230
1.0
  2
DIAMONDS
 70
0
 71
0
 91
1
 92
3
 72
0
 73
1
 93
4
 10
360.0
 20
920.0
 10
452.0
 20
920.0
 10
452.0
 20
968.0
 10
360.0
 20
968.0
 97
0
 75
0
 76
1
 52
0.0
 41
1.0
 77
0
 78
2
 53
60.0
 43
360.0
 44
920.0
 45
-5.499261314
 46
3.175
 79
0
 53
120.0
 43
360.0
 44
920.0
 45
-5.499261314
 46
-3.175
 79
0
 98
0
  0
TEXT
  5
150
330
17
100
AcDbEntity
  8
LABEL
100
AcDbText
 10
480.0
 20
971.0
 30
0.0
 40
3.0
  1
DOLMIT
  7
OpenSans
 11
480.0
 21
971.0
 31
0.0
100
AcDbText
  0
LWPOLYLINE
  5
151
330
17
100
AcDbEntity
  8
FRAME
100
AcDbPolyline
 90
4
 70
1
 10
480.0
 20
920.0
 10
572.0
 20
920.0
 10
572.0
 20
968.0
 10
480.0
 20
968.0
  0
HATCH
  5
152
330
17
100
AcDbEntity
  8
HATCH
 62
7
100
AcDbHatch
 10
0.0
 20
0.0
 30
0.0
210
0.0
220
0.0
230
1.0
  2
DOLMIT
 70
0
 71
0
 91
1
 92
3
 72
0
 73
1
 93
4
 10
480.0
 20
920.0
 10
572.0
 20
920.0
 10
572.0
 20
968.0
 10
480.0
 20
968.0
 97
0
 75
0
 76
1
 52
0.0
 41
1.0
 77
0
 78
2
 53
0.0
 43
480.0
 44
920.0
 45
0.0
 46
6.35
 79
0
 53
45.0
 43
480.0
 44
920.0
 45
-12.6999913435
 46
12.6999913435
 79
2
 49
8.9802561211
 49
-17.9605122421
 98
0
  0
TEXT
  5
153
330
17
100
AcDbEntity
  8
LABEL
100
AcDbText
 10
600.0
 20
971.0
 30
0.0
 40
3.0
  1
DOTGRID
  7
OpenSans
 11
600.0
 21
971.0
 31
0.0
100
AcDbText
  0
LWPOLYLINE
  5
154
330
17
100
AcDbEntity
  8
FRAME
100
AcDbPolyline
 90
4
 70
1
 10
600.0
 20
920.0
 10
692.0
 20
920.0
 10
692.0
 20
968.0
 10
600.0
 20
968.0
  0
HATCH
  5
155
330
17
100
AcDbEntity
  8
HATCH
 62
7
100
AcDbHatch
 10
0.0
 20
0.0
 30
0.0
210
0.0
220
0.0
230
1.0
  2
DOTGRID
 70
0
 71
0
 91
1
 92
3
 72
0
 73
1
 93
4
 10
600.0
 20
920.0
 10
692.0
 20
920.0
 10
692.0
 20
968.0
 10
600.0
 20
968.0
 97
0
 75
0
 76
1
 52
0.0
 41
1.0
 77
0
 78
1
 53
0.0
 43
600.0
 44
920.0
 45
0.0
 46
25.4
 79
2
 49
0.0
 49
-25.4
 98
0
  0
TEXT
  5
156
330
17
100
AcDbEntity
  8
LABEL
100
AcDbText
 10
0.0
 20
1059.0
 30
0.0
 40
3.0
  1
DOTS
  7
OpenSans
 11
0.0
 21
1059.0
 31
0.0
100
AcDbText
  0
LWPOLYLINE
  5
157
330
17
100
AcDbEntity
  8
FRAME
100
AcDbPolyline
 90
4
 70
1
 10
0.0
 20
1008.0
 10
92.0
 20
1008.0
 10
92.0
 20
1056.0
 10
0.0
 20
1056.0
  0
HATCH
  5
158
330
17
100
AcDbEntity
  8
HATCH
 62
7
100
AcDbHatch
 10
0.0
 20
0.0
 30
0.0
210
0.0
220
0.0
230
1.0
  2
DOTS
 70
0
 71
0
 91
1
 92
3
 72
0
 73
1
 93
4
 10
0.0
 20
1008.0
 10
92.0
 20
1008.0
 10
92.0
 20
1056.0
 10
0.0
 20
1056.0
 97
0
 75
0
 76
1
 52
0.0
 41
1.0
 77
0
 78
1
 53
0.0
 43
0.0
 44
1008.0
 45
0.79375
 46
1.5875
 79
2
 49
0.0
 49
-1.5875
 98
0
  0
TEXT
  5
159
330
17
100
AcDbEntity
  8
LABEL
100
AcDbText
 10
120.0
 20
1059.0
 30
0.0
 40
3.0
  1
DOTS1
  7
OpenSans
 11
120.0
 21
1059.0
 31
0.0
100
AcDbText
  0
LWPOLYLINE
  5
15A
330
17
100
AcDbEntity
  8
FRAME
100
AcDbPolyline
 90
4
 70
1
 10
120.0
 20
1008.0
 10
212.0
 20
1008.0
 10
212.0
 20
1056.0
 10
120.0
 20
1056.0
  0
HATCH
  5
15B
330
17
100
AcDbEntity
  8
HATCH
 62
7
100
AcDbHatch
 10
0.0
 20
0.0
 30
0.0
210
0.0
220
0.0
230
1.0
  2
DOTS1
 70
0
 71
0
 91
1
 92
3
 72
0
 73
1
 93
4
 10
120.0
 20
1008.0
 10
212.0
 20
1008.0
 10
212.0
 20
1056.0
 10
120.0
 20
1056.0
 97
0
 75
0
 76
1
 52
0.0
 41
1.0
 77
0
 78
1
 53
0.0
 43
120.0
 44
1008.0
 45
0.79375
 46
1.5875
 79
2
 49
0.0
 49
-1.5875
 98
0
  0
TEXT
  5
15C
330
17
100
AcDbEntity
  8
LABEL
100
AcDbText
 10
240.0
 20
1059.0
 30
0.0
 40
3.0
  1
DOTS2
  7
OpenSans
 11
240.0
 21
1059.0
 31
0.0
100
AcDbText
  0
LWPOLYLINE
  5
15D
330
17
100
AcDbEntity
  8
FRAME
100
AcDbPolyline
 90
4
 70
1
 10
240.0
 20
1008.0
 10
332.0
 20
1008.0
 10
332.0
 20
1056.0
 10
240.0
 20
1056.0
  0
HATCH
  5
15E
330
17
100
AcDbEntity
  8
HATCH
 62
7
100
AcDbHatch
 10
0.0
 20
0.0
 30
0.0
210
0.0
220
0.0
230
1.0
  2
DOTS2
 70
0
 71
0
 91
1
 92
3
 72
0
 73
1
 93
4
 10
240.0
 20
1008.0
 10
332.0
 20
1008.0
 10
332.0
 20
1056.0
 10
240.0
 20
1056.0
 97
0
 75
0
 76
1
 52
0.0
 41
1.0
 77
0
 78
17
 53
0.0
 43
241.016
 44
1008.508
 45
0.0
 46
25.4
 79
2
 49
0.0
 49
-25.4
 53
0.0
 43
249.144
 44
1009.016
 45
0.0
 46
25.4
 79
2
 49
0.0
 49
-25.4
 53
0.0
 43
244.572
 44
1014.604
 45
0.0
 46
25.4
 79
2
 49
0.0
 49
-25.4
 53
0.0
 43
250.16
 44
1018.668
 45
0.0
 46
25.4
 79
2
 49
0.0
 49
-25.4
 53
0.0
 43
243.556
 44
1020.192
 45
0.0
 46
25.4
 79
2
 49
0.0
 49
-25.4
 53
0.0
 43
245.588
 44
1026.288
 45
0.0
 46
25.4
 79
2
 49
0.0
 49
-25.4
 53
0.0
 43
242.032
 44
1030.86
 45
0.0
 46
25.4
 79
2
 49
0.0
 49
-25.4
 53
0.0
 43
250.16
 44
1030.352
 45
0.0
 46
25.4
 79
2
 49
0.0
 49
-25.4
 53
0.0
 43
256.256
 44
1031.368
 45
0.0
 46
25.4
 79
2
 49
0.0
 49
-25.4
 53
0.0
 43
259.304
 44
1025.272
 45
0.0
 46
25.4
 79
2
 49
0.0
 49
-25.4
 53
0.0
 43
264.384
 44
1024.764
 45
0.0
 46
25.4
 79
2
 49
0.0
 49
-25.4
 53
0.0
 43
264.384
 44
1015.62
 45
0.0
 46
25.4
 79
2
 49
0.0
 49
-25.4
 53
0.0
 43
259.812
 44
1012.572
 45
0.0
 46
25.4
 79
2
 49
0.0
 49
-25.4
 53
0.0
 43
252.7
 44
1014.096
 45
0.0
 46
25.4
 79
2
 49
0.0
 49
-25.4
 53
0.0
 43
257.272
 44
1018.668
 45
0.0
 46
25.4
 79
2
 49
0.0
 49
-25.4
 53
0.0
 43
252.7
 44
1023.24
 45
0.0
 46
25.4
 79
2
 49
0.0
 49
-25.4
 53
0.0
 43
263.368
 44
1009.016
 45
0.0
 46
25.4
 79
2
 49
0.0
 49
-25.4
 98
0
  0
TEXT
  5
15F
330
17
100
AcDbEntity
  8
LABEL
100
AcDbText
 10
360.0
 20
1059.0
 30
0.0
 40
3.0
  1
EARTH
  7
OpenSans
 11
360.0
 21
1059.0
 31
0.0
100
AcDbText
  0
LWPOLYLINE
  5
160
330
17
100
AcDbEntity
  8
FRAME
100
AcDbPolyline
 90
4
 70
1
 10
360.0
 20
1008.0
 10
452.0
 20
1008.0
 10
452.0
 20
1056.0
 10
360.0
 20
1056.0
  0
HATCH
  5
161
330
17
100
AcDbEntity
  8
HATCH
 62
7
100
AcDbHatch
 10
0.0
 20
0.0
 30
0.0
210
0.0
220
0.0
230
1.0
  2
EARTH
 70
0
 71
0
 91
1
 92
3
 72
0
 73
1
 93
4
 10
360.0
 20
1008.0
 10
452.0
 20
1008.0
 10
452.0
 20
1056.0
 10
360.0
 20
1056.0
 97
0
 75
0
 76
1
 52
0.0
 41
1.0
 77
0
 78
6
 53
0.0
 43
360.0
 44
1008.0
 45
6.35
 46
6.35
 79
2
 49
6.35
 49
-6.35
 53
0.0
 43
360.0
 44
1010.38125
 45
6.35
 46
6.35
 79
2
 49
6.35
 49
-6.35
 53
0.0
 43
360.0
 44
1012.7625
 45
6.35
 46
6.35
 79
2
 49
6.35
 49
-6.35
 53
90.0
 43
360.79375
 44
1013.55625
 45
-6.35
 46
6.35
 79
2
 49
6.35
 49
-6.35
 53
90.0
 43
363.175
 44
1013.55625
 45
-6.35
 46
6.35
 79
2
 49
6.35
 49
-6.35
 53
90.0
 43
365.55625
 44
1013.55625
 45
-6.35
 46
6.35
 79
2
 49
6.35
 49
-6.35
 98
0
  0
TEXT
  5
162
330
17
100
AcDbEntity
  8
LABEL
100
AcDbText
 10
480.0
 20
1059.0
 30
0.0
 40
3.0
  1
EARTH1
  7
OpenSans
 11
480.0
 21
1059.0
 31
0.0
100
AcDbText
  0
LWPOLYLINE
  5
163
330
17
100
AcDbEntity
  8
FRAME
100
AcDbPolyline
 90
4
 70
1
 10
480.0
 20
1008.0
 10
572.0
 20
1008.0
 10
572.0
 20
1056.0
 10
480.0
 20
1056.0
  0
HATCH
  5
164
330
17
100
AcDbEntity
  8
HATCH
 62
7
100
AcDbHatch
 10
0.0
 20
0.0
 30
0.0
210
0.0
220
0.0
230
1.0
  2
EARTH1
 70
0
 71
0
 91
1
 92
3
 72
0
 73
1
 93
4
 10
480.0
 20
1008.0
 10
572.0
 20
1008.0
 10
572.0
 20
1056.0
 10
480.0
 20
1056.0
 97
0
 75
0
 76
1
 52
0.0
 41
1.0
 77
0
 78
6
 53
0.0
 43
480.0
 44
1008.0
 45
6.35
 46
6.35
 79
2
 49
6.35
 49
-6.35
 53
0.0
 43
480.0
 44
1010.38125
 45
6.35
 46
6.35
 79
2
 49
6.35
 49
-6.35
 53
0.0
 43
480.0
 44
1012.7625
 45
6.35
 46
6.35
 79
2
 49
6.35
 49
-6.35
 53
90.0
 43
480.79375
 44
1013.55625
 45
-6.35
 46
6.35
 79
2
 49
6.35
 49
-6.35
 53
90.0
 43
483.175
 44
1013.55625
 45
-6.35
 46
6.35
 79
2
 49
6.35
 49
-6.35
 53
90.0
 43
485.55625
 44
1013.55625
 45
-6.35
 46
6.35
 79
2
 49
6.35
 49
-6.35
 98
0
  0
TEXT
  5
165
330
17
100
AcDbEntity
  8
LABEL
100
AcDbText
 10
600.0
 20
1059.0
 30
0.0
 40
3.0
  1
EARTH2
  7
OpenSans
 11
600.0
 21
1059.0
 31
0.0
100
AcDbText
  0
LWPOLYLINE
  5
166
330
17
100
AcDbEntity
  8
FRAME
100
AcDbPolyline
 90
4
 70
1
 10
600.0
 20
1008.0
 10
692.0
 20
1008.0
 10
692.0
 20
1056.0
 10
600.0
 20
1056.0
  0
HATCH
  5
167
330
17
100
AcDbEntity
  8
HATCH
 62
7
100
AcDbHatch
 10
0.0
 20
0.0
 30
0.0
210
0.0
220
0.0
230
1.0
  2
EARTH2
 70
0
 71
0
 91
1
 92
3
 72
0
 73
1
 93
4
 10
600.0
 20
1008.0
 10
692.0
 20
1008.0
 10
692.0
 20
1056.0
 10
600.0
 20
1056.0
 97
0
 75
0
 76
1
 52
0.0
 41
1.0
 77
0
 78
12
 53
45.0
 43
600.0
 44
1008.0
 45
0.0
 46
13.4703841816
 79
2
 49
9.525
 49
-9.525
 53
45.0
 43
598.6529615841
 44
1009.3470384159
 45
0.0
 46
13.4703841816
 79
2
 49
9.525
 49
-9.525
 53
45.0
 43
597.3059231872
 44
1010.6940768128
 45
0.0
 46
13.4703841816
 79
2
 49
9.525
 49
-9.525
 53
45.0
 43
595.9588847332
 44
1012.0411152668
 45
0.0
 46
13.4703841816
 79
2
 49
9.525
 49
-9.525
 53
45.0
 43
594.611846565
 44
1013.388153435
 45
0.0
 46
13.4703841816
 79
2
 49
9.525
 49
-9.525
 53
45.0
 43
593.26480773
 44
1014.73519227
 45
0.0
 46
13.4703841816
 79
2
 49
9.525
 49
-9.525
 53
135.0
 43
600.0
 44
1008.0
 45
-13.4703841816
 46
0.0
 79
2
 49
9.525
 49
-9.525
 53
135.0
 43
598.6529615841
 44
1006.6529615841
 45
-13.4703841816
 46
0.0
 79
2
 49
9.525
 49
-9.525
 53
135.0
 43
597.3059231872
 44
1005.3059231872
 45
-13.4703841816
 46
0.0
 79
2
 49
9.525
 49
-9.525
 53
135.0
 43
595.9588847332
 44
1003.9588847332
 45
-13.4703841816
 46
0.0
 79
2
 49
9.525
 49
-9.525
 53
135.0
 43
594.611846565
 44
1002.611846565
 45
-13.4703841816
 46
0.0
 79
2
 49
9.525
 49
-9.525
 53
135.0
 43
593.26480773
 44
1001.26480773
 45
-13.4703841816
 46
0.0
 79
2
 49
9.525
 49
-9.525
 98
0
  0
TEXT
  5
168
330
17
100
AcDbEntity
  8
LABEL
100
AcDbText
 10
0.0
 20
1147.0
 30
0.0
 40
3.0
  1
EGYPTIAN
  7
OpenSans
 11
0.0
 21
1147.0
 31
0.0
100
AcDbText
  0
LWPOLYLINE
  5
169
330
17
100
AcDbEntity
  8
FRAME
100
AcDbPolyline
 90
4
 70
1
 10
0.0
 20
1096.0
 10
92.0
 20
1096.0
 10
92.0
 20
1144.0
 10
0.0
 20
1144.0
  0
HATCH
  5
16A
330
17
100
AcDbEntity
  8
HATCH
 62
7
100
AcDbHatch
 10
0.0
 20
0.0
 30
0.0
210
0.0
220
0.0
230
1.0
  2
EGYPTIAN
 70
0
 71
0
 91
1
 92
3
 72
0
 73
1
 93
4
 10
0.0
 20
1096.0
 10
92.0
 20
1096.0
 10
92.0
 20
1144.0
 10
0.0
 20
1144.0
 97
0
 75
0
 76
1
 52
0.0
 41
1.0
 77
0
 78
10
 53
0.0
 43
0.0
 44
1096.0
 45
0.0
 46
31.75
 79
3
 49
6.35
 49
-6.35
 49
19.05
 53
0.0
 43
0.0
 44
1102.35
 45
0.0
 46
31.75
 79
2
 49
-19.05
 49
12.7
 53
0.0
 43
0.0
 44
1108.7
 45
0.0
 46
31.75
 79
3
 49
-19.05
 49
6.35
 49
-6.35
 53
0.0
 43
0.0
 44
1115.05
 45
0.0
 46
31.75
 79
3
 49
-12.7
 49
12.7
 49
-6.35
 53
0.0
 43
0.0
 44
1121.4
 45
0.0
 46
31.75
 79
2
 49
-6.35
 49
25.4
 53
90.0
 43
6.35
 44
1096.0
 45
-31.75
 46
0.0
 79
2
 49
25.4
 49
-6.35
 53
90.0
 43
12.7
 44
1096.0
 45
-31.75
 46
0.0
 79
2
 49
19.05
 49
-12.7
 53
90.0
 43
19.05
 44
1096.0
 45
-31.75
 46
0.0
 79
3
 49
-6.35
 49
6.35
 49
-19.05
 53
90.0
 43
25.4
 44
1096.0
 45
-31.75
 46
0.0
 79
3
 49
-12.7
 49
6.35
 49
-12.7
 53
90.0
 43
31.75
 44
1096.0
 45
-31.75
 46
0.0
 79
3
 49
-6.35
 49
19.05
 49
-6.35
 98
0
  0
TEXT
  5
16B
330
17
100
AcDbEntity
  8
LABEL
100
AcDbText
 10
120.0
 20
1147.0
 30
0.0
 40
3.0
  1
ESCHER
  7
OpenSans
 11
120.0
 21
1147.0
 31
0.0
100
AcDbText
  0
LWPOLYLINE
  5
16C
330
17
100
AcDbEntity
  8
FRAME
100
AcDbPolyline
 90
4
 70
1
 10
120.0
 20
1096.0
 10
212.0
 20
1096.0
 10
212.0
 20
1144.0
 10
120.0
 20
1144.0
  0
HATCH
  5
16D
330
17
100
AcDbEntity
  8
HATCH
 62
7
100
AcDbHatch
 10
0.0
 20
0.0
 30
0.0
210
0.0
220
0.0
230
1.0
  2
ESCHER
 70
0
 71
0
 91
1
 92
3
 72
0
 73
1
 93
4
 10
120.0
 20
1096.0
 10
212.0
 20
1096.0
 10
212.0
 20
1144.0
 10
120.0
 20
1144.0
 97
0
 75
0
 76
1
 52
0.0
 41
1.0
 77
0
 78
21
 53
60.0
 43
120.0
 44
1096.0
 45
-30.4799999881
 46
-6.9e-09
 79
2
 49
27.94
 49
-2.54
 53
180.0
 43
120.0
 44
1096.0
 45
15.24
 46
-26.3964542936
 79
2
 49
27.94
 49
-2.54
 53
300.0
 43
120.0
 44
1096.0
 45
30.4799999881
 46
-6.9e-09
 79
2
 49
27.94
 49
-2.54
 53
60.0
 43
122.54
 44
1096.0
 45
-30.4799999881
 46
-6.9e-09
 79
2
 49
5.08
 49
-25.4
 53
300.0
 43
122.54
 44
1096.0
 45
30.4799999881
 46
-6.9e-09
 79
2
 49
5.08
 49
-25.4
 53
60.0
 43
118.73
 44
1098.199704516
 45
-30.4799999881
 46
-6.9e-09
 79
2
 49
5.08
 49
-25.4
 53
180.0
 43
118.73
 44
1098.199704516
 45
15.24
 46
-26.3964542936
 79
2
 49
5.08
 49
-25.4
 53
300.0
 43
118.73
 44
1093.800295484
 45
30.4799999881
 46
-6.9e-09
 79
2
 49
5.08
 49
-25.4
 53
180.0
 43
118.73
 44
1093.800295484
 45
15.24
 46
-26.3964542936
 79
2
 49
5.08
 49
-25.4
 53
60.0
 43
109.84
 44
1096.0
 45
-30.4799999881
 46
-6.9e-09
 79
2
 49
5.08
 49
-25.4
 53
300.0
 43
109.84
 44
1096.0
 45
30.4799999881
 46
-6.9e-09
 79
2
 49
5.08
 49
-25.4
 53
60.0
 43
125.08
 44
1087.2011819106
 45
-30.4799999881
 46
-6.9e-09
 79
2
 49
5.08
 49
-25.4
 53
180.0
 43
125.08
 44
1087.2011819106
 45
15.24
 46
-26.3964542936
 79
2
 49
5.08
 49
-25.4
 53
300.0
 43
125.08
 44
1104.7988180894
 45
30.4799999881
 46
-6.9e-09
 79
2
 49
5.08
 49
-25.4
 53
180.0
 43
125.08
 44
1104.7988180894
 45
15.24
 46
-26.3964542936
 79
2
 49
5.08
 49
-25.4
 53
0.0
 43
125.08
 44
1100.3994090574
 45
-15.24
 46
26.3964542936
 79
2
 49
17.78
 49
-12.7
 53
0.0
 43
125.08
 44
1091.6005909426
 45
-15.24
 46
26.3964542936
 79
2
 49
17.78
 49
-12.7
 53
120.0
 43
121.27
 44
1102.5991135734
 45
-30.4799999881
 46
6.9e-09
 79
2
 49
17.78
 49
-12.7
 53
120.0
 43
113.65
 44
1098.199704516
 45
-30.4799999881
 46
6.9e-09
 79
2
 49
17.78
 49
-12.7
 53
240.0
 43
113.65
 44
1093.800295484
 45
15.2399999881
 46
-26.3964543005
 79
2
 49
17.78
 49
-12.7
 53
240.0
 43
121.27
 44
1089.4008864266
 45
15.2399999881
 46
-26.3964543005
 79
2
 49
17.78
 49
-12.7
 98
0
  0
TEXT
  5
16E
330
17
100
AcDbEntity
  8
LABEL
100
AcDbText
 10
240.0
 20
1147.0
 30
0.0
 40
3.0
  1
FLEX
  7
OpenSans
 11
240.0
 21
1147.0
 31
0.0
100
AcDbText
  0
LWPOLYLINE
  5
16F
330
17
100
AcDbEntity
  8
FRAME
100
AcDbPolyline
 90
4
 70
1
 10
240.0
 20
1096.0
 10
332.0
 20
1096.0
 10
332.0
 20
1144.0
 10
240.0
 20
1144.0
  0
HATCH
  5
170
330
17
100
AcDbEntity
  8
HATCH
 62
7
100
AcDbHatch
 10
0.0
 20
0.0
 30
0.0
210
0.0
220
0.0
230
1.0
  2
FLEX
 70
0
 71
0
 91
1
 92
3
 72
0
 73
1
 93
4
 10
240.0
 20
1096.0
 10
332.0
 20
1096.0
 10
332.0
 20
1144.0
 10
240.0
 20
1144.0
 97
0
 75
0
 76
1
 52
0.0
 41
1.0
 77
0
 78
2
 53
0.0
 43
240.0
 44
1096.0
 45
0.0
 46
6.35
 79
2
 49
6.35
 49
-6.35
 53
45.0
 43
246.35
 44
1096.0
 45
0.0
 46
6.3499999893
 79
4
 49
1.5875
 49
-5.8052561314
 49
1.5875
 49
-8.9802561314
 98
0
  0
TEXT
  5
171
330
17
100
AcDbEntity
  8
LABEL
100
AcDbText
 10
360.0
 20
1147.0
 30
0.0
 40
3.0
  1
FLEXIBLE
  7
OpenSans
 11
360.0
 21
1147.0
 31
0.0
100
AcDbText
  0
LWPOLYLINE
  5
172
330
17
100
AcDbEntity
  8
FRAME
100
AcDbPolyline
 90
4
 70
1
 10
360.0
 20
1096.0
 10
452.0
 20
1096.0
 10
452.0
 20
1144.0
 10
360.0
 20
1144.0
  0
HATCH
  5
173
330
17
100
AcDbEntity
  8
HATCH
 62
7
100
AcDbHatch
 10
0.0
 20
0.0
 30
0.0
210
0.0
220
0.0
230
1.0
  2
FLEXIBLE
 70
0
 71
0
 91
1
 92
3
 72
0
 73
1
 93
4
 10
360.0
 20
1096.0
 10
452.0
 20
1096.0
 10
452.0
 20
1144.0
 10
360.0
 20
1144.0
 97
0
 75
0
 76
1
 52
0.0
 41
1.0
 77
0
 78
2
 53
0.0
 43
360.0
 44
1096.0
 45
0.0
 46
7.62
 79
2
 49
7.62
 49
-7.62
 53
45.0
 43
367.62
 44
1096.0
 45
0.0
 46
7.6199999872
 79
4
 49
1.905
 49
-6.9663073577
 49
1.905
 49
-10.7763073577
 98
0
  0
TEXT
  5
174
330
17
100
AcDbEntity
  8
LABEL
100
AcDbText
 10
480.0
 20
1147.0
 30
0.0
 40
3.0
  1
GLASS
  7
OpenSans
 11
480.0
 21
1147.0
 31
0.0
100
AcDbText
  0
LWPOLYLINE
  5
175
330
17
100
AcDbEntity
  8
FRAME
100
AcDbPolyline
 90
4
 70
1
 10
480.0
 20
1096.0
 10
572.0
 20
1096.0
 10
572.0
 20
1144.0
 10
480.0
 20
1144.0
  0
HATCH
  5
176
330
17
100
AcDbEntity
  8
HATCH
 62
7
100
AcDbHatch
 10
0.0
 20
0.0
 30
0.0
210
0.0
220
0.0
230
1.0
  2
GLASS
 70
0
 71
0
 91
1
 92
3
 72
0
 73
1
 93
4
 10
480.0
 20
1096.0
 10
572.0
 20
1096.0
 10
572.0
 20
1144.0
 10
480.0
 20
1144.0
 97
0
 75
0
 76
1
 52
0.0
 41
1.0
 77
0
 78
3
 53
236.3099
 43
492.192
 44
1110.224
 45
-20.3200271172
 46
-40.6399910139
 79
2
 49
7.3264776
 49
-65.93831872
 53
236.3099
 43
492.5984
 44
1109.0048
 45
-20.3200271172
 46
-40.6399910139
 79
2
 49
4.39588656
 49
-68.86890976
 53
236.3099
 43
490.16
 44
1109.0048
 45
-20.3200271172
 46
-40.6399910139
 79
2
 49
4.39588656
 49
-68.86890976
 98
0
  0
TEXT
  5
177
330
17
100
AcDbEntity
  8
LABEL
100
AcDbText
 10
600.0
 20
1147.0
 30
0.0
 40
3.0
  1
GOST_GLASS
  7
OpenSans
 11
600.0
 21
1147.0
 31
0.0
100
AcDbText
  0
LWPOLYLINE
  5
178
330
17
100
AcDbEntity
  8
FRAME
100
AcDbPolyline
 90
4
 70
1
 10
600.0
 20
1096.0
 10
692.0
 20
1096.0
 10
692.0
 20
1144.0
 10
600.0
 20
1144.0
  0
HATCH
  5
179
330
17
100
AcDbEntity
  8
HATCH
 62
7
100
AcDbHatch
 10
0.0
 20
0.0
 30
0.0
210
0.0
220
0.0
230
1.0
  2
GOST_GLASS
 70
0
 71
0
 91
1
 92
3
 72
0
 73
1
 93
4
 10
600.0
 20
1096.0
 10
692.0
 20
1096.0
 10
692.0
 20
1144.0
 10
600.0
 20
1144.0
 97
0
 75
0
 76
1
 52
0.0
 41
1.0
 77
0
 78
3
 53
45.0
 43
600.0
 44
1096.0
 45
8.4852813742
 46
0.0
 79
2
 49
5.0
 49
-7.0
 53
45.0
 43
602.12132
 44
1096.0
 45
8.4852813742
 46
0.0
 79
2
 49
2.0
 49
-10.0
 53
45.0
 43
600.0
 44
1098.12132
 45
8.4852813742
 46
0.0
 79
2
 49
2.0
 49
-10.0
 98
0
  0
TEXT
  5
17A
330
17
100
AcDbEntity
  8
LABEL
100
AcDbText
 10
0.0
 20
1235.0
 30
0.0
 40
3.0
  1
GOST_GROUND
  7
OpenSans
 11
0.0
 21
1235.0
 31
0.0
100
AcDbText
  0
LWPOLYLINE
  5
17B
330
17
100
AcDbEntity
  8
FRAME
100
AcDbPolyline
 90
4
 70
1
 10
0.0
 20
1184.0
 10
92.0
 20
1184.0
 10
92.0
 20
1232.0
 10
0.0
 20
1232.0
  0
HATCH
  5
17C
330
17
100
AcDbEntity
  8
HATCH
 62
7
100
AcDbHatch
 10
0.0
 20
0.0
 30
0.0
210
0.0
220
0.0
230
1.0
  2
GOST_GROUND
 70
0
 71
0
 91
1
 92
3
 72
0
 73
1
 93
4
 10
0.0
 20
1184.0
 10
92.0
 20
1184.0
 10
92.0
 20
1232.0
 10
0.0
 20
1232.0
 97
0
 75
0
 76
1
 52
0.0
 41
1.0
 77
0
 78
3
 53
45.0
 43
0.0
 44
1184.0
 45
14.1421356237
 46
0.0
 79
1
 49
20.0
 53
45.0
 43
3.0
 44
1184.0
 45
14.1421356237
 46
0.0
 79
1
 49
20.0
 53
45.0
 43
6.0
 44
1184.0
 45
14.1421356237
 46
0.0
 79
1
 49
20.0
 98
0
  0
TEXT
  5
17D
330
17
100
AcDbEntity
  8
LABEL
100
AcDbText
 10
120.0
 20
1235.0
 30
0.0
 40
3.0
  1
GOST_WOOD
  7
OpenSans
 11
120.0
 21
1235.0
 31
0.0
100
AcDbText
  0
LWPOLYLINE
  5
17E
330
17
100
AcDbEntity
  8
FRAME
100
AcDbPolyline
 90
4
 70
1
 10
120.0
 20
1184.0
 10
212.0
 20
1184.0
 10
212.0
 20
1232.0
 10
120.0
 20
1232.0
  0
HATCH
  5
17F
330
17
100
AcDbEntity
  8
HATCH
 62
7
100
AcDbHatch
 10
0.0
 20
0.0
 30
0.0
210
0.0
220
0.0
230
1.0
  2
GOST_WOOD
 70
0
 71
0
 91
1
 92
3
 72
0
 73
1
 93
4
 10
120.0
 20
1184.0
 10
212.0
 20
1184.0
 10
212.0
 20
1232.0
 10
120.0
 20
1232.0
 97
0
 75
0
 76
1
 52
0.0
 41
1.0
 77
0
 78
3
 53
90.0
 43
120.0
 44
1184.0
 45
6.0
 46
0.0
 79
2
 49
10.0
 49
-2.0
 53
90.0
 43
122.0
 44
1182.0
 45
6.0
 46
0.0
 79
4
 49
6.0
 49
-1.5
 49
3.0
 49
-1.5
 53
90.0
 43
124.0
 44
1179.0
 45
6.0
 46
0.0
 79
2
 49
10.0
 49
-2.0
 98
0
  0
TEXT
  5
180
330
17
100
AcDbEntity
  8
LABEL
100
AcDbText
 10
240.0
 20
1235.0
 30
0.0
 40
3.0
  1
GRASS
  7
OpenSans
 11
240.0
 21
1235.0
 31
0.0
100
AcDbText
  0
LWPOLYLINE
  5
181
330
17
100
AcDbEntity
  8
FRAME
100
AcDbPolyline
 90
4
 70
1
 10
240.0
 20
1184.0
 10
332.0
 20
1184.0
 10
332.0
 20
1232.0
 10
240.0
 20
1232.0
  0
HATCH
  5
182
330
17
100
AcDbEntity
  8
HATCH
 62
7
100
AcDbHatch
 10
0.0
 20
0.0
 30
0.0
210
0.0
220
0.0
230
1.0
  2
GRASS
 70
0
 71
0
 91
1
 92
3
 72
0
 73
1
 93
4
 10
240.0
 20
1184.0
 10
332.0
 20
1184.0
 10
332.0
 20
1232.0
 10
240.0
 20
1232.0
 97
0
 75
0
 76
1
 52
0.0
 41
1.0
 77
0
 78
3
 53
90.0
 43
240.0
 44
1184.0
 45
-17.96051224
 46
17.96051224
 79
2
 49
4.7625
 49
-31.15852448
 53
45.0
 43
240.0
 44
1184.0
 45
-17.9605122421
 46
17.9605122421
 79
2
 49
4.7625
 49
-20.6375
 53
135.0
 43
240.0
 44
1184.0
 45
-17.9605122421
 46
-17.9605122421
 79
2
 49
4.7625
 49
-20.6375
 98
0
  0
TEXT
  5
183
330
17
100
AcDbEntity
  8
LABEL
100
AcDbText
 10
360.0
 20
1235.0
 30
0.0
 40
3.0
  1
GRASS1
  7
OpenSans
 11
360.0
 21
1235.0
 31
0.0
100
AcDbText
  0
LWPOLYLINE
  5
184
330
17
100
AcDbEntity
  8
FRAME
100
AcDbPolyline
 90
4
 70
1
 10
360.0
 20
1184.0
 10
452.0
 20
1184.0
 10
452.0
 20
1232.0
 10
360.0
 20
1232.0
  0
HATCH
  5
185
330
17
100
AcDbEntity
  8
HATCH
 62
7
100
AcDbHatch
 10
0.0
 20
0.0
 30
0.0
210
0.0
220
0.0
230
1.0
  2
GRASS1
 70
0
 71
0
 91
1
 92
3
 72
0
 73
1
 93
4
 10
360.0
 20
1184.0
 10
452.0
 20
1184.0
 10
452.0
 20
1232.0
 10
360.0
 20
1232.0
 97
0
 75
0
 76
1
 52
0.0
 41
1.0
 77
0
 78
3
 53
90.0
 43
360.0
 44
1184.0
 45
-14.3684097899
 46
14.3684097899
 79
2
 49
3.81
 49
-24.9268196002
 53
45.0
 43
360.0
 44
1184.0
 45
-14.3684097937
 46
14.3684097937
 79
2
 49
3.81
 49
-16.51
 53
135.0
 43
360.0
 44
1184.0
 45
-14.3684097937
 46
-14.3684097937
 79
2
 49
3.81
 49
-16.51
 98
0
  0
TEXT
  5
186
330
17
100
AcDbEntity
  8
LABEL
100
AcDbText
 10
480.0
 20
1235.0
 30
0.0
 40
3.0
  1
GRASS2
  7
OpenSans
 11
480.0
 21
1235.0
 31
0.0
100
AcDbText
  0
LWPOLYLINE
  5
187
330
17
100
AcDbEntity
  8
FRAME
100
AcDbPolyline
 90
4
 70
1
 10
480.0
 20
1184.0
 10
572.0
 20
1184.0
 10
572.0
 20
1232.0
 10
480.0
 20
1232.0
  0
HATCH
  5
188
330
17
100
AcDbEntity
  8
HATCH
 62
7
100
AcDbHatch
 10
0.0
 20
0.0
 30
0.0
210
0.0
220
0.0
230
1.0
  2
GRASS2
 70
0
 71
0
 91
1
 92
3
 72
0
 73
1
 93
4
 10
480.0
 20
1184.0
 10
572.0
 20
1184.0
 10
572.0
 20
1232.0
 10
480.0
 20
1232.0
 97
0
 75
0
 76
1
 52
0.0
 41
1.0
 77
0
 78
6
 53
0.0
 43
480.0
 44
1184.0
 45
10.16
 46
17.597636189
 79
2
 49
2.54
 49
-17.78
 53
90.0
 43
481.27
 44
1184.0
 45
-10.16
 46
17.597636189
 79
2
 49
1.27
 49
-33.9252723779
 53
90.0
 43
481.5875
 44
1184.0
 45
-10.16
 46
17.597636189
 79
2
 49
1.016
 49
-34.1792723779
 53
90.0
 43
480.9525
 44
1184.0
 45
-10.16
 46
17.597636189
 79
2
 49
1.016
 49
-34.1792723779
 53
60.0
 43
481.905
 44
1184.0
 45
-10.1599999862
 46
17.5976361969
 79
2
 49
0.8128
 49
-19.5072
 53
120.0
 43
480.635
 44
1184.0
 45
-20.3199999862
 46
8e-09
 79
2
 49
0.8128
 49
-19.5072
 98
0
  0
TEXT
  5
189
330
17
100
AcDbEntity
  8
LABEL
100
AcDbText
 10
600.0
 20
1235.0
 30
0.0
 40
3.0
  1
GRATE
  7
OpenSans
 11
600.0
 21
1235.0
 31
0.0
100
AcDbText
  0
LWPOLYLINE
  5
18A
330
17
100
AcDbEntity
  8
FRAME
100
AcDbPolyline
 90
4
 70
1
 10
600.0
 20
1184.0
 10
692.0
 20
1184.0
 10
692.0
 20
1232.0
 10
600.0
 20
1232.0
  0
HATCH
  5
18B
330
17
100
AcDbEntity
  8
HATCH
 62
7
100
AcDbHatch
 10
0.0
 20
0.0
 30
0.0
210
0.0
220
0.0
230
1.0
  2
GRATE
 70
0
 71
0
 91
1
 92
3
 72
0
 73
1
 93
4
 10
600.0
 20
1184.0
 10
692.0
 20
1184.0
 10
692.0
 20
1232.0
 10
600.0
 20
1232.0
 97
0
 75
0
 76
1
 52
0.0
 41
1.0
 77
0
 78
2
 53
0.0
 43
600.0
 44
1184.0
 45
0.0
 46
0.79375
 79
0
 53
90.0
 43
600.0
 44
1184.0
 45
-3.175
 46
0.0
 79
0
 98
0
  0
TEXT
  5
18C
330
17
100
AcDbEntity
  8
LABEL
100
AcDbText
 10
0.0
 20
1323.0
 30
0.0
 40
3.0
  1
GRAVEL
  7
OpenSans
 11
0.0
 21
1323.0
 31
0.0
100
AcDbText
  0
LWPOLYLINE
  5
18D
330
17
100
AcDbEntity
  8
FRAME
100
AcDbPolyline
 90
4
 70
1
 10
0.0
 20
1272.0
 10
92.0
 20
1272.0
 10
92.0
 20
1320.0
 10
0.0
 20
1320.0
  0
HATCH
  5
18E
330
17
100
AcDbEntity
  8
HATCH
 62
7
100
AcDbHatch
 10
0.0
 20
0.0
 30
0.0
210
0.0
220
0.0
230
1.0
  2
GRAVEL
 70
0
 71
0
 91
1
 92
3
 72
0
 73
1
 93
4
 10
0.0
 20
1272.0
 10
92.0
 20
1272.0
 10
92.0
 20
1320.0
 10
0.0
 20
1320.0
 97
0
 75
0
 76
1
 52
0.0
 41
1.0
 77
0
 78
41
 53
228.0127875
 43
18.288
 44
1297.4
 45
-203.200000016
 46
-228.5999999858
 79
2
 49
3.4172144
 49
-338.3048363956
 53
184.969741
 43
16.002
 44
1294.86
 45
304.7999998794
 46
25.400001447
 79
2
 49
5.8640472
 49
-580.5404889352
 53
132.5104471
 43
10.16
 44
1294.352
 45
254.0000001073
 46
-279.3999999025
 79
2
 49
4.1348152
 49
-409.347227941
 53
267.273689
 43
0.254
 44
1288.002
 45
25.4000000532
 46
507.9999999973
 79
2
 49
5.3400452
 49
-528.6643742574
 53
292.83365418
 43
0.0
 44
1282.668
 45
-127.0000000106
 46
304.7999999956
 79
2
 49
5.236337
 49
-518.3980774534
 53
357.273689
 43
2.032
 44
1277.842
 45
-507.9999999973
 46
25.4000000532
 79
2
 49
5.3400452
 49
-528.6643742574
 53
37.69424047
 43
7.366
 44
1277.588
 45
-330.1999999854
 46
-254.000000019
 79
2
 49
7.0619366
 49
-699.1311531425
 53
72.25532837
 43
12.954
 44
1281.906
 45
177.8000000478
 46
558.7999999848
 79
2
 49
6.6671952
 49
-660.0525660191
 53
121.42956562
 43
14.986
 44
1288.256
 45
-203.2000000288
 46
330.1999999823
 79
2
 49
5.35813
 49
-530.4554569871
 53
175.2363583
 43
12.192
 44
1292.828
 45
279.399999996
 46
-25.4000000439
 79
2
 49
6.1171328
 49
-299.7393695
 53
222.3974378
 43
6.096
 44
1293.336
 45
-304.7999999902
 46
-279.4000000106
 79
2
 49
7.9107792
 49
-783.1677251218
 53
138.81407483
 43
25.4
 44
1287.748
 45
-177.7999999893
 46
152.4000000124
 79
2
 49
2.7000454
 49
-267.3056582434
 53
171.4692344
 43
23.368
 44
1289.526
 45
330.2000000089
 46
-50.7999999424
 79
2
 49
5.1368198
 49
-508.5463899704
 53
225.0
 43
18.288
 44
1290.288
 45
-0.0
 46
-25.4
 79
2
 49
3.5920934
 49
-32.3289310843
 53
203.19859051
 43
16.51
 44
1293.336
 45
127.0000000035
 46
50.7999999911
 79
2
 49
1.9344132
 49
-191.5062236889
 53
291.80140949
 43
14.732
 44
1292.574
 45
-25.4000000053
 46
76.1999999982
 79
2
 49
2.7356562
 49
-134.0475299
 53
30.96375653
 43
15.748
 44
1290.034
 45
76.2000000019
 46
50.7999999972
 79
2
 49
4.4431966
 49
-143.6629815291
 53
161.56505118
 43
19.558
 44
1292.32
 45
50.8000000013
 46
-25.3999999973
 79
2
 49
3.2128714
 49
-77.1089811683
 53
16.389540334
 43
0.0
 44
1292.574
 45
254.0
 46
76.2
 79
2
 49
4.50088
 49
-445.5882667254
 53
70.34617594
 43
4.318
 44
1293.844
 45
-101.6000000093
 46
-279.3999999967
 79
2
 49
3.7759894
 49
-373.822156782
 53
293.19859051
 43
19.558
 44
1297.4
 45
-50.7999999911
 46
127.0000000036
 79
2
 49
3.868801
 49
-189.5718358889
 53
343.61045967
 43
21.082
 44
1293.844
 45
-254.0000000053
 46
76.1999999822
 79
2
 49
4.50088
 49
-445.5882667254
 53
339.44395478
 43
0.0
 44
1276.826
 45
-127.0
 46
50.8
 79
2
 49
4.340352
 49
-212.6773431311
 53
294.7751406
 43
4.064
 44
1275.302
 45
-127.0000001512
 46
279.3999999313
 79
2
 49
3.6367212
 49
-360.0359338072
 53
66.80140949
 43
19.812
 44
1272.0
 45
50.799999992
 46
127.0000000032
 79
2
 49
3.868801
 49
-189.5718358889
 53
17.35402464
 43
21.336
 44
1275.556
 45
-330.1999999934
 46
-101.6000000213
 79
2
 49
4.2578274
 49
-421.523759802
 53
69.44395478
 43
7.366
 44
1272.0
 45
-50.8000000009
 46
-126.9999999996
 79
2
 49
2.170176
 49
-214.8475191311
 53
101.309932474
 43
18.288
 44
1272.0
 45
-25.4
 46
101.6
 79
2
 49
1.295146
 49
-128.2199496453
 53
165.963756532
 43
18.034
 44
1273.27
 45
76.2
 46
-25.4
 79
2
 49
5.236337
 49
-99.4905458907
 53
186.00900596
 43
12.954
 44
1274.54
 45
253.9999999987
 46
25.4000000133
 79
2
 49
4.85267
 49
-480.4136486334
 53
303.69006753
 43
15.748
 44
1287.748
 45
-25.4000000035
 46
50.7999999982
 79
2
 49
3.6632388
 49
-87.9177635968
 53
353.15722659
 43
17.78
 44
1284.7
 45
431.8000000027
 46
-50.7999999774
 79
2
 49
6.3955676
 49
-633.1600906503
 53
60.9453959
 43
24.13
 44
1283.938
 45
-101.6000000028
 46
-177.7999999984
 79
2
 49
2.6150824
 49
-258.8939231811
 53
90.0
 43
25.4
 44
1286.224
 45
-25.4
 46
25.4
 79
2
 49
1.524
 49
-23.876
 53
120.25643716
 43
12.446
 44
1275.302
 45
101.5999999876
 46
-177.8000000071
 79
2
 49
3.5286696
 49
-349.339407732
 53
48.0127875
 43
10.668
 44
1278.35
 45
203.2000000168
 46
228.5999999851
 79
2
 49
6.8344288
 49
-334.8876219957
 53
0.0
 43
15.24
 44
1283.43
 45
25.4
 46
25.4
 79
2
 49
6.604
 49
-18.796
 53
325.3048465
 43
21.844
 44
1283.43
 45
254.0000000962
 46
-177.7999998625
 79
2
 49
4.0160956
 49
-397.5931672414
 53
254.0546041
 43
25.146
 44
1281.144
 45
-25.3999999982
 46
-101.6000000004
 79
2
 49
3.6982908
 49
-181.2165003877
 53
207.64597536
 43
24.13
 44
1277.588
 45
-482.6000000177
 46
-253.9999999663
 79
2
 49
6.021451
 49
-596.1246442294
 53
175.42607874
 43
18.796
 44
1274.794
 45
-330.2
 46
25.4
 79
2
 49
6.3702946
 49
-630.6584645624
 98
0
  0
TEXT
  5
18F
330
17
100
AcDbEntity
  8
LABEL
100
AcDbText
 10
120.0
 20
1323.0
 30
0.0
 40
3.0
  1
GRAVEL1
  7
OpenSans
 11
120.0
 21
1323.0
 31
0.0
100
AcDbText
  0
LWPOLYLINE
  5
190
330
17
100
AcDbEntity
  8
FRAME
100
AcDbPolyline
 90
4
 70
1
 10
120.0
 20
1272.0
 10
212.0
 20
1272.0
 10
212.0
 20
1320.0
 10
120.0
 20
1320.0
  0
HATCH
  5
191
330
17
100
AcDbEntity
  8
HATCH
 62
7
100
AcDbHatch
 10
0.0
 20
0.0
 30
0.0
210
0.0
220
0.0
230
1.0
  2
GRAVEL1
 70
0
 71
0
 91
1
 92
3
 72
0
 73
1
 93
4
 10
120.0
 20
1272.0
 10
212.0
 20
1272.0
 10
212.0
 20
1320.0
 10
120.0
 20
1320.0
 97
0
 75
0
 76
1
 52
0.0
 41
1.0
 77
0
 78
41
 53
228.0128
 43
132.9600000032
 44
1289.9999999816
 45
-143.9999681763
 46
-162.000024158
 79
2
 49
2.4216479939
 49
-239.7435839968
 53
184.9697
 43
131.3399999971
 44
1288.2000000155
 45
216.0000189102
 46
17.9998435066
 79
2
 49
4.1556239824
 49
-411.4066499867
 53
132.5104
 43
127.2000000018
 44
1287.840000004
 45
179.9998329469
 46
-198.0001561228
 79
2
 49
2.9301840101
 49
-290.0885759914
 53
267.2737
 43
120.1800000058
 44
1283.3399999971
 45
17.9999283207
 46
360.0000052976
 79
2
 49
3.7842839935
 49
-374.6440439896
 53
292.8337
 43
120.0
 44
1279.5600000133
 45
-90.0001782992
 46
215.999935404
 79
2
 49
3.7107900079
 49
-367.3687139784
 53
357.2737
 43
121.4400000004
 44
1276.1399999953
 45
-360.0000052976
 46
17.9999283207
 79
2
 49
3.7842839935
 49
-374.6440439896
 53
37.6942
 43
125.2199999842
 44
1275.9599999896
 45
-234.0001322119
 46
-179.9998272812
 79
2
 49
5.0045219899
 49
-495.4472817984
 53
72.2553
 43
129.1800000194
 44
1279.019999996
 45
126.0001937207
 46
395.9999321528
 79
2
 49
4.724783987
 49
-467.7537780288
 53
121.4296
 43
130.6200000198
 44
1283.5200000029
 45
-144.0001482242
 46
233.9999106564
 79
2
 49
3.7970999953
 49
-375.9133139885
 53
175.2364
 43
128.6400000022
 44
1286.7600000151
 45
198.0000170247
 46
-17.9998475922
 79
2
 49
4.3349759986
 49
-212.4137339982
 53
222.3974
 43
124.3200000011
 44
1287.1199999809
 45
-216.0001323074
 46
-197.9998574727
 79
2
 49
5.6060640076
 49
-555.0007501944
 53
138.8141
 43
137.9999999816
 44
1283.1599999914
 45
-126.0000530418
 46
107.9999516683
 79
2
 49
1.9134179816
 49
-189.4291919867
 53
171.4692
 43
136.5599999813
 44
1284.419999986
 45
233.9999691401
 46
-36.0001423904
 79
2
 49
3.6402659935
 49
-360.3871980151
 53
225.0
 43
132.9600000032
 44
1284.9600000032
 45
-0.0
 46
-18.000005591
 79
2
 49
2.5455779975
 49
-22.9102560184
 53
203.1986
 43
131.7000000086
 44
1287.1199999809
 45
89.9999951667
 46
36.0000238407
 79
2
 49
1.3708440198
 49
-135.7130699906
 53
291.8014
 43
130.440000014
 44
1286.5800000094
 45
-17.9999983704
 46
54.0000049026
 79
2
 49
1.9386540043
 49
-94.9943160054
 53
30.9638
 43
131.1599999914
 44
1284.7799999975
 45
53.9999644169
 46
36.0000446951
 79
2
 49
3.1487219982
 49
-101.8084140155
 53
161.5651
 43
133.8599999863
 44
1286.4000000036
 45
36.0000078261
 46
-17.9999712785
 79
2
 49
2.2768379863
 49
-54.644165987
 53
16.3895
 43
120.0
 44
1286.5800000094
 45
180.0000395482
 46
53.999868792
 79
2
 49
3.1896000216
 49
-315.7712100108
 53
70.3462
 43
123.0600000065
 44
1287.4799999924
 45
-71.9999144577
 46
-198.0000384368
 79
2
 49
2.6758980112
 49
-264.913343995
 53
293.1986
 43
133.8599999863
 44
1289.9999999816
 45
-36.0000238407
 46
89.9999951667
 79
2
 49
2.7416699802
 49
-134.3422439845
 53
343.6105
 43
134.9400000209
 44
1287.4799999924
 45
-180.0000395482
 46
53.999868792
 79
2
 49
3.1896000216
 49
-315.7712100108
 53
339.444
 43
120.0
 44
1275.420000018
 45
-90.000033183
 46
35.9999279355
 79
2
 49
3.0758400205
 49
-150.7162320086
 53
294.7751
 43
122.8800000007
 44
1274.3399999834
 45
-89.9998594132
 46
198.0000615975
 79
2
 49
2.5772039845
 49
-255.1435739892
 53
66.8014
 43
134.0399999921
 44
1272.0
 45
36.0000238407
 46
89.9999951667
 79
2
 49
2.7416699802
 49
-134.3422439845
 53
17.354
 43
135.1199999809
 44
1274.5199999892
 45
-234.0000363497
 46
-71.9999010651
 79
2
 49
3.017358014
 49
-298.7176319971
 53
69.444
 43
125.2199999842
 44
1272.0
 45
-35.9999279355
 46
-90.000033183
 79
2
 49
1.5379199874
 49
-152.254151996
 53
101.3099
 43
132.9600000032
 44
1272.0
 45
-17.9999573944
 46
72.0000135294
 79
2
 49
0.9178199932
 49
-90.8645219942
 53
165.9638
 43
132.7799999975
 44
1272.8999999831
 45
54.0000098409
 46
-17.9999650276
 79
2
 49
3.7107900079
 49
-70.5050999903
 53
186.009
 43
129.1800000194
 44
1273.8000000119
 45
179.9999954963
 46
17.9999876948
 79
2
 49
3.4388999802
 49
-340.4506140022
 53
303.6901
 43
131.1599999914
 44
1283.1599999914
 45
-18.0000240412
 46
35.9999920382
 79
2
 49
2.5959960018
 49
-62.3039220112
 53
353.1572
 43
132.5999999917
 44
1281.0000000137
 45
305.9999885795
 46
-36.0001439522
 79
2
 49
4.5322919971
 49
-448.6961339953
 53
60.9454
 43
137.0999999986
 44
1280.4599999964
 45
-72.0000005012
 46
-126.0000069224
 79
2
 49
1.8532079878
 49
-183.4681320216
 53
90.0
 43
137.9999999816
 44
1282.0800000025
 45
-17.9999999816
 46
17.9999999816
 79
2
 49
1.0799999888
 49
-16.9199999928
 53
120.2564
 43
128.8200000079
 44
1274.3399999834
 45
71.9999079614
 46
-126.0000441964
 79
2
 49
2.5006319914
 49
-247.5633600209
 53
48.0128
 43
127.5600000133
 44
1276.5000000068
 45
143.9999681763
 46
162.000024158
 79
2
 49
4.8432959878
 49
-237.3219360029
 53
0.0
 43
130.7999999798
 44
1280.0999999849
 45
17.9999999816
 46
17.9999999816
 79
2
 49
4.6800000126
 49
-13.3200000148
 53
325.3048
 43
135.4799999924
 44
1280.0999999849
 45
-179.9998966718
 46
126.0001549797
 79
2
 49
2.8460519863
 49
-281.7589319903
 53
254.0546
 43
137.8200000216
 44
1278.4799999788
 45
-17.9999980057
 46
-72.0000022974
 79
2
 49
2.6208359978
 49
-128.4211439852
 53
207.646
 43
137.0999999986
 44
1275.9599999896
 45
-341.999924501
 46
-180.0001388421
 79
2
 49
4.2671699924
 49
-422.4505320137
 53
175.4261
 43
133.320007142
 44
1273.980001628
 45
-233.9997863523
 46
17.9999001623
 79
2
 49
4.51438391
 49
-446.9228933
 98
0
  0
TEXT
  5
192
330
17
100
AcDbEntity
  8
LABEL
100
AcDbText
 10
240.0
 20
1323.0
 30
0.0
 40
3.0
  1
GRID
  7
OpenSans
 11
240.0
 21
1323.0
 31
0.0
100
AcDbText
  0
LWPOLYLINE
  5
193
330
17
100
AcDbEntity
  8
FRAME
100
AcDbPolyline
 90
4
 70
1
 10
240.0
 20
1272.0
 10
332.0
 20
1272.0
 10
332.0
 20
1320.0
 10
240.0
 20
1320.0
  0
HATCH
  5
194
330
17
100
AcDbEntity
  8
HATCH
 62
7
100
AcDbHatch
 10
0.0
 20
0.0
 30
0.0
210
0.0
220
0.0
230
1.0
  2
GRID
 70
0
 71
0
 91
1
 92
3
 72
0
 73
1
 93
4
 10
240.0
 20
1272.0
 10
332.0
 20
1272.0
 10
332.0
 20
1320.0
 10
240.0
 20
1320.0
 97
0
 75
0
 76
1
 52
0.0
 41
1.0
 77
0
 78
2
 53
0.0
 43
240.0
 44
1272.0
 45
0.0
 46
25.4
 79
0
 53
90.0
 43
240.0
 44
1272.0
 45
-25.4
 46
0.0
 79
0
 98
0
  0
TEXT
  5
195
330
17
100
AcDbEntity
  8
LABEL
100
AcDbText
 10
360.0
 20
1323.0
 30
0.0
 40
3.0
  1
GROUT
  7
OpenSans
 11
360.0
 21
1323.0
 31
0.0
100
AcDbText
  0
LWPOLYLINE
  5
196
330
17
100
AcDbEntity
  8
FRAME
100
AcDbPolyline
 90
4
 70
1
 10
360.0
 20
1272.0
 10
452.0
 20
1272.0
 10
452.0
 20
1320.0
 10
360.0
 20
1320.0
  0
HATCH
  5
197
330
17
100
AcDbEntity
  8
HATCH
 62
7
100
AcDbHatch
 10
0.0
 20
0.0
 30
0.0
210
0.0
220
0.0
230
1.0
  2
GROUT
 70
0
 71
0
 91
1
 92
3
 72
0
 73
1
 93
4
 10
360.0
 20
1272.0
 10
452.0
 20
1272.0
 10
452.0
 20
1320.0
 10
360.0
 20
1320.0
 97
0
 75
0
 76
1
 52
0.0
 41
1.0
 77
0
 78
8
 53
0.0
 43
365.08
 44
1274.54
 45
1.27
 46
10.16
 79
2
 49
1.27
 49
-8.89
 53
0.0
 43
366.35
 44
1278.35
 45
0.0
 46
10.16
 79
2
 49
0.0
 49
-10.16
 53
0.0
 43
362.54
 44
1274.54
 45
3.81
 46
10.16
 79
2
 49
0.0
 49
-10.16
 53
0.0
 43
362.54
 44
1282.16
 45
10.16
 46
10.16
 79
2
 49
2.54
 49
-17.78
 53
0.0
 43
370.16
 44
1275.81
 45
0.0
 46
10.16
 79
2
 49
0.0
 49
-10.16
 53
0.0
 43
367.62
 44
1274.54
 45
2.54
 46
10.16
 79
2
 49
0.0
 49
-10.16
 53
0.0
 43
368.89
 44
1275.81
 45
0.0
 46
10.16
 79
2
 49
0.0
 49
-10.16
 53
0.0
 43
363.81
 44
1282.16
 45
0.0
 46
10.16
 79
2
 49
0.0
 49
-10.16
 98
0
  0
TEXT
  5
198
330
17
100
AcDbEntity
  8
LABEL
100
AcDbText
 10
480.0
 20
1323.0
 30
0.0
 40
3.0
  1
HERRING_45
  7
OpenSans
 11
480.0
 21
1323.0
 31
0.0
100
AcDbText
  0
LWPOLYLINE
  5
199
330
17
100
AcDbEntity
  8
FRAME
100
AcDbPolyline
 90
4
 70
1
 10
480.0
 20
1272.0
 10
572.0
 20
1272.0
 10
572.0
 20
1320.0
 10
480.0
 20
1320.0
  0
HATCH
  5
19A
330
17
100
AcDbEntity
  8
HATCH
 62
7
100
AcDbHatch
 10
0.0
 20
0.0
 30
0.0
210
0.0
220
0.0
230
1.0
  2
HERRING_45
 70
0
 71
0
 91
1
 92
3
 72
0
 73
1
 93
4
 10
480.0
 20
1272.0
 10
572.0
 20
1272.0
 10
572.0
 20
1320.0
 10
480.0
 20
1320.0
 97
0
 75
0
 76
1
 52
0.0
 41
1.0
 77
0
 78
2
 53
0.0
 43
480.0
 44
1272.0
 45
25.4
 46
25.4
 79
2
 49
76.2
 49
-25.4
 53
90.0
 43
505.4
 44
1272.0
 45
-25.4
 46
-25.4
 79
2
 49
76.2
 49
-25.4
 98
0
  0
TEXT
  5
19B
330
17
100
AcDbEntity
  8
LABEL
100
AcDbText
 10
600.0
 20
1323.0
 30
0.0
 40
3.0
  1
HERRING_H
  7
OpenSans
 11
600.0
 21
1323.0
 31
0.0
100
AcDbText
  0
LWPOLYLINE
  5
19C
330
17
100
AcDbEntity
  8
FRAME
100
AcDbPolyline
 90
4
 70
1
 10
600.0
 20
1272.0
 10
692.0
 20
1272.0
 10
692.0
 20
1320.0
 10
600.0
 20
1320.0
  0
HATCH
  5
19D
330
17
100
AcDbEntity
  8
HATCH
 62
7
100
AcDbHatch
 10
0.0
 20
0.0
 30
0.0
210
0.0
220
0.0
230
1.0
  2
HERRING_H
 70
0
 71
0
 91
1
 92
3
 72
0
 73
1
 93
4
 10
600.0
 20
1272.0
 10
692.0
 20
1272.0
 10
692.0
 20
1320.0
 10
600.0
 20
1320.0
 97
0
 75
0
 76
1
 52
0.0
 41
1.0
 77
0
 78
3
 53
0.0
 43
600.0
 44
1272.0
 45
0.0
 46
20.32
 79
0
 53
315.0
 43
600.0
 44
1272.0
 45
20.3199999946
 46
-0.0
 79
2
 49
28.7368196002
 49
-28.7368196002
 53
45.0
 43
600.0
 44
1272.0
 45
20.3199999946
 46
0.0
 79
2
 49
28.7368196002
 49
-28.7368196002
 98
0
  0
TEXT
  5
19E
330
17
100
AcDbEntity
  8
LABEL
100
AcDbText
 10
0.0
 20
1411.0
 30
0.0
 40
3.0
  1
HERRING_UNI
  7
OpenSans
 11
0.0
 21
1411.0
 31
0.0
100
AcDbText
  0
LWPOLYLINE
  5
19F
330
17
100
AcDbEntity
  8
FRAME
100
AcDbPolyline
 90
4
 70
1
 10
0.0
 20
1360.0
 10
92.0
 20
1360.0
 10
92.0
 20
1408.0
 10
0.0
 20
1408.0
  0
HATCH
  5
1A0
330
17
100
AcDbEntity
  8
HATCH
 62
7
100
AcDbHatch
 10
0.0
 20
0.0
 30
0.0
210
0.0
220
0.0
230
1.0
  2
HERRING_UNI
 70
0
 71
0
 91
1
 92
3
 72
0
 73
1
 93
4
 10
0.0
 20
1360.0
 10
92.0
 20
1360.0
 10
92.0
 20
1408.0
 10
0.0
 20
1408.0
 97
0
 75
0
 76
1
 52
0.0
 41
1.0
 77
0
 78
13
 53
18.435
 43
0.0
 44
1360.0
 45
25.1005565075
 46
25.1006013476
 79
4
 49
7.9375
 49
-63.5
 49
15.875
 49
-71.4375
 53
18.435
 43
17.5703865
 44
1357.489972
 45
25.1005565075
 46
25.1006013476
 79
4
 49
15.875
 49
-63.5
 49
7.9375
 49
-71.4375
 53
108.435
 43
2.510028
 44
1352.4698525
 45
25.1005565075
 46
25.1006013476
 79
4
 49
15.875
 49
-63.5
 49
15.875
 49
-63.5
 53
108.435
 43
2.510028
 44
1377.5703865
 45
25.1005565075
 46
25.1006013476
 79
4
 49
15.875
 49
-63.5
 49
15.875
 49
-63.5
 53
108.435
 43
25.100534
 44
1360.0
 45
25.1005565075
 46
25.1006013476
 79
2
 49
7.9375
 49
-71.4375
 53
108.435
 43
-22.5905695
 44
1377.5703865
 45
25.1005565075
 46
25.1006013476
 79
2
 49
7.9375
 49
-71.4375
 53
333.435
 43
7.5301729
 44
1362.5100661
 45
25.1005713744
 46
25.1005878164
 79
4
 49
11.2253395
 49
-101.02788405
 49
11.2253395
 49
-101.02788405
 53
333.435
 43
-42.6710094
 44
1387.6106001
 45
25.1005713744
 46
25.1005878164
 79
2
 49
11.22532045
 49
-213.2810822
 53
333.435
 43
32.630745
 44
1362.51008515
 45
25.1005713744
 46
25.1005878164
 79
4
 49
11.2253395
 49
-44.93962818
 49
11.2253395
 49
-157.15447995
 53
333.435
 43
-17.57043095
 44
1387.61061915
 45
25.1005713744
 46
25.1005878164
 79
2
 49
11.22532045
 49
-213.2810822
 53
333.435
 43
57.7313425
 44
1362.5100915
 45
25.1005713744
 46
25.1005878164
 79
4
 49
11.2253395
 49
-101.02788405
 49
11.2253395
 49
-101.02788405
 53
333.435
 43
107.9325121
 44
1337.40957655
 45
25.1005713744
 46
25.1005878164
 79
2
 49
11.22532045
 49
-213.2810822
 53
63.435
 43
-2.510155
 44
1367.530465
 45
-25.1007417629
 46
-25.1005026224
 79
6
 49
11.22553
 49
-44.90085
 49
11.22553
 49
-101.0285
 49
11.22553
 49
-44.90085
 98
0
  0
TEXT
  5
1A1
330
17
100
AcDbEntity
  8
LABEL
100
AcDbText
 10
120.0
 20
1411.0
 30
0.0
 40
3.0
  1
HERRING_V
  7
OpenSans
 11
120.0
 21
1411.0
 31
0.0
100
AcDbText
  0
LWPOLYLINE
  5
1A2
330
17
100
AcDbEntity
  8
FRAME
100
AcDbPolyline
 90
4
 70
1
 10
120.0
 20
1360.0
 10
212.0
 20
1360.0
 10
212.0
 20
1408.0
 10
120.0
 20
1408.0
  0
HATCH
  5
1A3
330
17
100
AcDbEntity
  8
HATCH
 62
7
100
AcDbHatch
 10
0.0
 20
0.0
 30
0.0
210
0.0
220
0.0
230
1.0
  2
HERRING_V
 70
0
 71
0
 91
1
 92
3
 72
0
 73
1
 93
4
 10
120.0
 20
1360.0
 10
212.0
 20
1360.0
 10
212.0
 20
1408.0
 10
120.0
 20
1408.0
 97
0
 75
0
 76
1
 52
0.0
 41
1.0
 77
0
 78
2
 53
45.0
 43
120.0
 44
1360.0
 45
0.0
 46
35.9210244843
 79
2
 49
76.2
 49
-25.4
 53
135.0
 43
137.9605122437
 44
1377.9605122437
 45
0.0
 46
35.9210244843
 79
2
 49
76.2
 49
-25.4
 98
0
  0
TEXT
  5
1A4
330
17
100
AcDbEntity
  8
LABEL
100
AcDbText
 10
240.0
 20
1411.0
 30
0.0
 40
3.0
  1
HEX
  7
OpenSans
 11
240.0
 21
1411.0
 31
0.0
100
AcDbText
  0
LWPOLYLINE
  5
1A5
330
17
100
AcDbEntity
  8
FRAME
100
AcDbPolyline
 90
4
 70
1
 10
240.0
 20
1360.0
 10
332.0
 20
1360.0
 10
332.0
 20
1408.0
 10
240.0
 20
1408.0
  0
HATCH
  5
1A6
330
17
100
AcDbEntity
  8
HATCH
 62
7
100
AcDbHatch
 10
0.0
 20
0.0
 30
0.0
210
0.0
220
0.0
230
1.0
  2
HEX
 70
0
 71
0
 91
1
 92
3
 72
0
 73
1
 93
4
 10
240.0
 20
1360.0
 10
332.0
 20
1360.0
 10
332.0
 20
1408.0
 10
240.0
 20
1408.0
 97
0
 75
0
 76
1
 52
0.0
 41
1.0
 77
0
 78
3
 53
0.0
 43
240.0
 44
1360.0
 45
0.0
 46
5.4992613154
 79
2
 49
3.175
 49
-6.35
 53
120.0
 43
240.0
 44
1360.0
 45
-4.7625000012
 46
-2.7496306577
 79
2
 49
3.175
 49
-6.35
 53
60.0
 43
243.175
 44
1360.0
 45
-4.7625000012
 46
2.7496306577
 79
2
 49
3.175
 49
-6.35
 98
0
  0
TEXT
  5
1A7
330
17
100
AcDbEntity
  8
LABEL
100
AcDbText
 10
360.0
 20
1411.0
 30
0.0
 40
3.0
  1
HEXAGONS
  7
OpenSans
 11
360.0
 21
1411.0
 31
0.0
100
AcDbText
  0
LWPOLYLINE
  5
1A8
330
17
100
AcDbEntity
  8
FRAME
100
AcDbPolyline
 90
4
 70
1
 10
360.0
 20
1360.0
 10
452.0
 20
1360.0
 10
452.0
 20
1408.0
 10
360.0
 20
1408.0
  0
HATCH
  5
1A9
330
17
100
AcDbEntity
  8
HATCH
 62
7
100
AcDbHatch
 10
0.0
 20
0.0
 30
0.0
210
0.0
220
0.0
230
1.0
  2
HEXAGONS
 70
0
 71
0
 91
1
 92
3
 72
0
 73
1
 93
4
 10
360.0
 20
1360.0
 10
452.0
 20
1360.0
 10
452.0
 20
1408.0
 10
360.0
 20
1408.0
 97
0
 75
0
 76
1
 52
0.0
 41
1.0
 77
0
 78
3
 53
0.0
 43
360.0
 44
1360.0
 45
0.0
 46
6.5991135785
 79
2
 49
3.81
 49
-7.62
 53
120.0
 43
360.0
 44
1360.0
 45
-5.7150000014
 46
-3.2995567892
 79
2
 49
3.81
 49
-7.62
 53
60.0
 43
363.81
 44
1360.0
 45
-5.7150000014
 46
3.2995567892
 79
2
 49
3.81
 49
-7.62
 98
0
  0
TEXT
  5
1AA
330
17
100
AcDbEntity
  8
LABEL
100
AcDbText
 10
480.0
 20
1411.0
 30
0.0
 40
3.0
  1
HONEY
  7
OpenSans
 11
480.0
 21
1411.0
 31
0.0
100
AcDbText
  0
LWPOLYLINE
  5
1AB
330
17
100
AcDbEntity
  8
FRAME
100
AcDbPolyline
 90
4
 70
1
 10
480.0
 20
1360.0
 10
572.0
 20
1360.0
 10
572.0
 20
1408.0
 10
480.0
 20
1408.0
  0
HATCH
  5
1AC
330
17
100
AcDbEntity
  8
HATCH
 62
7
100
AcDbHatch
 10
0.0
 20
0.0
 30
0.0
210
0.0
220
0.0
230
1.0
  2
HONEY
 70
0
 71
0
 91
1
 92
3
 72
0
 73
1
 93
4
 10
480.0
 20
1360.0
 10
572.0
 20
1360.0
 10
572.0
 20
1408.0
 10
480.0
 20
1408.0
 97
0
 75
0
 76
1
 52
0.0
 41
1.0
 77
0
 78
3
 53
0.0
 43
480.0
 44
1360.0
 45
4.7625
 46
2.749630645
 79
2
 49
3.175
 49
-6.35
 53
120.0
 43
480.0
 44
1360.0
 45
-4.7624999896
 46
2.749630663
 79
2
 49
3.175
 49
-6.35
 53
60.0
 43
480.0
 44
1360.0
 45
1.04e-08
 46
5.499261308
 79
2
 49
-6.35
 49
3.175
 98
0
  0
TEXT
  5
1AD
330
17
100
AcDbEntity
  8
LABEL
100
AcDbText
 10
600.0
 20
1411.0
 30
0.0
 40
3.0
  1
HONEYCOMB
  7
OpenSans
 11
600.0
 21
1411.0
 31
0.0
100
AcDbText
  0
LWPOLYLINE
  5
1AE
330
17
100
AcDbEntity
  8
FRAME
100
AcDbPolyline
 90
4
 70
1
 10
600.0
 20
1360.0
 10
692.0
 20
1360.0
 10
692.0
 20
1408.0
 10
600.0
 20
1408.0
  0
HATCH
  5
1AF
330
17
100
AcDbEntity
  8
HATCH
 62
7
100
AcDbHatch
 10
0.0
 20
0.0
 30
0.0
210
0.0
220
0.0
230
1.0
  2
HONEYCOMB
 70
0
 71
0
 91
1
 92
3
 72
0
 73
1
 93
4
 10
600.0
 20
1360.0
 10
692.0
 20
1360.0
 10
692.0
 20
1408.0
 10
600.0
 20
1408.0
 97
0
 75
0
 76
1
 52
0.0
 41
1.0
 77
0
 78
3
 53
0.0
 43
600.0
 44
1360.0
 45
5.715
 46
3.299556774
 79
2
 49
3.81
 49
-7.62
 53
120.0
 43
600.0
 44
1360.0
 45
-5.7149999875
 46
3.2995567956
 79
2
 49
3.81
 49
-7.62
 53
60.0
 43
600.0
 44
1360.0
 45
1.25e-08
 46
6.5991135696
 79
2
 49
-7.62
 49
3.81
 98
0
  0
TEXT
  5
1B0
330
17
100
AcDbEntity
  8
LABEL
100
AcDbText
 10
0.0
 20
1499.0
 30
0.0
 40
3.0
  1
HOUND
  7
OpenSans
 11
0.0
 21
1499.0
 31
0.0
100
AcDbText
  0
LWPOLYLINE
  5
1B1
330
17
100
AcDbEntity
  8
FRAME
100
AcDbPolyline
 90
4
 70
1
 10
0.0
 20
1448.0
 10
92.0
 20
1448.0
 10
92.0
 20
1496.0
 10
0.0
 20
1496.0
  0
HATCH
  5
1B2
330
17
100
AcDbEntity
  8
HATCH
 62
7
100
AcDbHatch
 10
0.0
 20
0.0
 30
0.0
210
0.0
220
0.0
230
1.0
  2
HOUND
 70
0
 71
0
 91
1
 92
3
 72
0
 73
1
 93
4
 10
0.0
 20
1448.0
 10
92.0
 20
1448.0
 10
92.0
 20
1496.0
 10
0.0
 20
1496.0
 97
0
 75
0
 76
1
 52
0.0
 41
1.0
 77
0
 78
2
 53
0.0
 43
0.0
 44
1448.0
 45
6.35
 46
1.5875
 79
2
 49
25.4
 49
-12.7
 53
90.0
 43
0.0
 44
1448.0
 45
-1.5875
 46
-6.35
 79
2
 49
25.4
 49
-12.7
 98
0
  0
TEXT
  5
1B3
330
17
100
AcDbEntity
  8
LABEL
100
AcDbText
 10
120.0
 20
1499.0
 30
0.0
 40
3.0
  1
INSUL
  7
OpenSans
 11
120.0
 21
1499.0
 31
0.0
100
AcDbText
  0
LWPOLYLINE
  5
1B4
330
17
100
AcDbEntity
  8
FRAME
100
AcDbPolyline
 90
4
 70
1
 10
120.0
 20
1448.0
 10
212.0
 20
1448.0
 10
212.0
 20
1496.0
 10
120.0
 20
1496.0
  0
HATCH
  5
1B5
330
17
100
AcDbEntity
  8
HATCH
 62
7
100
AcDbHatch
 10
0.0
 20
0.0
 30
0.0
210
0.0
220
0.0
230
1.0
  2
INSUL
 70
0
 71
0
 91
1
 92
3
 72
0
 73
1
 93
4
 10
120.0
 20
1448.0
 10
212.0
 20
1448.0
 10
212.0
 20
1496.0
 10
120.0
 20
1496.0
 97
0
 75
0
 76
1
 52
0.0
 41
1.0
 77
0
 78
3
 53
0.0
 43
120.0
 44
1448.0
 45
0.0
 46
9.525
 79
0
 53
0.0
 43
120.0
 44
1451.175
 45
0.0
 46
9.525
 79
2
 49
3.175
 49
-3.175
 53
0.0
 43
120.0
 44
1454.35
 45
0.0
 46
9.525
 79
2
 49
3.175
 49
-3.175
 98
0
  0
TEXT
  5
1B6
330
17
100
AcDbEntity
  8
LABEL
100
AcDbText
 10
240.0
 20
1499.0
 30
0.0
 40
3.0
  1
INSULATION
  7
OpenSans
 11
240.0
 21
1499.0
 31
0.0
100
AcDbText
  0
LWPOLYLINE
  5
1B7
330
17
100
AcDbEntity
  8
FRAME
100
AcDbPolyline
 90
4
 70
1
 10
240.0
 20
1448.0
 10
332.0
 20
1448.0
 10
332.0
 20
1496.0
 10
240.0
 20
1496.0
  0
HATCH
  5
1B8
330
17
100
AcDbEntity
  8
HATCH
 62
7
100
AcDbHatch
 10
0.0
 20
0.0
 30
0.0
210
0.0
220
0.0
230
1.0
  2
INSULATION
 70
0
 71
0
 91
1
 92
3
 72
0
 73
1
 93
4
 10
240.0
 20
1448.0
 10
332.0
 20
1448.0
 10
332.0
 20
1496.0
 10
240.0
 20
1496.0
 97
0
 75
0
 76
1
 52
0.0
 41
1.0
 77
0
 78
2
 53
45.0
 43
240.0
 44
1448.0
 45
-2.5144717139
 46
2.5144717139
 79
0
 53
135.0
 43
240.0
 44
1448.0
 45
-2.5144717139
 46
-2.5144717139
 79
0
 98
0
  0
TEXT
  5
1B9
330
17
100
AcDbEntity
  8
LABEL
100
AcDbText
 10
360.0
 20
1499.0
 30
0.0
 40
3.0
  1
ISO02W100
  7
OpenSans
 11
360.0
 21
1499.0
 31
0.0
100
AcDbText
  0
LWPOLYLINE
  5
1BA
330
17
100
AcDbEntity
  8
FRAME
100
AcDbPolyline
 90
4
 70
1
 10
360.0
 20
1448.0
 10
452.0
 20
1448.0
 10
452.0
 20
1496.0
 10
360.0
 20
1496.0
  0
HATCH
  5
1BB
330
17
100
AcDbEntity
  8
HATCH
 62
7
100
AcDbHatch
 10
0.0
 20
0.0
 30
0.0
210
0.0
220
0.0
230
1.0
  2
ISO02W100
 70
0
 71
0
 91
1
 92
3
 72
0
 73
1
 93
4
 10
360.0
 20
1448.0
 10
452.0
 20
1448.0
 10
452.0
 20
1496.0
 10
360.0
 20
1496.0
 97
0
 75
0
 76
1
 52
0.0
 41
1.0
 77
0
 78
1
 53
0.0
 43
360.0
 44
1448.0
 45
0.0
 46
5.0
 79
2
 49
12.0
 49
-3.0
 98
0
  0
TEXT
  5
1BC
330
17
100
AcDbEntity
  8
LABEL
100
AcDbText
 10
480.0
 20
1499.0
 30
0.0
 40
3.0
  1
ISO03W100
  7
OpenSans
 11
480.0
 21
1499.0
 31
0.0
100
AcDbText
  0
LWPOLYLINE
  5
1BD
330
17
100
AcDbEntity
  8
FRAME
100
AcDbPolyline
 90
4
 70
1
 10
480.0
 20
1448.0
 10
572.0
 20
1448.0
 10
572.0
 20
1496.0
 10
480.0
 20
1496.0
  0
HATCH
  5
1BE
330
17
100
AcDbEntity
  8
HATCH
 62
7
100
AcDbHatch
 10
0.0
 20
0.0
 30
0.0
210
0.0
220
0.0
230
1.0
  2
ISO03W100
 70
0
 71
0
 91
1
 92
3
 72
0
 73
1
 93
4
 10
480.0
 20
1448.0
 10
572.0
 20
1448.0
 10
572.0
 20
1496.0
 10
480.0
 20
1496.0
 97
0
 75
0
 76
1
 52
0.0
 41
1.0
 77
0
 78
1
 53
0.0
 43
480.0
 44
1448.0
 45
0.0
 46
5.0
 79
2
 49
12.0
 49
-18.0
 98
0
  0
TEXT
  5
1BF
330
17
100
AcDbEntity
  8
LABEL
100
AcDbText
 10
600.0
 20
1499.0
 30
0.0
 40
3.0
  1
ISO04W100
  7
OpenSans
 11
600.0
 21
1499.0
 31
0.0
100
AcDbText
  0
LWPOLYLINE
  5
1C0
330
17
100
AcDbEntity
  8
FRAME
100
AcDbPolyline
 90
4
 70
1
 10
600.0
 20
1448.0
 10
692.0
 20
1448.0
 10
692.0
 20
1496.0
 10
600.0
 20
1496.0
  0
HATCH
  5
1C1
330
17
100
AcDbEntity
  8
HATCH
 62
7
100
AcDbHatch
 10
0.0
 20
0.0
 30
0.0
210
0.0
220
0.0
230
1.0
  2
ISO04W100
 70
0
 71
0
 91
1
 92
3
 72
0
 73
1
 93
4
 10
600.0
 20
1448.0
 10
692.0
 20
1448.0
 10
692.0
 20
1496.0
 10
600.0
 20
1496.0
 97
0
 75
0
 76
1
 52
0.0
 41
1.0
 77
0
 78
1
 53
0.0
 43
600.0
 44
1448.0
 45
0.0
 46
5.0
 79
4
 49
24.0
 49
-3.0
 49
0.5
 49
-3.0
 98
0
  0
TEXT
  5
1C2
330
17
100
AcDbEntity
  8
LABEL
100
AcDbText
 10
0.0
 20
1587.0
 30
0.0
 40
3.0
  1
ISO05W100
  7
OpenSans
 11
0.0
 21
1587.0
 31
0.0
100
AcDbText
  0
LWPOLYLINE
  5
1C3
330
17
100
AcDbEntity
  8
FRAME
100
AcDbPolyline
 90
4
 70
1
 10
0.0
 20
1536.0
 10
92.0
 20
1536.0
 10
92.0
 20
1584.0
 10
0.0
 20
1584.0
  0
HATCH
  5
1C4
330
17
100
AcDbEntity
  8
HATCH
 62
7
100
AcDbHatch
 10
0.0
 20
0.0
 30
0.0
210
0.0
220
0.0
230
1.0
  2
ISO05W100
 70
0
 71
0
 91
1
 92
3
 72
0
 73
1
 93
4
 10
0.0
 20
1536.0
 10
92.0
 20
1536.0
 10
92.0
 20
1584.0
 10
0.0
 20
1584.0
 97
0
 75
0
 76
1
 52
0.0
 41
1.0
 77
0
 78
1
 53
0.0
 43
0.0
 44
1536.0
 45
0.0
 46
5.0
 79
6
 49
24.0
 49
-3.0
 49
0.5
 49
-3.0
 49
0.5
 49
-3.0
 98
0
  0
TEXT
  5
1C5
330
17
100
AcDbEntity
  8
LABEL
100
AcDbText
 10
120.0
 20
1587.0
 30
0.0
 40
3.0
  1
ISO06W100
  7
OpenSans
 11
120.0
 21
1587.0
 31
0.0
100
AcDbText
  0
LWPOLYLINE
  5
1C6
330
17
100
AcDbEntity
  8
FRAME
100
AcDbPolyline
 90
4
 70
1
 10
120.0
 20
1536.0
 10
212.0
 20
1536.0
 10
212.0
 20
1584.0
 10
120.0
 20
1584.0
  0
HATCH
  5
1C7
330
17
100
AcDbEntity
  8
HATCH
 62
7
100
AcDbHatch
 10
0.0
 20
0.0
 30
0.0
210
0.0
220
0.0
230
1.0
  2
ISO06W100
 70
0
 71
0
 91
1
 92
3
 72
0
 73
1
 93
4
 10
120.0
 20
1536.0
 10
212.0
 20
1536.0
 10
212.0
 20
1584.0
 10
120.0
 20
1584.0
 97
0
 75
0
 76
1
 52
0.0
 41
1.0
 77
0
 78
2
 53
0.0
 43
120.0
 44
1536.0
 45
0.0
 46
5.0
 79
6
 49
24.0
 49
-3.0
 49
0.5
 49
-3.0
 49
0.5
 49
-6.5
 53
0.0
 43
120.0
 44
1536.0
 45
0.0
 46
5.0
 79
3
 49
-34.0
 49
0.5
 49
-3.0
 98
0
  0
TEXT
  5
1C8
330
17
100
AcDbEntity
  8
LABEL
100
AcDbText
 10
240.0
 20
1587.0
 30
0.0
 40
3.0
  1
ISO07W100
  7
OpenSans
 11
240.0
 21
1587.0
 31
0.0
100
AcDbText
  0
LWPOLYLINE
  5
1C9
330
17
100
AcDbEntity
  8
FRAME
100
AcDbPolyline
 90
4
 70
1
 10
240.0
 20
1536.0
 10
332.0
 20
1536.0
 10
332.0
 20
1584.0
 10
240.0
 20
1584.0
  0
HATCH
  5
1CA
330
17
100
AcDbEntity
  8
HATCH
 62
7
100
AcDbHatch
 10
0.0
 20
0.0
 30
0.0
210
0.0
220
0.0
230
1.0
  2
ISO07W100
 70
0
 71
0
 91
1
 92
3
 72
0
 73
1
 93
4
 10
240.0
 20
1536.0
 10
332.0
 20
1536.0
 10
332.0
 20
1584.0
 10
240.0
 20
1584.0
 97
0
 75
0
 76
1
 52
0.0
 41
1.0
 77
0
 78
1
 53
0.0
 43
240.0
 44
1536.0
 45
0.0
 46
5.0
 79
2
 49
0.5
 49
-3.0
 98
0
  0
TEXT
  5
1CB
330
17
100
AcDbEntity
  8
LABEL
100
AcDbText
 10
360.0
 20
1587.0
 30
0.0
 40
3.0
  1
ISO08W100
  7
OpenSans
 11
360.0
 21
1587.0
 31
0.0
100
AcDbText
  0
LWPOLYLINE
  5
1CC
330
17
100
AcDbEntity
  8
FRAME
100
AcDbPolyline
 90
4
 70
1
 10
360.0
 20
1536.0
 10
452.0
 20
1536.0
 10
452.0
 20
1584.0
 10
360.0
 20
1584.0
  0
HATCH
  5
1CD
330
17
100
AcDbEntity
  8
HATCH
 62
7
100
AcDbHatch
 10
0.0
 20
0.0
 30
0.0
210
0.0
220
0.0
230
1.0
  2
ISO08W100
 70
0
 71
0
 91
1
 92
3
 72
0
 73
1
 93
4
 10
360.0
 20
1536.0
 10
452.0
 20
1536.0
 10
452.0
 20
1584.0
 10
360.0
 20
1584.0
 97
0
 75
0
 76
1
 52
0.0
 41
1.0
 77
0
 78
1
 53
0.0
 43
360.0
 44
1536.0
 45
0.0
 46
5.0
 79
4
 49
24.0
 49
-3.0
 49
6.0
 49
-3.0
 98
0
  0
TEXT
  5
1CE
330
17
100
AcDbEntity
  8
LABEL
100
AcDbText
 10
480.0
 20
1587.0
 30
0.0
 40
3.0
  1
ISO09W100
  7
OpenSans
 11
480.0
 21
1587.0
 31
0.0
100
AcDbText
  0
LWPOLYLINE
  5
1CF
330
17
100
AcDbEntity
  8
FRAME
100
AcDbPolyline
 90
4
 70
1
 10
480.0
 20
1536.0
 10
572.0
 20
1536.0
 10
572.0
 20
1584.0
 10
480.0
 20
1584.0
  0
HATCH
  5
1D0
330
17
100
AcDbEntity
  8
HATCH
 62
7
100
AcDbHatch
 10
0.0
 20
0.0
 30
0.0
210
0.0
220
0.0
230
1.0
  2
ISO09W100
 70
0
 71
0
 91
1
 92
3
 72
0
 73
1
 93
4
 10
480.0
 20
1536.0
 10
572.0
 20
1536.0
 10
572.0
 20
1584.0
 10
480.0
 20
1584.0
 97
0
 75
0
 76
1
 52
0.0
 41
1.0
 77
0
 78
1
 53
0.0
 43
480.0
 44
1536.0
 45
0.0
 46
5.0
 79
6
 49
24.0
 49
-3.0
 49
6.0
 49
-3.0
 49
6.0
 49
-3.0
 98
0
  0
TEXT
  5
1D1
330
17
100
AcDbEntity
  8
LABEL
100
AcDbText
 10
600.0
 20
1587.0
 30
0.0
 40
3.0
  1
ISO10W100
  7
OpenSans
 11
600.0
 21
1587.0
 31
0.0
100
AcDbText
  0
LWPOLYLINE
  5
1D2
330
17
100
AcDbEntity
  8
FRAME
100
AcDbPolyline
 90
4
 70
1
 10
600.0
 20
1536.0
 10
692.0
 20
1536.0
 10
692.0
 20
1584.0
 10
600.0
 20
1584.0
  0
HATCH
  5
1D3
330
17
100
AcDbEntity
  8
HATCH
 62
7
100
AcDbHatch
 10
0.0
 20
0.0
 30
0.0
210
0.0
220
0.0
230
1.0
  2
ISO10W100
 70
0
 71
0
 91
1
 92
3
 72
0
 73
1
 93
4
 10
600.0
 20
1536.0
 10
692.0
 20
1536.0
 10
692.0
 20
1584.0
 10
600.0
 20
1584.0
 97
0
 75
0
 76
1
 52
0.0
 41
1.0
 77
0
 78
1
 53
0.0
 43
600.0
 44
1536.0
 45
0.0
 46
5.0
 79
4
 49
12.0
 49
-3.0
 49
0.5
 49
-3.0
 98
0
  0
TEXT
  5
1D4
330
17
100
AcDbEntity
  8
LABEL
100
AcDbText
 10
0.0
 20
1675.0
 30
0.0
 40
3.0
  1
ISO11W100
  7
OpenSans
 11
0.0
 21
1675.0
 31
0.0
100
AcDbText
  0
LWPOLYLINE
  5
1D5
330
17
100
AcDbEntity
  8
FRAME
100
AcDbPolyline
 90
4
 70
1
 10
0.0
 20
1624.0
 10
92.0
 20
1624.0
 10
92.0
 20
1672.0
 10
0.0
 20
1672.0
  0
HATCH
  5
1D6
330
17
100
AcDbEntity
  8
HATCH
 62
7
100
AcDbHatch
 10
0.0
 20
0.0
 30
0.0
210
0.0
220
0.0
230
1.0
  2
ISO11W100
 70
0
 71
0
 91
1
 92
3
 72
0
 73
1
 93
4
 10
0.0
 20
1624.0
 10
92.0
 20
1624.0
 10
92.0
 20
1672.0
 10
0.0
 20
1672.0
 97
0
 75
0
 76
1
 52
0.0
 41
1.0
 77
0
 78
1
 53
0.0
 43
0.0
 44
1624.0
 45
0.0
 46
5.0
 79
6
 49
12.0
 49
-3.0
 49
12.0
 49
-3.0
 49
0.5
 49
-3.0
 98
0
  0
TEXT
  5
1D7
330
17
100
AcDbEntity
  8
LABEL
100
AcDbText
 10
120.0
 20
1675.0
 30
0.0
 40
3.0
  1
ISO12W100
  7
OpenSans
 11
120.0
 21
1675.0
 31
0.0
100
AcDbText
  0
LWPOLYLINE
  5
1D8
330
17
100
AcDbEntity
  8
FRAME
100
AcDbPolyline
 90
4
 70
1
 10
120.0
 20
1624.0
 10
212.0
 20
1624.0
 10
212.0
 20
1672.0
 10
120.0
 20
1672.0
  0
HATCH
  5
1D9
330
17
100
AcDbEntity
  8
HATCH
 62
7
100
AcDbHatch
 10
0.0
 20
0.0
 30
0.0
210
0.0
220
0.0
230
1.0
  2
ISO12W100
 70
0
 71
0
 91
1
 92
3
 72
0
 73
1
 93
4
 10
120.0
 20
1624.0
 10
212.0
 20
1624.0
 10
212.0
 20
1672.0
 10
120.0
 20
1672.0
 97
0
 75
0
 76
1
 52
0.0
 41
1.0
 77
0
 78
1
 53
0.0
 43
120.0
 44
1624.0
 45
0.0
 46
5.0
 79
6
 49
12.0
 49
-3.0
 49
0.5
 49
-3.0
 49
0.5
 49
-3.0
 98
0
  0
TEXT
  5
1DA
330
17
100
AcDbEntity
  8
LABEL
100
AcDbText
 10
240.0
 20
1675.0
 30
0.0
 40
3.0
  1
ISO13W100
  7
OpenSans
 11
240.0
 21
1675.0
 31
0.0
100
AcDbText
  0
LWPOLYLINE
  5
1DB
330
17
100
AcDbEntity
  8
FRAME
100
AcDbPolyline
 90
4
 70
1
 10
240.0
 20
1624.0
 10
332.0
 20
1624.0
 10
332.0
 20
1672.0
 10
240.0
 20
1672.0
  0
HATCH
  5
1DC
330
17
100
AcDbEntity
  8
HATCH
 62
7
100
AcDbHatch
 10
0.0
 20
0.0
 30
0.0
210
0.0
220
0.0
230
1.0
  2
ISO13W100
 70
0
 71
0
 91
1
 92
3
 72
0
 73
1
 93
4
 10
240.0
 20
1624.0
 10
332.0
 20
1624.0
 10
332.0
 20
1672.0
 10
240.0
 20
1672.0
 97
0
 75
0
 76
1
 52
0.0
 41
1.0
 77
0
 78
2
 53
0.0
 43
240.0
 44
1624.0
 45
0.0
 46
5.0
 79
6
 49
12.0
 49
-3.0
 49
12.0
 49
-3.0
 49
0.5
 49
-6.5
 53
0.0
 43
240.0
 44
1624.0
 45
0.0
 46
5.0
 79
3
 49
-33.5
 49
0.5
 49
-3.0
 98
0
  0
TEXT
  5
1DD
330
17
100
AcDbEntity
  8
LABEL
100
AcDbText
 10
360.0
 20
1675.0
 30
0.0
 40
3.0
  1
ISO14W100
  7
OpenSans
 11
360.0
 21
1675.0
 31
0.0
100
AcDbText
  0
LWPOLYLINE
  5
1DE
330
17
100
AcDbEntity
  8
FRAME
100
AcDbPolyline
 90
4
 70
1
 10
360.0
 20
1624.0
 10
452.0
 20
1624.0
 10
452.0
 20
1672.0
 10
360.0
 20
1672.0
  0
HATCH
  5
1DF
330
17
100
AcDbEntity
  8
HATCH
 62
7
100
AcDbHatch
 10
0.0
 20
0.0
 30
0.0
210
0.0
220
0.0
230
1.0
  2
ISO14W100
 70
0
 71
0
 91
1
 92
3
 72
0
 73
1
 93
4
 10
360.0
 20
1624.0
 10
452.0
 20
1624.0
 10
452.0
 20
1672.0
 10
360.0
 20
1672.0
 97
0
 75
0
 76
1
 52
0.0
 41
1.0
 77
0
 78
2
 53
0.0
 43
360.0
 44
1624.0
 45
0.0
 46
5.0
 79
6
 49
12.0
 49
-3.0
 49
0.5
 49
-3.0
 49
0.5
 49
-6.5
 53
0.0
 43
360.0
 44
1624.0
 45
0.0
 46
5.0
 79
3
 49
-22.0
 49
0.5
 49
-3.0
 98
0
  0
TEXT
  5
1E0
330
17
100
AcDbEntity
  8
LABEL
100
AcDbText
 10
480.0
 20
1675.0
 30
0.0
 40
3.0
  1
ISO15W100
  7
OpenSans
 11
480.0
 21
1675.0
 31
0.0
100
AcDbText
  0
LWPOLYLINE
  5
1E1
330
17
100
AcDbEntity
  8
FRAME
100
AcDbPolyline
 90
4
 70
1
 10
480.0
 20
1624.0
 10
572.0
 20
1624.0
 10
572.0
 20
1672.0
 10
480.0
 20
1672.0
  0
HATCH
  5
1E2
330
17
100
AcDbEntity
  8
HATCH
 62
7
100
AcDbHatch
 10
0.0
 20
0.0
 30
0.0
210
0.0
220
0.0
230
1.0
  2
ISO15W100
 70
0
 71
0
 91
1
 92
3
 72
0
 73
1
 93
4
 10
480.0
 20
1624.0
 10
572.0
 20
1624.0
 10
572.0
 20
1672.0
 10
480.0
 20
1672.0
 97
0
 75
0
 76
1
 52
0.0
 41
1.0
 77
0
 78
2
 53
0.0
 43
480.0
 44
1624.0
 45
0.0
 46
5.0
 79
6
 49
12.0
 49
-3.0
 49
12.0
 49
-3.0
 49
0.5
 49
-10.0
 53
0.0
 43
480.0
 44
1624.0
 45
0.0
 46
5.0
 79
5
 49
-33.5
 49
0.5
 49
-3.0
 49
0.5
 49
-3.0
 98
0
  0
TEXT
  5
1E3
330
17
100
AcDbEntity
  8
LABEL
100
AcDbText
 10
600.0
 20
1675.0
 30
0.0
 40
3.0
  1
JIS_LC_20
  7
OpenSans
 11
600.0
 21
1675.0
 31
0.0
100
AcDbText
  0
LWPOLYLINE
  5
1E4
330
17
100
AcDbEntity
  8
FRAME
100
AcDbPolyline
 90
4
 70
1
 10
600.0
 20
1624.0
 10
692.0
 20
1624.0
 10
692.0
 20
1672.0
 10
600.0
 20
1672.0
  0
HATCH
  5
1E5
330
17
100
AcDbEntity
  8
HATCH
 62
7
100
AcDbHatch
 10
0.0
 20
0.0
 30
0.0
210
0.0
220
0.0
230
1.0
  2
JIS_LC_20
 70
0
 71
0
 91
1
 92
3
 72
0
 73
1
 93
4
 10
600.0
 20
1624.0
 10
692.0
 20
1624.0
 10
692.0
 20
1672.0
 10
600.0
 20
1672.0
 97
0
 75
0
 76
1
 52
0.0
 41
1.0
 77
0
 78
2
 53
45.0
 43
600.0
 44
1624.0
 45
-14.1421356237
 46
14.1421356237
 79
0
 53
45.0
 43
600.4
 44
1624.0
 45
-14.1421356237
 46
14.1421356237
 79
0
 98
0
  0
TEXT
  5
1E6
330
17
100
AcDbEntity
  8
LABEL
100
AcDbText
 10
0.0
 20
1763.0
 30
0.0
 40
3.0
  1
JIS_LC_20A
  7
OpenSans
 11
0.0
 21
1763.0
 31
0.0
100
AcDbText
  0
LWPOLYLINE
  5
1E7
330
17
100
AcDbEntity
  8
FRAME
100
AcDbPolyline
 90
4
 70
1
 10
0.0
 20
1712.0
 10
92.0
 20
1712.0
 10
92.0
 20
1760.0
 10
0.0
 20
1760.0
  0
HATCH
  5
1E8
330
17
100
AcDbEntity
  8
HATCH
 62
7
100
AcDbHatch
 10
0.0
 20
0.0
 30
0.0
210
0.0
220
0.0
230
1.0
  2
JIS_LC_20A
 70
0
 71
0
 91
1
 92
3
 72
0
 73
1
 93
4
 10
0.0
 20
1712.0
 10
92.0
 20
1712.0
 10
92.0
 20
1760.0
 10
0.0
 20
1760.0
 97
0
 75
0
 76
1
 52
0.0
 41
1.0
 77
0
 78
2
 53
45.0
 43
0.0
 44
1712.0
 45
-14.1421356237
 46
14.1421356237
 79
0
 53
45.0
 43
1.0
 44
1712.0
 45
-14.1421356237
 46
14.1421356237
 79
0
 98
0
  0
TEXT
  5
1E9
330
17
100
AcDbEntity
  8
LABEL
100
AcDbText
 10
120.0
 20
1763.0
 30
0.0
 40
3.0
  1
JIS_LC_8
  7
OpenSans
 11
120.0
 21
1763.0
 31
0.0
100
AcDbText
  0
LWPOLYLINE
  5
1EA
330
17
100
AcDbEntity
  8
FRAME
100
AcDbPolyline
 90
4
 70
1
 10
120.0
 20
1712.0
 10
212.0
 20
1712.0
 10
212.0
 20
1760.0
 10
120.0
 20
1760.0
  0
HATCH
  5
1EB
330
17
100
AcDbEntity
  8
HATCH
 62
7
100
AcDbHatch
 10
0.0
 20
0.0
 30
0.0
210
0.0
220
0.0
230
1.0
  2
JIS_LC_8
 70
0
 71
0
 91
1
 92
3
 72
0
 73
1
 93
4
 10
120.0
 20
1712.0
 10
212.0
 20
1712.0
 10
212.0
 20
1760.0
 10
120.0
 20
1760.0
 97
0
 75
0
 76
1
 52
0.0
 41
1.0
 77
0
 78
2
 53
45.0
 43
120.0
 44
1712.0
 45
-5.5154328933
 46
5.5154328933
 79
0
 53
45.0
 43
120.4
 44
1712.0
 45
-5.5154328933
 46
5.5154328933
 79
0
 98
0
  0
TEXT
  5
1EC
330
17
100
AcDbEntity
  8
LABEL
100
AcDbText
 10
240.0
 20
1763.0
 30
0.0
 40
3.0
  1
JIS_LC_8A
  7
OpenSans
 11
240.0
 21
1763.0
 31
0.0
100
AcDbText
  0
LWPOLYLINE
  5
1ED
330
17
100
AcDbEntity
  8
FRAME
100
AcDbPolyline
 90
4
 70
1
 10
240.0
 20
1712.0
 10
332.0
 20
1712.0
 10
332.0
 20
1760.0
 10
240.0
 20
1760.0
  0
HATCH
  5
1EE
330
17
100
AcDbEntity
  8
HATCH
 62
7
100
AcDbHatch
 10
0.0
 20
0.0
 30
0.0
210
0.0
220
0.0
230
1.0
  2
JIS_LC_8A
 70
0
 71
0
 91
1
 92
3
 72
0
 73
1
 93
4
 10
240.0
 20
1712.0
 10
332.0
 20
1712.0
 10
332.0
 20
1760.0
 10
240.0
 20
1760.0
 97
0
 75
0
 76
1
 52
0.0
 41
1.0
 77
0
 78
2
 53
45.0
 43
240.0
 44
1712.0
 45
-5.5154328933
 46
5.5154328933
 79
0
 53
45.0
 43
241.0
 44
1712.0
 45
-5.5154328933
 46
5.5154328933
 79
0
 98
0
  0
TEXT
  5
1EF
330
17
100
AcDbEntity
  8
LABEL
100
AcDbText
 10
360.0
 20
1763.0
 30
0.0
 40
3.0
  1
JIS_RC_10
  7
OpenSans
 11
360.0
 21
1763.0
 31
0.0
100
AcDbText
  0
LWPOLYLINE
  5
1F0
330
17
100
AcDbEntity
  8
FRAME
100
AcDbPolyline
 90
4
 70
1
 10
360.0
 20
1712.0
 10
452.0
 20
1712.0
 10
452.0
 20
1760.0
 10
360.0
 20
1760.0
  0
HATCH
  5
1F1
330
17
100
AcDbEntity
  8
HATCH
 62
7
100
AcDbHatch
 10
0.0
 20
0.0
 30
0.0
210
0.0
220
0.0
230
1.0
  2
JIS_RC_10
 70
0
 71
0
 91
1
 92
3
 72
0
 73
1
 93
4
 10
360.0
 20
1712.0
 10
452.0
 20
1712.0
 10
452.0
 20
1760.0
 10
360.0
 20
1760.0
 97
0
 75
0
 76
1
 52
0.0
 41
1.0
 77
0
 78
3
 53
45.0
 43
360.0
 44
1712.0
 45
-7.0710678119
 46
7.0710678119
 79
0
 53
45.0
 43
360.725
 44
1712.0
 45
-7.0710678119
 46
7.0710678119
 79
0
 53
45.0
 43
361.45
 44
1712.0
 45
-7.0710678119
 46
7.0710678119
 79
0
 98
0
  0
TEXT
  5
1F2
330
17
100
AcDbEntity
  8
LABEL
100
AcDbText
 10
480.0
 20
1763.0
 30
0.0
 40
3.0
  1
JIS_RC_15
  7
OpenSans
 11
480.0
 21
1763.0
 31
0.0
100
AcDbText
  0
LWPOLYLINE
  5
1F3
330
17
100
AcDbEntity
  8
FRAME
100
AcDbPolyline
 90
4
 70
1
 10
480.0
 20
1712.0
 10
572.0
 20
1712.0
 10
572.0
 20
1760.0
 10
480.0
 20
1760.0
  0
HATCH
  5
1F4
330
17
100
AcDbEntity
  8
HATCH
 62
7
100
AcDbHatch
 10
0.0
 20
0.0
 30
0.0
210
0.0
220
0.0
230
1.0
  2
JIS_RC_15
 70
0
 71
0
 91
1
 92
3
 72
0
 73
1
 93
4
 10
480.0
 20
1712.0
 10
572.0
 20
1712.0
 10
572.0
 20
1760.0
 10
480.0
 20
1760.0
 97
0
 75
0
 76
1
 52
0.0
 41
1.0
 77
0
 78
3
 53
45.0
 43
480.0
 44
1712.0
 45
-10.6066017178
 46
10.6066017178
 79
0
 53
45.0
 43
480.725
 44
1712.0
 45
-10.6066017178
 46
10.6066017178
 79
0
 53
45.0
 43
481.45
 44
1712.0
 45
-10.6066017178
 46
10.6066017178
 79
0
 98
0
  0
TEXT
  5
1F5
330
17
100
AcDbEntity
  8
LABEL
100
AcDbText
 10
600.0
 20
1763.0
 30
0.0
 40
3.0
  1
JIS_RC_18
  7
OpenSans
 11
600.0
 21
1763.0
 31
0.0
100
AcDbText
  0
LWPOLYLINE
  5
1F6
330
17
100
AcDbEntity
  8
FRAME
100
AcDbPolyline
 90
4
 70
1
 10
600.0
 20
1712.0
 10
692.0
 20
1712.0
 10
692.0
 20
1760.0
 10
600.0
 20
1760.0
  0
HATCH
  5
1F7
330
17
100
AcDbEntity
  8
HATCH
 62
7
100
AcDbHatch
 10
0.0
 20
0.0
 30
0.0
210
0.0
220
0.0
230
1.0
  2
JIS_RC_18
 70
0
 71
0
 91
1
 92
3
 72
0
 73
1
 93
4
 10
600.0
 20
1712.0
 10
692.0
 20
1712.0
 10
692.0
 20
1760.0
 10
600.0
 20
1760.0
 97
0
 75
0
 76
1
 52
0.0
 41
1.0
 77
0
 78
3
 53
45.0
 43
600.0
 44
1712.0
 45
-12.7279220614
 46
12.7279220614
 79
0
 53
45.0
 43
601.0
 44
1712.0
 45
-12.7279220614
 46
12.7279220614
 79
0
 53
45.0
 43
602.0
 44
1712.0
 45
-12.7279220614
 46
12.7279220614
 79
0
 98
0
  0
TEXT
  5
1F8
330
17
100
AcDbEntity
  8
LABEL
100
AcDbText
 10
0.0
 20
1851.0
 30
0.0
 40
3.0
  1
JIS_RC_30
  7
OpenSans
 11
0.0
 21
1851.0
 31
0.0
100
AcDbText
  0
LWPOLYLINE
  5
1F9
330
17
100
AcDbEntity
  8
FRAME
100
AcDbPolyline
 90
4
 70
1
 10
0.0
 20
1800.0
 10
92.0
 20
1800.0
 10
92.0
 20
1848.0
 10
0.0
 20
1848.0
  0
HATCH
  5
1FA
330
17
100
AcDbEntity
  8
HATCH
 62
7
100
AcDbHatch
 10
0.0
 20
0.0
 30
0.0
210
0.0
220
0.0
230
1.0
  2
JIS_RC_30
 70
0
 71
0
 91
1
 92
3
 72
0
 73
1
 93
4
 10
0.0
 20
1800.0
 10
92.0
 20
1800.0
 10
92.0
 20
1848.0
 10
0.0
 20
1848.0
 97
0
 75
0
 76
1
 52
0.0
 41
1.0
 77
0
 78
3
 53
45.0
 43
0.0
 44
1800.0
 45
-21.2132034356
 46
21.2132034356
 79
0
 53
45.0
 43
1.0
 44
1800.0
 45
-21.2132034356
 46
21.2132034356
 79
0
 53
45.0
 43
2.0
 44
1800.0
 45
-21.2132034356
 46
21.2132034356
 79
0
 98
0
  0
TEXT
  5
1FB
330
17
100
AcDbEntity
  8
LABEL
100
AcDbText
 10
120.0
 20
1851.0
 30
0.0
 40
3.0
  1
JIS_STN_1E
  7
OpenSans
 11
120.0
 21
1851.0
 31
0.0
100
AcDbText
  0
LWPOLYLINE
  5
1FC
330
17
100
AcDbEntity
  8
FRAME
100
AcDbPolyline
 90
4
 70
1
 10
120.0
 20
1800.0
 10
212.0
 20
1800.0
 10
212.0
 20
1848.0
 10
120.0
 20
1848.0
  0
HATCH
  5
1FD
330
17
100
AcDbEntity
  8
HATCH
 62
7
100
AcDbHatch
 10
0.0
 20
0.0
 30
0.0
210
0.0
220
0.0
230
1.0
  2
JIS_STN_1E
 70
0
 71
0
 91
1
 92
3
 72
0
 73
1
 93
4
 10
120.0
 20
1800.0
 10
212.0
 20
1800.0
 10
212.0
 20
1848.0
 10
120.0
 20
1848.0
 97
0
 75
0
 76
1
 52
0.0
 41
1.0
 77
0
 78
2
 53
45.0
 43
120.0
 44
1800.0
 45
-0.7071067812
 46
0.7071067812
 79
0
 53
45.0
 43
120.705
 44
1800.0
 45
-0.7071067812
 46
0.7071067812
 79
2
 49
1.0
 49
-0.5
 98
0
  0
TEXT
  5
1FE
330
17
100
AcDbEntity
  8
LABEL
100
AcDbText
 10
240.0
 20
1851.0
 30
0.0
 40
3.0
  1
JIS_STN_2.5
  7
OpenSans
 11
240.0
 21
1851.0
 31
0.0
100
AcDbText
  0
LWPOLYLINE
  5
1FF
330
17
100
AcDbEntity
  8
FRAME
100
AcDbPolyline
 90
4
 70
1
 10
240.0
 20
1800.0
 10
332.0
 20
1800.0
 10
332.0
 20
1848.0
 10
240.0
 20
1848.0
  0
HATCH
  5
200
330
17
100
AcDbEntity
  8
HATCH
 62
7
100
AcDbHatch
 10
0.0
 20
0.0
 30
0.0
210
0.0
220
0.0
230
1.0
  2
JIS_STN_2.5
 70
0
 71
0
 91
1
 92
3
 72
0
 73
1
 93
4
 10
240.0
 20
1800.0
 10
332.0
 20
1800.0
 10
332.0
 20
1848.0
 10
240.0
 20
1848.0
 97
0
 75
0
 76
1
 52
0.0
 41
1.0
 77
0
 78
2
 53
45.0
 43
240.0
 44
1800.0
 45
-1.767766953
 46
1.767766953
 79
0
 53
45.0
 43
241.765
 44
1800.0
 45
-1.767766953
 46
1.767766953
 79
2
 49
1.2
 49
-0.5
 98
0
  0
TEXT
  5
201
330
17
100
AcDbEntity
  8
LABEL
100
AcDbText
 10
360.0
 20
1851.0
 30
0.0
 40
3.0
  1
JIS_WOOD
  7
OpenSans
 11
360.0
 21
1851.0
 31
0.0
100
AcDbText
  0
LWPOLYLINE
  5
202
330
17
100
AcDbEntity
  8
FRAME
100
AcDbPolyline
 90
4
 70
1
 10
360.0
 20
1800.0
 10
452.0
 20
1800.0
 10
452.0
 20
1848.0
 10
360.0
 20
1848.0
  0
HATCH
  5
203
330
17
100
AcDbEntity
  8
HATCH
 62
7
100
AcDbHatch
 10
0.0
 20
0.0
 30
0.0
210
0.0
220
0.0
230
1.0
  2
JIS_WOOD
 70
0
 71
0
 91
1
 92
3
 72
0
 73
1
 93
4
 10
360.0
 20
1800.0
 10
452.0
 20
1800.0
 10
452.0
 20
1848.0
 10
360.0
 20
1848.0
 97
0
 75
0
 76
1
 52
0.0
 41
1.0
 77
0
 78
1
 53
45.0
 43
360.0
 44
1800.0
 45
-0.4999999992
 46
0.4999999992
 79
0
 98
0
  0
TEXT
  5
204
330
17
100
AcDbEntity
  8
LABEL
100
AcDbText
 10
480.0
 20
1851.0
 30
0.0
 40
3.0
  1
LINE
  7
OpenSans
 11
480.0
 21
1851.0
 31
0.0
100
AcDbText
  0
LWPOLYLINE
  5
205
330
17
100
AcDbEntity
  8
FRAME
100
AcDbPolyline
 90
4
 70
1
 10
480.0
 20
1800.0
 10
572.0
 20
1800.0
 10
572.0
 20
1848.0
 10
480.0
 20
1848.0
  0
HATCH
  5
206
330
17
100
AcDbEntity
  8
HATCH
 62
7
100
AcDbHatch
 10
0.0
 20
0.0
 30
0.0
210
0.0
220
0.0
230
1.0
  2
LINE
 70
0
 71
0
 91
1
 92
3
 72
0
 73
1
 93
4
 10
480.0
 20
1800.0
 10
572.0
 20
1800.0
 10
572.0
 20
1848.0
 10
480.0
 20
1848.0
 97
0
 75
0
 76
1
 52
0.0
 41
1.0
 77
0
 78
1
 53
0.0
 43
480.0
 44
1800.0
 45
0.0
 46
3.175
 79
0
 98
0
  0
TEXT
  5
207
330
17
100
AcDbEntity
  8
LABEL
100
AcDbText
 10
600.0
 20
1851.0
 30
0.0
 40
3.0
  1
LINES
  7
OpenSans
 11
600.0
 21
1851.0
 31
0.0
100
AcDbText
  0
LWPOLYLINE
  5
208
330
17
100
AcDbEntity
  8
FRAME
100
AcDbPolyline
 90
4
 70
1
 10
600.0
 20
1800.0
 10
692.0
 20
1800.0
 10
692.0
 20
1848.0
 10
600.0
 20
1848.0
  0
HATCH
  5
209
330
17
100
AcDbEntity
  8
HATCH
 62
7
100
AcDbHatch
 10
0.0
 20
0.0
 30
0.0
210
0.0
220
0.0
230
1.0
  2
LINES
 70
0
 71
0
 91
1
 92
3
 72
0
 73
1
 93
4
 10
600.0
 20
1800.0
 10
692.0
 20
1800.0
 10
692.0
 20
1848.0
 10
600.0
 20
1848.0
 97
0
 75
0
 76
1
 52
0.0
 41
1.0
 77
0
 78
1
 53
0.0
 43
600.0
 44
1800.0
 45
0.0
 46
2.54
 79
0
 98
0
  0
TEXT
  5
20A
330
17
100
AcDbEntity
  8
LABEL
100
AcDbText
 10
0.0
 20
1939.0
 30
0.0
 40
3.0
  1
MUDST
  7
OpenSans
 11
0.0
 21
1939.0
 31
0.0
100
AcDbText
  0
LWPOLYLINE
  5
20B
330
17
100
AcDbEntity
  8
FRAME
100
AcDbPolyline
 90
4
 70
1
 10
0.0
 20
1888.0
 10
92.0
 20
1888.0
 10
92.0
 20
1936.0
 10
0.0
 20
1936.0
  0
HATCH
  5
20C
330
17
100
AcDbEntity
  8
HATCH
 62
7
100
AcDbHatch
 10
0.0
 20
0.0
 30
0.0
210
0.0
220
0.0
230
1.0
  2
MUDST
 70
0
 71
0
 91
1
 92
3
 72
0
 73
1
 93
4
 10
0.0
 20
1888.0
 10
92.0
 20
1888.0
 10
92.0
 20
1936.0
 10
0.0
 20
1936.0
 97
0
 75
0
 76
1
 52
0.0
 41
1.0
 77
0
 78
1
 53
0.0
 43
0.0
 44
1888.0
 45
12.7
 46
6.35
 79
6
 49
6.35
 49
-6.35
 49
0.0
 49
-6.35
 49
0.0
 49
-6.35
 98
0
  0
TEXT
  5
20D
330
17
100
AcDbEntity
  8
LABEL
100
AcDbText
 10
120.0
 20
1939.0
 30
0.0
 40
3.0
  1
NATURAL
  7
OpenSans
 11
120.0
 21
1939.0
 31
0.0
100
AcDbText
  0
LWPOLYLINE
  5
20E
330
17
100
AcDbEntity
  8
FRAME
100
AcDbPolyline
 90
4
 70
1
 10
120.0
 20
1888.0
 10
212.0
 20
1888.0
 10
212.0
 20
1936.0
 10
120.0
 20
1936.0
  0
HATCH
  5
20F
330
17
100
AcDbEntity
  8
HATCH
 62
7
100
AcDbHatch
 10
0.0
 20
0.0
 30
0.0
210
0.0
220
0.0
230
1.0
  2
NATURAL
 70
0
 71
0
 91
1
 92
3
 72
0
 73
1
 93
4
 10
120.0
 20
1888.0
 10
212.0
 20
1888.0
 10
212.0
 20
1936.0
 10
120.0
 20
1936.0
 97
0
 75
0
 76
1
 52
0.0
 41
1.0
 77
0
 78
3
 53
45.0
 43
120.0
 44
1888.0
 45
-5.3881536726
 46
5.3881536726
 79
0
 53
45.0
 43
123.5920934
 44
1888.0
 45
-5.3881536726
 46
5.3881536726
 79
2
 49
1.27
 49
-1.27
 53
45.0
 43
127.1841868
 44
1888.0
 45
-5.3881536726
 46
5.3881536726
 79
2
 49
1.27
 49
-1.27
 98
0
  0
TEXT
  5
210
330
17
100
AcDbEntity
  8
LABEL
100
AcDbText
 10
240.0
 20
1939.0
 30
0.0
 40
3.0
  1
NET
  7
OpenSans
 11
240.0
 21
1939.0
 31
0.0
100
AcDbText
  0
LWPOLYLINE
  5
211
330
17
100
AcDbEntity
  8
FRAME
100
AcDbPolyline
 90
4
 70
1
 10
240.0
 20
1888.0
 10
332.0
 20
1888.0
 10
332.0
 20
1936.0
 10
240.0
 20
1936.0
  0
HATCH
  5
212
330
17
100
AcDbEntity
  8
HATCH
 62
7
100
AcDbHatch
 10
0.0
 20
0.0
 30
0.0
210
0.0
220
0.0
230
1.0
  2
NET
 70
0
 71
0
 91
1
 92
3
 72
0
 73
1
 93
4
 10
240.0
 20
1888.0
 10
332.0
 20
1888.0
 10
332.0
 20
1936.0
 10
240.0
 20
1936.0
 97
0
 75
0
 76
1
 52
0.0
 41
1.0
 77
0
 78
2
 53
0.0
 43
240.0
 44
1888.0
 45
0.0
 46
3.175
 79
0
 53
90.0
 43
240.0
 44
1888.0
 45
-3.175
 46
0.0
 79
0
 98
0
  0
TEXT
  5
213
330
17
100
AcDbEntity
  8
LABEL
100
AcDbText
 10
360.0
 20
1939.0
 30
0.0
 40
3.0
  1
NET3
  7
OpenSans
 11
360.0
 21
1939.0
 31
0.0
100
AcDbText
  0
LWPOLYLINE
  5
214
330
17
100
AcDbEntity
  8
FRAME
100
AcDbPolyline
 90
4
 70
1
 10
360.0
 20
1888.0
 10
452.0
 20
1888.0
 10
452.0
 20
1936.0
 10
360.0
 20
1936.0
  0
HATCH
  5
215
330
17
100
AcDbEntity
  8
HATCH
 62
7
100
AcDbHatch
 10
0.0
 20
0.0
 30
0.0
210
0.0
220
0.0
230
1.0
  2
NET3
 70
0
 71
0
 91
1
 92
3
 72
0
 73
1
 93
4
 10
360.0
 20
1888.0
 10
452.0
 20
1888.0
 10
452.0
 20
1936.0
 10
360.0
 20
1936.0
 97
0
 75
0
 76
1
 52
0.0
 41
1.0
 77
0
 78
3
 53
0.0
 43
360.0
 44
1888.0
 45
0.0
 46
3.175
 79
0
 53
60.0
 43
360.0
 44
1888.0
 45
-2.749630657
 46
1.5875
 79
0
 53
120.0
 43
360.0
 44
1888.0
 45
-2.749630657
 46
-1.5875
 79
0
 98
0
  0
TEXT
  5
216
330
17
100
AcDbEntity
  8
LABEL
100
AcDbText
 10
480.0
 20
1939.0
 30
0.0
 40
3.0
  1
OCTAGONS
  7
OpenSans
 11
480.0
 21
1939.0
 31
0.0
100
AcDbText
  0
LWPOLYLINE
  5
217
330
17
100
AcDbEntity
  8
FRAME
100
AcDbPolyline
 90
4
 70
1
 10
480.0
 20
1888.0
 10
572.0
 20
1888.0
 10
572.0
 20
1936.0
 10
480.0
 20
1936.0
  0
HATCH
  5
218
330
17
100
AcDbEntity
  8
HATCH
 62
7
100
AcDbHatch
 10
0.0
 20
0.0
 30
0.0
210
0.0
220
0.0
230
1.0
  2
OCTAGONS
 70
0
 71
0
 91
1
 92
3
 72
0
 73
1
 93
4
 10
480.0
 20
1888.0
 10
572.0
 20
1888.0
 10
572.0
 20
1936.0
 10
480.0
 20
1936.0
 97
0
 75
0
 76
1
 52
0.0
 41
1.0
 77
0
 78
6
 53
315.0
 43
480.0
 44
1896.8392
 45
30.480009432
 46
-0.0
 79
2
 49
12.50051856
 49
-30.60472416
 53
0.0
 43
488.8392
 44
1888.0
 45
30.48
 46
30.48
 79
2
 49
12.8016
 49
-17.6784
 53
45.0
 43
501.6408
 44
1888.0
 45
0.0
 46
30.480009432
 79
2
 49
12.50051856
 49
-30.60472416
 53
135.0
 43
510.48
 44
1909.6408
 45
-30.480009432
 46
0.0
 79
2
 49
12.50051856
 49
-30.60472416
 53
225.0
 43
488.8392
 44
1918.48
 45
-0.0
 46
-30.480009432
 79
2
 49
12.50051856
 49
-30.60472416
 53
270.0
 43
480.0
 44
1909.6408
 45
30.48
 46
-30.48
 79
2
 49
12.8016
 49
-17.6784
 98
0
  0
TEXT
  5
219
330
17
100
AcDbEntity
  8
LABEL
100
AcDbText
 10
600.0
 20
1939.0
 30
0.0
 40
3.0
  1
PLAST
  7
OpenSans
 11
600.0
 21
1939.0
 31
0.0
100
AcDbText
  0
LWPOLYLINE
  5
21A
330
17
100
AcDbEntity
  8
FRAME
100
AcDbPolyline
 90
4
 70
1
 10
600.0
 20
1888.0
 10
692.0
 20
1888.0
 10
692.0
 20
1936.0
 10
600.0
 20
1936.0
  0
HATCH
  5
21B
330
17
100
AcDbEntity
  8
HATCH
 62
7
100
AcDbHatch
 10
0.0
 20
0.0
 30
0.0
210
0.0
220
0.0
230
1.0
  2
PLAST
 70
0
 71
0
 91
1
 92
3
 72
0
 73
1
 93
4
 10
600.0
 20
1888.0
 10
692.0
 20
1888.0
 10
692.0
 20
1936.0
 10
600.0
 20
1936.0
 97
0
 75
0
 76
1
 52
0.0
 41
1.0
 77
0
 78
3
 53
0.0
 43
600.0
 44
1888.0
 45
0.0
 46
6.35
 79
0
 53
0.0
 43
600.0
 44
1888.79375
 45
0.0
 46
6.35
 79
0
 53
0.0
 43
600.0
 44
1889.5875
 45
0.0
 46
6.35
 79
0
 98
0
  0
TEXT
  5
21C
330
17
100
AcDbEntity
  8
LABEL
100
AcDbText
 10
0.0
 20
2027.0
 30
0.0
 40
3.0
  1
PLASTI
  7
OpenSans
 11
0.0
 21
2027.0
 31
0.0
100
AcDbText
  0
LWPOLYLINE
  5
21D
330
17
100
AcDbEntity
  8
FRAME
100
AcDbPolyline
 90
4
 70
1
 10
0.0
 20
1976.0
 10
92.0
 20
1976.0
 10
92.0
 20
2024.0
 10
0.0
 20
2024.0
  0
HATCH
  5
21E
330
17
100
AcDbEntity
  8
HATCH
 62
7
100
AcDbHatch
 10
0.0
 20
0.0
 30
0.0
210
0.0
220
0.0
230
1.0
  2
PLASTI
 70
0
 71
0
 91
1
 92
3
 72
0
 73
1
 93
4
 10
0.0
 20
1976.0
 10
92.0
 20
1976.0
 10
92.0
 20
2024.0
 10
0.0
 20
2024.0
 97
0
 75
0
 76
1
 52
0.0
 41
1.0
 77
0
 78
4
 53
0.0
 43
0.0
 44
1976.0
 45
0.0
 46
6.35
 79
0
 53
0.0
 43
0.0
 44
1976.79375
 45
0.0
 46
6.35
 79
0
 53
0.0
 43
0.0
 44
1977.5875
 45
0.0
 46
6.35
 79
0
 53
0.0
 43
0.0
 44
1979.96875
 45
0.0
 46
6.35
 79
0
 98
0
  0
TEXT
  5
21F
330
17
100
AcDbEntity
  8
LABEL
100
AcDbText
 10
120.0
 20
2027.0
 30
0.0
 40
3.0
  1
PLUSSES
  7
OpenSans
 11
120.0
 21
2027.0
 31
0.0
100
AcDbText
  0
LWPOLYLINE
  5
220
330
17
100
AcDbEntity
  8
FRAME
100
AcDbPolyline
 90
4
 70
1
 10
120.0
 20
1976.0
 10
212.0
 20
1976.0
 10
212.0
 20
2024.0
 10
120.0
 20
2024.0
  0
HATCH
  5
221
330
17
100
AcDbEntity
  8
HATCH
 62
7
100
AcDbHatch
 10
0.0
 20
0.0
 30
0.0
210
0.0
220
0.0
230
1.0
  2
PLUSSES
 70
0
 71
0
 91
1
 92
3
 72
0
 73
1
 93
4
 10
120.0
 20
1976.0
 10
212.0
 20
1976.0
 10
212.0
 20
2024.0
 10
120.0
 20
2024.0
 97
0
 75
0
 76
1
 52
0.0
 41
1.0
 77
0
 78
2
 53
0.0
 43
120.0
 44
1976.0
 45
7.62
 46
7.62
 79
2
 49
3.81
 49
-11.43
 53
90.0
 43
121.905
 44
1974.095
 45
-7.62
 46
7.62
 79
2
 49
3.81
 49
-11.43
 98
0
  0
TEXT
  5
222
330
17
100
AcDbEntity
  8
LABEL
100
AcDbText
 10
240.0
 20
2027.0
 30
0.0
 40
3.0
  1
ROCK
  7
OpenSans
 11
240.0
 21
2027.0
 31
0.0
100
AcDbText
  0
LWPOLYLINE
  5
223
330
17
100
AcDbEntity
  8
FRAME
100
AcDbPolyline
 90
4
 70
1
 10
240.0
 20
1976.0
 10
332.0
 20
1976.0
 10
332.0
 20
2024.0
 10
240.0
 20
2024.0
  0
HATCH
  5
224
330
17
100
AcDbEntity
  8
HATCH
 62
7
100
AcDbHatch
 10
0.0
 20
0.0
 30
0.0
210
0.0
220
0.0
230
1.0
  2
ROCK
 70
0
 71
0
 91
1
 92
3
 72
0
 73
1
 93
4
 10
240.0
 20
1976.0
 10
332.0
 20
1976.0
 10
332.0
 20
2024.0
 10
240.0
 20
2024.0
 97
0
 75
0
 76
1
 52
0.0
 41
1.0
 77
0
 78
2
 53
0.0
 43
240.0
 44
1976.0
 45
0.0
 46
5.08
 79
0
 53
45.0
 43
240.0
 44
1976.0
 45
-10.159999983
 46
10.159999983
 79
2
 49
7.1842048848
 49
-14.3684280576
 98
0
  0
TEXT
  5
225
330
17
100
AcDbEntity
  8
LABEL
100
AcDbText
 10
360.0
 20
2027.0
 30
0.0
 40
3.0
  1
SACNCR
  7
OpenSans
 11
360.0
 21
2027.0
 31
0.0
100
AcDbText
  0
LWPOLYLINE
  5
226
330
17
100
AcDbEntity
  8
FRAME
100
AcDbPolyline
 90
4
 70
1
 10
360.0
 20
1976.0
 10
452.0
 20
1976.0
 10
452.0
 20
2024.0
 10
360.0
 20
2024.0
  0
HATCH
  5
227
330
17
100
AcDbEntity
  8
HATCH
 62
7
100
AcDbHatch
 10
0.0
 20
0.0
 30
0.0
210
0.0
220
0.0
230
1.0
  2
SACNCR
 70
0
 71
0
 91
1
 92
3
 72
0
 73
1
 93
4
 10
360.0
 20
1976.0
 10
452.0
 20
1976.0
 10
452.0
 20
2024.0
 10
360.0
 20
2024.0
 97
0
 75
0
 76
1
 52
0.0
 41
1.0
 77
0
 78
2
 53
45.0
 43
360.0
 44
1976.0
 45
-1.6837980227
 46
1.6837980227
 79
0
 53
45.0
 43
361.6838
 44
1976.0
 45
-1.6837980227
 46
1.6837980227
 79
2
 49
0.0
 49
-2.38125
 98
0
  0
TEXT
  5
228
330
17
100
AcDbEntity
  8
LABEL
100
AcDbText
 10
480.0
 20
2027.0
 30
0.0
 40
3.0
  1
SAND
  7
OpenSans
 11
480.0
 21
2027.0
 31
0.0
100
AcDbText
  0
LWPOLYLINE
  5
229
330
17
100
AcDbEntity
  8
FRAME
100
AcDbPolyline
 90
4
 70
1
 10
480.0
 20
1976.0
 10
572.0
 20
1976.0
 10
572.0
 20
2024.0
 10
480.0
 20
2024.0
  0
HATCH
  5
22A
330
17
100
AcDbEntity
  8
HATCH
 62
7
100
AcDbHatch
 10
0.0
 20
0.0
 30
0.0
210
0.0
220
0.0
230
1.0
  2
SAND
 70
0
 71
0
 91
1
 92
3
 72
0
 73
1
 93
4
 10
480.0
 20
1976.0
 10
572.0
 20
1976.0
 10
572.0
 20
2024.0
 10
480.0
 20
2024.0
 97
0
 75
0
 76
1
 52
0.0
 41
1.0
 77
0
 78
4
 53
45.0
 43
480.0
 44
1976.0
 45
-4.0411152545
 46
4.0411152545
 79
3
 49
-1.905
 49
1.905
 49
-1.905
 53
45.0
 43
484.0386
 44
1976.0
 45
-4.0411152545
 46
4.0411152545
 79
3
 49
-1.905
 49
1.905
 49
-1.905
 53
135.0
 43
480.0
 44
1976.0
 45
-4.0411152545
 46
-4.0411152545
 79
3
 49
0.9525
 49
-3.81
 49
0.9525
 53
135.0
 43
484.0386
 44
1976.0
 45
-4.0411152545
 46
-4.0411152545
 79
3
 49
0.9525
 49
-3.81
 49
0.9525
 98
0
  0
TEXT
  5
22B
330
17
100
AcDbEntity
  8
LABEL
100
AcDbText
 10
600.0
 20
2027.0
 30
0.0
 40
3.0
  1
SCREED
  7
OpenSans
 11
600.0
 21
2027.0
 31
0.0
100
AcDbText
  0
LWPOLYLINE
  5
22C
330
17
100
AcDbEntity
  8
FRAME
100
AcDbPolyline
 90
4
 70
1
 10
600.0
 20
1976.0
 10
692.0
 20
1976.0
 10
692.0
 20
2024.0
 10
600.0
 20
2024.0
  0
HATCH
  5
22D
330
17
100
AcDbEntity
  8
HATCH
 62
7
100
AcDbHatch
 10
0.0
 20
0.0
 30
0.0
210
0.0
220
0.0
230
1.0
  2
SCREED
 70
0
 71
0
 91
1
 92
3
 72
0
 73
1
 93
4
 10
600.0
 20
1976.0
 10
692.0
 20
1976.0
 10
692.0
 20
2024.0
 10
600.0
 20
2024.0
 97
0
 75
0
 76
1
 52
0.0
 41
1.0
 77
0
 78
19
 53
0.0
 43
600.0
 44
1976.0
 45
50.8
 46
12.7
 79
4
 49
-6.35
 49
0.0
 49
-19.05
 49
0.0
 53
0.0
 43
600.0
 44
1976.635
 45
50.8
 46
12.7
 79
8
 49
-2.54
 49
0.0
 49
-8.89
 49
0.0
 49
-4.572
 49
0.0
 49
-19.05
 49
0.0
 53
0.0
 43
600.0
 44
1977.27
 45
50.8
 46
12.7
 79
10
 49
-1.27
 49
0.0
 49
-6.35
 49
0.0
 49
-6.35
 49
0.0
 49
-13.97
 49
0.0
 49
-4.572
 49
0.0
 53
0.0
 43
600.0
 44
1977.905
 45
50.8
 46
12.7
 79
4
 49
-4.572
 49
0.0
 49
-20.32
 49
0.0
 53
0.0
 43
600.0
 44
1978.54
 45
50.8
 46
12.7
 79
4
 49
-15.24
 49
0.0
 49
-15.24
 49
0.0
 53
0.0
 43
600.0
 44
1979.175
 45
50.8
 46
12.7
 79
2
 49
-21.59
 49
0.0
 53
0.0
 43
600.0
 44
1979.81
 45
50.8
 46
12.7
 79
4
 49
-6.35
 49
0.0
 49
-27.94
 49
0.0
 53
0.0
 43
600.0
 44
1980.445
 45
50.8
 46
12.7
 79
4
 49
-8.89
 49
0.0
 49
-5.08
 49
0.0
 53
0.0
 43
600.0
 44
1981.08
 45
50.8
 46
12.7
 79
2
 49
-12.7
 49
0.0
 53
0.0
 43
600.0
 44
1982.35
 45
50.8
 46
12.7
 79
6
 49
-1.778
 49
0.0
 49
-19.05
 49
0.0
 49
-11.43
 49
0.0
 53
0.0
 43
600.0
 44
1982.985
 45
50.8
 46
12.7
 79
6
 49
-2.54
 49
0.0
 49
-0.254
 49
0.0
 49
-6.35
 49
0.0
 53
0.0
 43
600.0
 44
1983.62
 45
50.8
 46
12.7
 79
6
 49
-1.27
 49
0.0
 49
-16.51
 49
0.0
 49
-19.05
 49
0.0
 53
0.0
 43
600.0
 44
1984.255
 45
50.8
 46
12.7
 79
2
 49
-12.7
 49
0.0
 53
0.0
 43
600.0
 44
1984.89
 45
50.8
 46
12.7
 79
4
 49
-6.35
 49
0.0
 49
-26.67
 49
0.0
 53
0.0
 43
600.0
 44
1986.16
 45
50.8
 46
12.7
 79
2
 49
-30.48
 49
0.0
 53
0.0
 43
600.0
 44
1986.795
 45
50.8
 46
12.7
 79
6
 49
-6.35
 49
0.0
 49
-0.508
 49
0.0
 49
-8.89
 49
0.0
 53
0.0
 43
600.0
 44
1987.43
 45
50.8
 46
12.7
 79
10
 49
-1.778
 49
0.0
 49
-12.7
 49
0.0
 49
-5.08
 49
0.0
 49
-8.89
 49
0.0
 49
-10.16
 49
0.0
 53
0.0
 43
600.0
 44
1988.065
 45
50.8
 46
12.7
 79
10
 49
-3.81
 49
0.0
 49
-5.08
 49
0.0
 49
-12.7
 49
0.0
 49
-0.508
 49
0.0
 49
-6.35
 49
0.0
 53
0.0
 43
600.0
 44
1988.7
 45
50.8
 46
12.7
 79
2
 49
-12.7
 49
0.0
 98
0
  0
TEXT
  5
22E
330
17
100
AcDbEntity
  8
LABEL
100
AcDbText
 10
0.0
 20
2115.0
 30
0.0
 40
3.0
  1
SHAKES
  7
OpenSans
 11
0.0
 21
2115.0
 31
0.0
100
AcDbText
  0
LWPOLYLINE
  5
22F
330
17
100
AcDbEntity
  8
FRAME
100
AcDbPolyline
 90
4
 70
1
 10
0.0
 20
2064.0
 10
92.0
 20
2064.0
 10
92.0
 20
2112.0
 10
0.0
 20
2112.0
  0
HATCH
  5
230
330
17
100
AcDbEntity
  8
HATCH
 62
7
100
AcDbHatch
 10
0.0
 20
0.0
 30
0.0
210
0.0
220
0.0
230
1.0
  2
SHAKES
 70
0
 71
0
 91
1
 92
3
 72
0
 73
1
 93
4
 10
0.0
 20
2064.0
 10
92.0
 20
2064.0
 10
92.0
 20
2112.0
 10
0.0
 20
2112.0
 97
0
 75
0
 76
1
 52
0.0
 41
1.0
 77
0
 78
27
 53
0.0
 43
0.0
 44
2067.048
 45
101.6
 46
101.6
 79
2
 49
10.16
 49
-91.44
 53
0.0
 43
10.16
 44
2064.0
 45
101.6
 46
101.6
 79
2
 49
30.48
 49
-71.12
 53
0.0
 43
40.64
 44
2066.032
 45
101.6
 46
101.6
 79
2
 49
15.24
 49
-86.36
 53
0.0
 43
55.88
 44
2064.0
 45
101.6
 46
101.6
 79
2
 49
30.48
 49
-71.12
 53
0.0
 43
86.36
 44
2067.048
 45
101.6
 46
101.6
 79
2
 49
15.24
 49
-86.36
 53
0.0
 43
15.24
 44
2097.528
 45
101.6
 46
101.6
 79
2
 49
30.48
 49
-71.12
 53
0.0
 43
0.0
 44
2099.56
 45
101.6
 46
101.6
 79
2
 49
15.24
 49
-86.36
 53
0.0
 43
45.72
 44
2100.576
 45
101.6
 46
101.6
 79
2
 49
20.32
 49
-81.28
 53
0.0
 43
66.04
 44
2097.528
 45
101.6
 46
101.6
 79
2
 49
35.56
 49
-66.04
 53
0.0
 43
0.0
 44
2132.072
 45
101.6
 46
101.6
 79
2
 49
34.544
 49
-67.056
 53
0.0
 43
34.544
 44
2134.104
 45
101.6
 46
101.6
 79
2
 49
24.384
 49
-77.216
 53
0.0
 43
58.928
 44
2131.056
 45
101.6
 46
101.6
 79
2
 49
18.288
 49
-83.312
 53
0.0
 43
77.216
 44
2135.12
 45
101.6
 46
101.6
 79
2
 49
17.272
 49
-84.328
 53
180.0
 43
101.6
 44
2132.072
 45
-101.6
 46
-101.6
 79
2
 49
7.112
 49
-94.488
 53
90.0
 43
10.16
 44
2064.0
 45
-101.6
 46
101.6
 79
2
 49
35.56
 49
-66.04
 53
90.0
 43
40.64
 44
2064.0
 45
-101.6
 46
101.6
 79
2
 49
33.528
 49
-68.072
 53
90.0
 43
55.88
 44
2064.0
 45
-101.6
 46
101.6
 79
2
 49
36.576
 49
-65.024
 53
90.0
 43
86.36
 44
2064.0
 45
-101.6
 46
101.6
 79
2
 49
33.528
 49
-68.072
 53
90.0
 43
45.72
 44
2097.528
 45
-101.6
 46
101.6
 79
2
 49
36.576
 49
-65.024
 53
90.0
 43
34.544
 44
2132.072
 45
-101.6
 46
101.6
 79
2
 49
33.528
 49
-68.072
 53
90.0
 43
58.928
 44
2131.056
 45
-101.6
 46
101.6
 79
2
 49
34.544
 49
-67.056
 53
270.0
 43
0.0
 44
2132.072
 45
101.6
 46
-101.6
 79
2
 49
34.544
 49
-67.056
 53
270.0
 43
15.24
 44
2132.072
 45
101.6
 46
-101.6
 79
2
 49
34.544
 49
-67.056
 53
270.0
 43
66.04
 44
2131.056
 45
101.6
 46
-101.6
 79
2
 49
33.528
 49
-68.072
 53
90.0
 43
94.488
 44
2132.072
 45
-101.6
 46
101.6
 79
2
 49
33.528
 49
-68.072
 53
90.0
 43
77.216
 44
2131.056
 45
-101.6
 46
101.6
 79
2
 49
34.544
 49
-67.056
 53
270.0
 43
94.488
 44
2067.048
 45
101.6
 46
-101.6
 79
2
 49
3.048
 49
-98.552
 98
0
  0
TEXT
  5
231
330
17
100
AcDbEntity
  8
LABEL
100
AcDbText
 10
120.0
 20
2115.0
 30
0.0
 40
3.0
  1
SOLID
  7
OpenSans
 11
120.0
 21
2115.0
 31
0.0
100
AcDbText
  0
LWPOLYLINE
  5
232
330
17
100
AcDbEntity
  8
FRAME
100
AcDbPolyline
 90
4
 70
1
 10
120.0
 20
2064.0
 10
212.0
 20
2064.0
 10
212.0
 20
2112.0
 10
120.0
 20
2112.0
  0
HATCH
  5
233
330
17
100
AcDbEntity
  8
HATCH
 62
7
100
AcDbHatch
 10
0.0
 20
0.0
 30
0.0
210
0.0
220
0.0
230
1.0
  2
SOLID
 70
0
 71
0
 91
1
 92
3
 72
0
 73
1
 93
4
 10
120.0
 20
2064.0
 10
212.0
 20
2064.0
 10
212.0
 20
2112.0
 10
120.0
 20
2112.0
 97
0
 75
0
 76
1
 52
0.0
 41
1.0
 77
0
 78
1
 53
45.0
 43
120.0
 44
2064.0
 45
-0.0883883476
 46
0.0883883476
 79
0
 98
0
  0
TEXT
  5
234
330
17
100
AcDbEntity
  8
LABEL
100
AcDbText
 10
240.0
 20
2115.0
 30
0.0
 40
3.0
  1
SPANISH
  7
OpenSans
 11
240.0
 21
2115.0
 31
0.0
100
AcDbText
  0
LWPOLYLINE
  5
235
330
17
100
AcDbEntity
  8
FRAME
100
AcDbPolyline
 90
4
 70
1
 10
240.0
 20
2064.0
 10
332.0
 20
2064.0
 10
332.0
 20
2112.0
 10
240.0
 20
2112.0
  0
HATCH
  5
236
330
17
100
AcDbEntity
  8
HATCH
 62
7
100
AcDbHatch
 10
0.0
 20
0.0
 30
0.0
210
0.0
220
0.0
230
1.0
  2
SPANISH
 70
0
 71
0
 91
1
 92
3
 72
0
 73
1
 93
4
 10
240.0
 20
2064.0
 10
332.0
 20
2064.0
 10
332.0
 20
2112.0
 10
240.0
 20
2112.0
 97
0
 75
0
 76
1
 52
0.0
 41
1.0
 77
0
 78
16
 53
274.9697
 43
268.0416
 44
2094.48
 45
-30.4797350376
 46
365.7600320503
 79
2
 49
28.14742656
 49
-675.53802408
 53
180.0
 43
270.48
 44
2066.4384
 45
-30.48
 46
-30.48
 79
2
 49
2.4384
 49
-28.0416
 53
0.0
 43
240.0
 44
2064.0
 45
30.48
 46
30.48
 79
2
 49
8.5344
 49
-21.9456
 53
90.0
 43
248.5344
 44
2064.0
 45
-30.48
 46
30.48
 79
2
 49
3.048
 49
-27.432
 53
270.0
 43
268.0416
 44
2067.048
 45
30.48
 46
-30.48
 79
2
 49
3.048
 49
-27.432
 53
0.0
 43
268.0416
 44
2064.0
 45
30.48
 46
30.48
 79
2
 49
2.4384
 49
-28.0416
 53
0.0
 43
240.0
 44
2066.4384
 45
30.48
 46
30.48
 79
2
 49
6.096
 49
-24.384
 53
85.0303
 43
246.096
 44
2066.4384
 45
30.4797350376
 46
365.7600320503
 79
2
 49
28.14742656
 49
-675.53802408
 53
52.6961
 43
246.096
 44
2067.9624
 45
-396.2395699236
 46
-518.1603274067
 79
2
 49
8.04696384
 49
-796.64814
 53
18.4349
 43
250.9728
 44
2074.3632
 45
60.9600132464
 46
30.4799513302
 79
2
 49
7.71089136
 49
-88.6753116
 53
341.5651
 43
258.288
 44
2076.8016
 45
-60.9600132464
 46
30.4799513302
 79
2
 49
7.71089136
 49
-88.6753116
 53
307.3039
 43
265.6032
 44
2074.3632
 45
396.2395699236
 46
-518.1603274067
 79
2
 49
8.04696384
 49
-796.64814
 53
20.2249
 43
252.4968
 44
2072.2296
 45
-335.2799166169
 46
-121.920254069
 79
2
 49
6.1717428
 49
-611.00122656
 53
339.7751
 43
258.288
 44
2074.3632
 45
335.2799166169
 46
-121.920254069
 79
2
 49
6.1717428
 49
-611.00122656
 53
307.4054
 43
264.0792
 44
2072.2296
 45
304.8003033557
 46
-396.2397703326
 79
2
 49
6.52299432
 49
-645.777474
 53
52.5946
 43
248.5344
 44
2067.048
 45
-304.8003033557
 46
-396.2397703326
 79
2
 49
6.52299432
 49
-645.777474
 98
0
  0
TEXT
  5
237
330
17
100
AcDbEntity
  8
LABEL
100
AcDbText
 10
360.0
 20
2115.0
 30
0.0
 40
3.0
  1
SQUARE
  7
OpenSans
 11
360.0
 21
2115.0
 31
0.0
100
AcDbText
  0
LWPOLYLINE
  5
238
330
17
100
AcDbEntity
  8
FRAME
100
AcDbPolyline
 90
4
 70
1
 10
360.0
 20
2064.0
 10
452.0
 20
2064.0
 10
452.0
 20
2112.0
 10
360.0
 20
2112.0
  0
HATCH
  5
239
330
17
100
AcDbEntity
  8
HATCH
 62
7
100
AcDbHatch
 10
0.0
 20
0.0
 30
0.0
210
0.0
220
0.0
230
1.0
  2
SQUARE
 70
0
 71
0
 91
1
 92
3
 72
0
 73
1
 93
4
 10
360.0
 20
2064.0
 10
452.0
 20
2064.0
 10
452.0
 20
2112.0
 10
360.0
 20
2112.0
 97
0
 75
0
 76
1
 52
0.0
 41
1.0
 77
0
 78
2
 53
0.0
 43
360.0
 44
2064.0
 45
0.0
 46
3.175
 79
2
 49
3.175
 49
-3.175
 53
90.0
 43
360.0
 44
2064.0
 45
-3.175
 46
0.0
 79
2
 49
3.175
 49
-3.175
 98
0
  0
TEXT
  5
23A
330
17
100
AcDbEntity
  8
LABEL
100
AcDbText
 10
480.0
 20
2115.0
 30
0.0
 40
3.0
  1
SQUARES
  7
OpenSans
 11
480.0
 21
2115.0
 31
0.0
100
AcDbText
  0
LWPOLYLINE
  5
23B
330
17
100
AcDbEntity
  8
FRAME
100
AcDbPolyline
 90
4
 70
1
 10
480.0
 20
2064.0
 10
572.0
 20
2064.0
 10
572.0
 20
2112.0
 10
480.0
 20
2112.0
  0
HATCH
  5
23C
330
17
100
AcDbEntity
  8
HATCH
 62
7
100
AcDbHatch
 10
0.0
 20
0.0
 30
0.0
210
0.0
220
0.0
230
1.0
  2
SQUARES
 70
0
 71
0
 91
1
 92
3
 72
0
 73
1
 93
4
 10
480.0
 20
2064.0
 10
572.0
 20
2064.0
 10
572.0
 20
2112.0
 10
480.0
 20
2112.0
 97
0
 75
0
 76
1
 52
0.0
 41
1.0
 77
0
 78
2
 53
0.0
 43
480.0
 44
2064.0
 45
0.0
 46
3.81
 79
2
 49
3.81
 49
-3.81
 53
90.0
 43
480.0
 44
2064.0
 45
-3.81
 46
0.0
 79
2
 49
3.81
 49
-3.81
 98
0
  0
TEXT
  5
23D
330
17
100
AcDbEntity
  8
LABEL
100
AcDbText
 10
600.0
 20
2115.0
 30
0.0
 40
3.0
  1
STARS
  7
OpenSans
 11
600.0
 21
2115.0
 31
0.0
100
AcDbText
  0
LWPOLYLINE
  5
23E
330
17
100
AcDbEntity
  8
FRAME
100
AcDbPolyline
 90
4
 70
1
 10
600.0
 20
2064.0
 10
692.0
 20
2064.0
 10
692.0
 20
2112.0
 10
600.0
 20
2112.0
  0
HATCH
  5
23F
330
17
100
AcDbEntity
  8
HATCH
 62
7
100
AcDbHatch
 10
0.0
 20
0.0
 30
0.0
210
0.0
220
0.0
230
1.0
  2
STARS
 70
0
 71
0
 91
1
 92
3
 72
0
 73
1
 93
4
 10
600.0
 20
2064.0
 10
692.0
 20
2064.0
 10
692.0
 20
2112.0
 10
600.0
 20
2112.0
 97
0
 75
0
 76
1
 52
0.0
 41
1.0
 77
0
 78
3
 53
0.0
 43
600.0
 44
2064.0
 45
0.0
 46
5.4992613154
 79
2
 49
3.175
 49
-3.175
 53
60.0
 43
600.0
 44
2064.0
 45
-4.7625000012
 46
2.7496306577
 79
2
 49
3.175
 49
-3.175
 53
120.0
 43
601.5875
 44
2066.7496306704
 45
-4.7625000012
 46
-2.7496306577
 79
2
 49
3.175
 49
-3.175
 98
0
  0
TEXT
  5
240
330
17
100
AcDbEntity
  8
LABEL
100
AcDbText
 10
0.0
 20
2203.0
 30
0.0
 40
3.0
  1
STEEL
  7
OpenSans
 11
0.0
 21
2203.0
 31
0.0
100
AcDbText
  0
LWPOLYLINE
  5
241
330
17
100
AcDbEntity
  8
FRAME
100
AcDbPolyline
 90
4
 70
1
 10
0.0
 20
2152.0
 10
92.0
 20
2152.0
 10
92.0
 20
2200.0
 10
0.0
 20
2200.0
  0
HATCH
  5
242
330
17
100
AcDbEntity
  8
HATCH
 62
7
100
AcDbHatch
 10
0.0
 20
0.0
 30
0.0
210
0.0
220
0.0
230
1.0
  2
STEEL
 70
0
 71
0
 91
1
 92
3
 72
0
 73
1
 93
4
 10
0.0
 20
2152.0
 10
92.0
 20
2152.0
 10
92.0
 20
2200.0
 10
0.0
 20
2200.0
 97
0
 75
0
 76
1
 52
0.0
 41
1.0
 77
0
 78
8
 53
45.0
 43
0.0
 44
2152.0
 45
-5.3881536726
 46
5.3881536726
 79
0
 53
45.0
 43
4.318
 44
2152.0
 45
-5.3881536726
 46
5.3881536726
 79
0
 53
45.0
 43
4.572
 44
2152.0
 45
-5.3881536726
 46
5.3881536726
 79
0
 53
45.0
 43
4.826
 44
2152.0
 45
-5.3881536726
 46
5.3881536726
 79
0
 53
45.0
 43
5.08
 44
2152.0
 45
-5.3881536726
 46
5.3881536726
 79
0
 53
45.0
 43
5.334
 44
2152.0
 45
-5.3881536726
 46
5.3881536726
 79
0
 53
45.0
 43
5.588
 44
2152.0
 45
-5.3881536726
 46
5.3881536726
 79
0
 53
45.0
 43
5.842
 44
2152.0
 45
-5.3881536726
 46
5.3881536726
 79
0
 98
0
  0
TEXT
  5
243
330
17
100
AcDbEntity
  8
LABEL
100
AcDbText
 10
120.0
 20
2203.0
 30
0.0
 40
3.0
  1
SWAMP
  7
OpenSans
 11
120.0
 21
2203.0
 31
0.0
100
AcDbText
  0
LWPOLYLINE
  5
244
330
17
100
AcDbEntity
  8
FRAME
100
AcDbPolyline
 90
4
 70
1
 10
120.0
 20
2152.0
 10
212.0
 20
2152.0
 10
212.0
 20
2200.0
 10
120.0
 20
2200.0
  0
HATCH
  5
245
330
17
100
AcDbEntity
  8
HATCH
 62
7
100
AcDbHatch
 10
0.0
 20
0.0
 30
0.0
210
0.0
220
0.0
230
1.0
  2
SWAMP
 70
0
 71
0
 91
1
 92
3
 72
0
 73
1
 93
4
 10
120.0
 20
2152.0
 10
212.0
 20
2152.0
 10
212.0
 20
2200.0
 10
120.0
 20
2200.0
 97
0
 75
0
 76
1
 52
0.0
 41
1.0
 77
0
 78
6
 53
0.0
 43
120.0
 44
2152.0
 45
12.7
 46
21.9970452362
 79
2
 49
3.175
 49
-22.225
 53
90.0
 43
121.5875
 44
2152.0
 45
-12.7
 46
21.9970452362
 79
2
 49
1.5875
 49
-42.4065904724
 53
90.0
 43
121.984375
 44
2152.0
 45
-12.7
 46
21.9970452362
 79
2
 49
1.27
 49
-42.7240904724
 53
90.0
 43
121.190625
 44
2152.0
 45
-12.7
 46
21.9970452362
 79
2
 49
1.27
 49
-42.7240904724
 53
60.0
 43
122.38125
 44
2152.0
 45
-12.6999999827
 46
21.9970452462
 79
2
 49
1.016
 49
-24.384
 53
120.0
 43
120.79375
 44
2152.0
 45
-25.3999999827
 46
1e-08
 79
2
 49
1.016
 49
-24.384
 98
0
  0
TEXT
  5
246
330
17
100
AcDbEntity
  8
LABEL
100
AcDbText
 10
240.0
 20
2203.0
 30
0.0
 40
3.0
  1
TILEPAT1
  7
OpenSans
 11
240.0
 21
2203.0
 31
0.0
100
AcDbText
  0
LWPOLYLINE
  5
247
330
17
100
AcDbEntity
  8
FRAME
100
AcDbPolyline
 90
4
 70
1
 10
240.0
 20
2152.0
 10
332.0
 20
2152.0
 10
332.0
 20
2200.0
 10
240.0
 20
2200.0
  0
HATCH
  5
248
330
17
100
AcDbEntity
  8
HATCH
 62
7
100
AcDbHatch
 10
0.0
 20
0.0
 30
0.0
210
0.0
220
0.0
230
1.0
  2
TILEPAT1
 70
0
 71
0
 91
1
 92
3
 72
0
 73
1
 93
4
 10
240.0
 20
2152.0
 10
332.0
 20
2152.0
 10
332.0
 20
2200.0
 10
240.0
 20
2200.0
 97
0
 75
0
 76
1
 52
0.0
 41
1.0
 77
0
 78
6
 53
0.0
 43
245.7473088
 44
2152.0
 45
24.384
 46
24.384
 79
2
 49
37.2731792
 49
-11.4948208
 53
90.0
 43
240.0
 44
2157.7473088
 45
-24.384
 46
24.384
 79
2
 49
37.2731792
 49
-11.4948208
 53
45.0
 43
258.6366912
 44
2176.384
 45
-24.3840535245
 46
24.3840535245
 79
2
 49
8.128
 49
-26.3562592
 53
315.0
 43
258.6366912
 44
2176.384
 45
24.3840535245
 46
24.3840535245
 79
2
 49
8.128
 49
-26.3562592
 53
45.0
 43
264.384
 44
2170.6366912
 45
-24.3840535245
 46
24.3840535245
 79
2
 49
8.128
 49
-26.3562592
 53
315.0
 43
264.384
 44
2182.1313088
 45
24.3840535245
 46
24.3840535245
 79
2
 49
8.128
 49
-26.3562592
 98
0
  0
TEXT
  5
249
330
17
100
AcDbEntity
  8
LABEL
100
AcDbText
 10
360.0
 20
2203.0
 30
0.0
 40
3.0
  1
TRANS
  7
OpenSans
 11
360.0
 21
2203.0
 31
0.0
100
AcDbText
  0
LWPOLYLINE
  5
24A
330
17
100
AcDbEntity
  8
FRAME
100
AcDbPolyline
 90
4
 70
1
 10
360.0
 20
2152.0
 10
452.0
 20
2152.0
 10
452.0
 20
2200.0
 10
360.0
 20
2200.0
  0
HATCH
  5
24B
330
17
100
AcDbEntity
  8
HATCH
 62
7
100
AcDbHatch
 10
0.0
 20
0.0
 30
0.0
210
0.0
220
0.0
230
1.0
  2
TRANS
 70
0
 71
0
 91
1
 92
3
 72
0
 73
1
 93
4
 10
360.0
 20
2152.0
 10
452.0
 20
2152.0
 10
452.0
 20
2200.0
 10
360.0
 20
2200.0
 97
0
 75
0
 76
1
 52
0.0
 41
1.0
 77
0
 78
2
 53
0.0
 43
360.0
 44
2152.0
 45
0.0
 46
6.35
 79
0
 53
0.0
 43
360.0
 44
2155.175
 45
0.0
 46
6.35
 79
2
 49
3.175
 49
-3.175
 98
0
  0
TEXT
  5
24C
330
17
100
AcDbEntity
  8
LABEL
100
AcDbText
 10
480.0
 20
2203.0
 30
0.0
 40
3.0
  1
TRIANG
  7
OpenSans
 11
480.0
 21
2203.0
 31
0.0
100
AcDbText
  0
LWPOLYLINE
  5
24D
330
17
100
AcDbEntity
  8
FRAME
100
AcDbPolyline
 90
4
 70
1
 10
480.0
 20
2152.0
 10
572.0
 20
2152.0
 10
572.0
 20
2200.0
 10
480.0
 20
2200.0
  0
HATCH
  5
24E
330
17
100
AcDbEntity
  8
HATCH
 62
7
100
AcDbHatch
 10
0.0
 20
0.0
 30
0.0
210
0.0
220
0.0
230
1.0
  2
TRIANG
 70
0
 71
0
 91
1
 92
3
 72
0
 73
1
 93
4
 10
480.0
 20
2152.0
 10
572.0
 20
2152.0
 10
572.0
 20
2200.0
 10
480.0
 20
2200.0
 97
0
 75
0
 76
1
 52
0.0
 41
1.0
 77
0
 78
3
 53
60.0
 43
480.0
 44
2152.0
 45
-4.7624999908
 46
8.2488919657
 79
2
 49
4.7625
 49
-4.7625
 53
120.0
 43
480.0
 44
2152.0
 45
-9.5249999908
 46
5.3e-09
 79
2
 49
4.7625
 49
-4.7625
 53
0.0
 43
477.61875
 44
2156.1244459802
 45
4.7625
 46
8.2488919604
 79
2
 49
4.7625
 49
-4.7625
 98
0
  0
TEXT
  5
24F
330
17
100
AcDbEntity
  8
LABEL
100
AcDbText
 10
600.0
 20
2203.0
 30
0.0
 40
3.0
  1
TRIANGLES
  7
OpenSans
 11
600.0
 21
2203.0
 31
0.0
100
AcDbText
  0
LWPOLYLINE
  5
250
330
17
100
AcDbEntity
  8
FRAME
100
AcDbPolyline
 90
4
 70
1
 10
600.0
 20
2152.0
 10
692.0
 20
2152.0
 10
692.0
 20
2200.0
 10
600.0
 20
2200.0
  0
HATCH
  5
251
330
17
100
AcDbEntity
  8
HATCH
 62
7
100
AcDbHatch
 10
0.0
 20
0.0
 30
0.0
210
0.0
220
0.0
230
1.0
  2
TRIANGLES
 70
0
 71
0
 91
1
 92
3
 72
0
 73
1
 93
4
 10
600.0
 20
2152.0
 10
692.0
 20
2152.0
 10
692.0
 20
2200.0
 10
600.0
 20
2200.0
 97
0
 75
0
 76
1
 52
0.0
 41
1.0
 77
0
 78
3
 53
60.0
 43
600.0
 44
2152.0
 45
-5.7149999889
 46
9.8986703589
 79
2
 49
5.715
 49
-5.715
 53
120.0
 43
600.0
 44
2152.0
 45
-11.4299999889
 46
6.4e-09
 79
2
 49
5.715
 49
-5.715
 53
0.0
 43
597.1425
 44
2156.9493351762
 45
5.715
 46
9.8986703525
 79
2
 49
5.715
 49
-5.715
 98
0
  0
TEXT
  5
252
330
17
100
AcDbEntity
  8
LABEL
100
AcDbText
 10
0.0
 20
2291.0
 30
0.0
 40
3.0
  1
TRIHEX
  7
OpenSans
 11
0.0
 21
2291.0
 31
0.0
100
AcDbText
  0
LWPOLYLINE
  5
253
330
17
100
AcDbEntity
  8
FRAME
100
AcDbPolyline
 90
4
 70
1
 10
0.0
 20
2240.0
 10
92.0
 20
2240.0
 10
92.0
 20
2288.0
 10
0.0
 20
2288.0
  0
HATCH
  5
254
330
17
100
AcDbEntity
  8
HATCH
 62
7
100
AcDbHatch
 10
0.0
 20
0.0
 30
0.0
210
0.0
220
0.0
230
1.0
  2
TRIHEX
 70
0
 71
0
 91
1
 92
3
 72
0
 73
1
 93
4
 10
0.0
 20
2240.0
 10
92.0
 20
2240.0
 10
92.0
 20
2288.0
 10
0.0
 20
2288.0
 97
0
 75
0
 76
1
 52
0.0
 41
1.0
 77
0
 78
6
 53
30.0
 43
0.0
 44
2240.0
 45
6.9e-09
 46
30.4799999881
 79
2
 49
10.16
 49
-20.32
 53
30.0
 43
-8.7988181148
 44
2255.24
 45
6.9e-09
 46
30.4799999881
 79
2
 49
10.16
 49
-20.32
 53
90.0
 43
0.0
 44
2260.32
 45
-26.3964542936
 46
15.24
 79
2
 49
10.16
 49
-20.32
 53
90.0
 43
17.5976362296
 44
2260.32
 45
-26.3964542936
 46
15.24
 79
2
 49
10.16
 49
-20.32
 53
150.0
 43
0.0
 44
2240.0
 45
-26.3964543005
 46
-15.2399999881
 79
2
 49
10.16
 49
-20.32
 53
150.0
 43
-8.7988181148
 44
2255.24
 45
-26.3964543005
 46
-15.2399999881
 79
2
 49
10.16
 49
-20.32
 98
0
  0
TEXT
  5
255
330
17
100
AcDbEntity
  8
LABEL
100
AcDbText
 10
120.0
 20
2291.0
 30
0.0
 40
3.0
  1
V_BATTEN_FLOOR
  7
OpenSans
 11
120.0
 21
2291.0
 31
0.0
100
AcDbText
  0
LWPOLYLINE
  5
256
330
17
100
AcDbEntity
  8
FRAME
100
AcDbPolyline
 90
4
 70
1
 10
120.0
 20
2240.0
 10
212.0
 20
2240.0
 10
212.0
 20
2288.0
 10
120.0
 20
2288.0
  0
HATCH
  5
257
330
17
100
AcDbEntity
  8
HATCH
 62
7
100
AcDbHatch
 10
0.0
 20
0.0
 30
0.0
210
0.0
220
0.0
230
1.0
  2
V_BATTEN_FLOOR
 70
0
 71
0
 91
1
 92
3
 72
0
 73
1
 93
4
 10
120.0
 20
2240.0
 10
212.0
 20
2240.0
 10
212.0
 20
2288.0
 10
120.0
 20
2288.0
 97
0
 75
0
 76
1
 52
0.0
 41
1.0
 77
0
 78
1
 53
0.0
 43
120.0
 44
2240.0
 45
0.0
 46
15.0
 79
0
 98
0
  0
TEXT
  5
258
330
17
100
AcDbEntity
  8
LABEL
100
AcDbText
 10
240.0
 20
2291.0
 30
0.0
 40
3.0
  1
V_MASONRY200x100
  7
OpenSans
 11
240.0
 21
2291.0
 31
0.0
100
AcDbText
  0
LWPOLYLINE
  5
259
330
17
100
AcDbEntity
  8
FRAME
100
AcDbPolyline
 90
4
 70
1
 10
240.0
 20
2240.0
 10
332.0
 20
2240.0
 10
332.0
 20
2288.0
 10
240.0
 20
2288.0
  0
HATCH
  5
25A
330
17
100
AcDbEntity
  8
HATCH
 62
7
100
AcDbHatch
 10
0.0
 20
0.0
 30
0.0
210
0.0
220
0.0
230
1.0
  2
V_MASONRY200x100
 70
0
 71
0
 91
1
 92
3
 72
0
 73
1
 93
4
 10
240.0
 20
2240.0
 10
332.0
 20
2240.0
 10
332.0
 20
2288.0
 10
240.0
 20
2288.0
 97
0
 75
0
 76
1
 52
0.0
 41
1.0
 77
0
 78
2
 53
0.0
 43
240.0
 44
2240.0
 45
0.0
 46
10.0
 79
0
 53
90.0
 43
240.0
 44
2240.0
 45
-10.0
 46
10.0
 79
2
 49
10.0
 49
-10.0
 98
0
  0
TEXT
  5
25B
330
17
100
AcDbEntity
  8
LABEL
100
AcDbText
 10
360.0
 20
2291.0
 30
0.0
 40
3.0
  1
V_MASONRY200x60
  7
OpenSans
 11
360.0
 21
2291.0
 31
0.0
100
AcDbText
  0
LWPOLYLINE
  5
25C
330
17
100
AcDbEntity
  8
FRAME
100
AcDbPolyline
 90
4
 70
1
 10
360.0
 20
2240.0
 10
452.0
 20
2240.0
 10
452.0
 20
2288.0
 10
360.0
 20
2288.0
  0
HATCH
  5
25D
330
17
100
AcDbEntity
  8
HATCH
 62
7
100
AcDbHatch
 10
0.0
 20
0.0
 30
0.0
210
0.0
220
0.0
230
1.0
  2
V_MASONRY200x60
 70
0
 71
0
 91
1
 92
3
 72
0
 73
1
 93
4
 10
360.0
 20
2240.0
 10
452.0
 20
2240.0
 10
452.0
 20
2288.0
 10
360.0
 20
2288.0
 97
0
 75
0
 76
1
 52
0.0
 41
1.0
 77
0
 78
2
 53
0.0
 43
360.0
 44
2240.0
 45
0.0
 46
6.0
 79
0
 53
90.0
 43
360.0
 44
2240.0
 45
-10.0
 46
6.0
 79
2
 49
6.0
 49
-6.0
 98
0
  0
TEXT
  5
25E
330
17
100
AcDbEntity
  8
LABEL
100
AcDbText
 10
480.0
 20
2291.0
 30
0.0
 40
3.0
  1
V_MASONRY200x75
  7
OpenSans
 11
480.0
 21
2291.0
 31
0.0
100
AcDbText
  0
LWPOLYLINE
  5
25F
330
17
100
AcDbEntity
  8
FRAME
100
AcDbPolyline
 90
4
 70
1
 10
480.0
 20
2240.0
 10
572.0
 20
2240.0
 10
572.0
 20
2288.0
 10
480.0
 20
2288.0
  0
HATCH
  5
260
330
17
100
AcDbEntity
  8
HATCH
 62
7
100
AcDbHatch
 10
0.0
 20
0.0
 30
0.0
210
0.0
220
0.0
230
1.0
  2
V_MASONRY200x75
 70
0
 71
0
 91
1
 92
3
 72
0
 73
1
 93
4
 10
480.0
 20
2240.0
 10
572.0
 20
2240.0
 10
572.0
 20
2288.0
 10
480.0
 20
2288.0
 97
0
 75
0
 76
1
 52
0.0
 41
1.0
 77
0
 78
2
 53
0.0
 43
480.0
 44
2240.0
 45
0.0
 46
7.5
 79
0
 53
90.0
 43
480.0
 44
2240.0
 45
-10.0
 46
7.5
 79
2
 49
7.5
 49
-7.5
 98
0
  0
TEXT
  5
261
330
17
100
AcDbEntity
  8
LABEL
100
AcDbText
 10
600.0
 20
2291.0
 30
0.0
 40
3.0
  1
V_MASONRY220x80
  7
OpenSans
 11
600.0
 21
2291.0
 31
0.0
100
AcDbText
  0
LWPOLYLINE
  5
262
330
17
100
AcDbEntity
  8
FRAME
100
AcDbPolyline
 90
4
 70
1
 10
600.0
 20
2240.0
 10
692.0
 20
2240.0
 10
692.0
 20
2288.0
 10
600.0
 20
2288.0
  0
HATCH
  5
263
330
17
100
AcDbEntity
  8
HATCH
 62
7
100
AcDbHatch
 10
0.0
 20
0.0
 30
0.0
210
0.0
220
0.0
230
1.0
  2
V_MASONRY220x80
 70
0
 71
0
 91
1
 92
3
 72
0
 73
1
 93
4
 10
600.0
 20
2240.0
 10
692.0
 20
2240.0
 10
692.0
 20
2288.0
 10
600.0
 20
2288.0
 97
0
 75
0
 76
1
 52
0.0
 41
1.0
 77
0
 78
2
 53
0.0
 43
600.0
 44
2240.0
 45
0.0
 46
8.0
 79
0
 53
90.0
 43
600.0
 44
2240.0
 45
-11.0
 46
8.0
 79
2
 49
8.0
 49
-8.0
 98
0
  0
TEXT
  5
264
330
17
100
AcDbEntity
  8
LABEL
100
AcDbText
 10
0.0
 20
2379.0
 30
0.0
 40
3.0
  1
V_MASONRY300x100
  7
OpenSans
 11
0.0
 21
2379.0
 31
0.0
100
AcDbText
  0
LWPOLYLINE
  5
265
330
17
100
AcDbEntity
  8
FRAME
100
AcDbPolyline
 90
4
 70
1
 10
0.0
 20
2328.0
 10
92.0
 20
2328.0
 10
92.0
 20
2376.0
 10
0.0
 20
2376.0
  0
HATCH
  5
266
330
17
100
AcDbEntity
  8
HATCH
 62
7
100
AcDbHatch
 10
0.0
 20
0.0
 30
0.0
210
0.0
220
0.0
230
1.0
  2
V_MASONRY300x100
 70
0
 71
0
 91
1
 92
3
 72
0
 73
1
 93
4
 10
0.0
 20
2328.0
 10
92.0
 20
2328.0
 10
92.0
 20
2376.0
 10
0.0
 20
2376.0
 97
0
 75
0
 76
1
 52
0.0
 41
1.0
 77
0
 78
2
 53
0.0
 43
0.0
 44
2328.0
 45
0.0
 46
10.0
 79
0
 53
90.0
 43
0.0
 44
2328.0
 45
-15.0
 46
10.0
 79
2
 49
10.0
 49
-10.0
 98
0
  0
TEXT
  5
267
330
17
100
AcDbEntity
  8
LABEL
100
AcDbText
 10
120.0
 20
2379.0
 30
0.0
 40
3.0
  1
V_MASONRY300x150
  7
OpenSans
 11
120.0
 21
2379.0
 31
0.0
100
AcDbText
  0
LWPOLYLINE
  5
268
330
17
100
AcDbEntity
  8
FRAME
100
AcDbPolyline
 90
4
 70
1
 10
120.0
 20
2328.0
 10
212.0
 20
2328.0
 10
212.0
 20
2376.0
 10
120.0
 20
2376.0
  0
HATCH
  5
269
330
17
100
AcDbEntity
  8
HATCH
 62
7
100
AcDbHatch
 10
0.0
 20
0.0
 30
0.0
210
0.0
220
0.0
230
1.0
  2
V_MASONRY300x150
 70
0
 71
0
 91
1
 92
3
 72
0
 73
1
 93
4
 10
120.0
 20
2328.0
 10
212.0
 20
2328.0
 10
212.0
 20
2376.0
 10
120.0
 20
2376.0
 97
0
 75
0
 76
1
 52
0.0
 41
1.0
 77
0
 78
2
 53
0.0
 43
120.0
 44
2328.0
 45
0.0
 46
15.0
 79
0
 53
90.0
 43
120.0
 44
2328.0
 45
-15.0
 46
15.0
 79
2
 49
15.0
 49
-15.0
 98
0
  0
TEXT
  5
26A
330
17
100
AcDbEntity
  8
LABEL
100
AcDbText
 10
240.0
 20
2379.0
 30
0.0
 40
3.0
  1
V_MASONRY300x200
  7
OpenSans
 11
240.0
 21
2379.0
 31
0.0
100
AcDbText
  0
LWPOLYLINE
  5
26B
330
17
100
AcDbEntity
  8
FRAME
100
AcDbPolyline
 90
4
 70
1
 10
240.0
 20
2328.0
 10
332.0
 20
2328.0
 10
332.0
 20
2376.0
 10
240.0
 20
2376.0
  0
HATCH
  5
26C
330
17
100
AcDbEntity
  8
HATCH
 62
7
100
AcDbHatch
 10
0.0
 20
0.0
 30
0.0
210
0.0
220
0.0
230
1.0
  2
V_MASONRY300x200
 70
0
 71
0
 91
1
 92
3
 72
0
 73
1
 93
4
 10
240.0
 20
2328.0
 10
332.0
 20
2328.0
 10
332.0
 20
2376.0
 10
240.0
 20
2376.0
 97
0
 75
0
 76
1
 52
0.0
 41
1.0
 77
0
 78
2
 53
0.0
 43
240.0
 44
2328.0
 45
0.0
 46
20.0
 79
0
 53
90.0
 43
240.0
 44
2328.0
 45
-15.0
 46
20.0
 79
2
 49
20.0
 49
-20.0
 98
0
  0
TEXT
  5
26D
330
17
100
AcDbEntity
  8
LABEL
100
AcDbText
 10
360.0
 20
2379.0
 30
0.0
 40
3.0
  1
V_MASONRY300x75
  7
OpenSans
 11
360.0
 21
2379.0
 31
0.0
100
AcDbText
  0
LWPOLYLINE
  5
26E
330
17
100
AcDbEntity
  8
FRAME
100
AcDbPolyline
 90
4
 70
1
 10
360.0
 20
2328.0
 10
452.0
 20
2328.0
 10
452.0
 20
2376.0
 10
360.0
 20
2376.0
  0
HATCH
  5
26F
330
17
100
AcDbEntity
  8
HATCH
 62
7
100
AcDbHatch
 10
0.0
 20
0.0
 30
0.0
210
0.0
220
0.0
230
1.0
  2
V_MASONRY300x75
 70
0
 71
0
 91
1
 92
3
 72
0
 73
1
 93
4
 10
360.0
 20
2328.0
 10
452.0
 20
2328.0
 10
452.0
 20
2376.0
 10
360.0
 20
2376.0
 97
0
 75
0
 76
1
 52
0.0
 41
1.0
 77
0
 78
2
 53
0.0
 43
360.0
 44
2328.0
 45
0.0
 46
7.5
 79
0
 53
90.0
 43
360.0
 44
2328.0
 45
-15.0
 46
7.5
 79
2
 49
7.5
 49
-7.5
 98
0
  0
TEXT
  5
270
330
17
100
AcDbEntity
  8
LABEL
100
AcDbText
 10
480.0
 20
2379.0
 30
0.0
 40
3.0
  1
V_MASONRY400x100
  7
OpenSans
 11
480.0
 21
2379.0
 31
0.0
100
AcDbText
  0
LWPOLYLINE
  5
271
330
17
100
AcDbEntity
  8
FRAME
100
AcDbPolyline
 90
4
 70
1
 10
480.0
 20
2328.0
 10
572.0
 20
2328.0
 10
572.0
 20
2376.0
 10
480.0
 20
2376.0
  0
HATCH
  5
272
330
17
100
AcDbEntity
  8
HATCH
 62
7
100
AcDbHatch
 10
0.0
 20
0.0
 30
0.0
210
0.0
220
0.0
230
1.0
  2
V_MASONRY400x100
 70
0
 71
0
 91
1
 92
3
 72
0
 73
1
 93
4
 10
480.0
 20
2328.0
 10
572.0
 20
2328.0
 10
572.0
 20
2376.0
 10
480.0
 20
2376.0
 97
0
 75
0
 76
1
 52
0.0
 41
1.0
 77
0
 78
2
 53
0.0
 43
480.0
 44
2328.0
 45
0.0
 46
10.0
 79
0
 53
90.0
 43
480.0
 44
2328.0
 45
-20.0
 46
10.0
 79
2
 49
10.0
 49
-10.0
 98
0
  0
TEXT
  5
273
330
17
100
AcDbEntity
  8
LABEL
100
AcDbText
 10
600.0
 20
2379.0
 30
0.0
 40
3.0
  1
V_MASONRY400x200
  7
OpenSans
 11
600.0
 21
2379.0
 31
0.0
100
AcDbText
  0
LWPOLYLINE
  5
274
330
17
100
AcDbEntity
  8
FRAME
100
AcDbPolyline
 90
4
 70
1
 10
600.0
 20
2328.0
 10
692.0
 20
2328.0
 10
692.0
 20
2376.0
 10
600.0
 20
2376.0
  0
HATCH
  5
275
330
17
100
AcDbEntity
  8
HATCH
 62
7
100
AcDbHatch
 10
0.0
 20
0.0
 30
0.0
210
0.0
220
0.0
230
1.0
  2
V_MASONRY400x200
 70
0
 71
0
 91
1
 92
3
 72
0
 73
1
 93
4
 10
600.0
 20
2328.0
 10
692.0
 20
2328.0
 10
692.0
 20
2376.0
 10
600.0
 20
2376.0
 97
0
 75
0
 76
1
 52
0.0
 41
1.0
 77
0
 78
2
 53
0.0
 43
600.0
 44
2328.0
 45
0.0
 46
20.0
 79
0
 53
90.0
 43
600.0
 44
2328.0
 45
-20.0
 46
20.0
 79
2
 49
20.0
 49
-20.0
 98
0
  0
TEXT
  5
276
330
17
100
AcDbEntity
  8
LABEL
100
AcDbText
 10
0.0
 20
2467.0
 30
0.0
 40
3.0
  1
V_PARQUET
  7
OpenSans
 11
0.0
 21
2467.0
 31
0.0
100
AcDbText
  0
LWPOLYLINE
  5
277
330
17
100
AcDbEntity
  8
FRAME
100
AcDbPolyline
 90
4
 70
1
 10
0.0
 20
2416.0
 10
92.0
 20
2416.0
 10
92.0
 20
2464.0
 10
0.0
 20
2464.0
  0
HATCH
  5
278
330
17
100
AcDbEntity
  8
HATCH
 62
7
100
AcDbHatch
 10
0.0
 20
0.0
 30
0.0
210
0.0
220
0.0
230
1.0
  2
V_PARQUET
 70
0
 71
0
 91
1
 92
3
 72
0
 73
1
 93
4
 10
0.0
 20
2416.0
 10
92.0
 20
2416.0
 10
92.0
 20
2464.0
 10
0.0
 20
2464.0
 97
0
 75
0
 76
1
 52
0.0
 41
1.0
 77
0
 78
1
 53
0.0
 43
0.0
 44
2416.0
 45
0.0
 46
15.0
 79
0
 98
0
  0
TEXT
  5
279
330
17
100
AcDbEntity
  8
LABEL
100
AcDbText
 10
120.0
 20
2467.0
 30
0.0
 40
3.0
  1
V_STANDING_SEAM
  7
OpenSans
 11
120.0
 21
2467.0
 31
0.0
100
AcDbText
  0
LWPOLYLINE
  5
27A
330
17
100
AcDbEntity
  8
FRAME
100
AcDbPolyline
 90
4
 70
1
 10
120.0
 20
2416.0
 10
212.0
 20
2416.0
 10
212.0
 20
2464.0
 10
120.0
 20
2464.0
  0
HATCH
  5
27B
330
17
100
AcDbEntity
  8
HATCH
 62
7
100
AcDbHatch
 10
0.0
 20
0.0
 30
0.0
210
0.0
220
0.0
230
1.0
  2
V_STANDING_SEAM
 70
0
 71
0
 91
1
 92
3
 72
0
 73
1
 93
4
 10
120.0
 20
2416.0
 10
212.0
 20
2416.0
 10
212.0
 20
2464.0
 10
120.0
 20
2464.0
 97
0
 75
0
 76
1
 52
0.0
 41
1.0
 77
0
 78
2
 53
90.0
 43
120.0
 44
2416.0
 45
-55.0
 46
0.0
 79
0
 53
90.0
 43
122.0
 44
2416.0
 45
-55.0
 46
0.0
 79
0
 98
0
  0
TEXT
  5
27C
330
17
100
AcDbEntity
  8
LABEL
100
AcDbText
 10
240.0
 20
2467.0
 30
0.0
 40
3.0
  1
V_ZINC
  7
OpenSans
 11
240.0
 21
2467.0
 31
0.0
100
AcDbText
  0
LWPOLYLINE
  5
27D
330
17
100
AcDbEntity
  8
FRAME
100
AcDbPolyline
 90
4
 70
1
 10
240.0
 20
2416.0
 10
332.0
 20
2416.0
 10
332.0
 20
2464.0
 10
240.0
 20
2464.0
  0
HATCH
  5
27E
330
17
100
AcDbEntity
  8
HATCH
 62
7
100
AcDbHatch
 10
0.0
 20
0.0
 30
0.0
210
0.0
220
0.0
230
1.0
  2
V_ZINC
 70
0
 71
0
 91
1
 92
3
 72
0
 73
1
 93
4
 10
240.0
 20
2416.0
 10
332.0
 20
2416.0
 10
332.0
 20
2464.0
 10
240.0
 20
2464.0
 97
0
 75
0
 76
1
 52
0.0
 41
1.0
 77
0
 78
2
 53
90.0
 43
240.0
 44
2416.0
 45
-40.0
 46
0.0
 79
0
 53
90.0
 43
240.0
 44
2418.0
 45
-40.0
 46
0.0
 79
0
 98
0
  0
TEXT
  5
27F
330
17
100
AcDbEntity
  8
LABEL
100
AcDbText
 10
360.0
 20
2467.0
 30
0.0
 40
3.0
  1
WAFFLE
  7
OpenSans
 11
360.0
 21
2467.0
 31
0.0
100
AcDbText
  0
LWPOLYLINE
  5
280
330
17
100
AcDbEntity
  8
FRAME
100
AcDbPolyline
 90
4
 70
1
 10
360.0
 20
2416.0
 10
452.0
 20
2416.0
 10
452.0
 20
2464.0
 10
360.0
 20
2464.0
  0
HATCH
  5
281
330
17
100
AcDbEntity
  8
HATCH
 62
7
100
AcDbHatch
 10
0.0
 20
0.0
 30
0.0
210
0.0
220
0.0
230
1.0
  2
WAFFLE
 70
0
 71
0
 91
1
 92
3
 72
0
 73
1
 93
4
 10
360.0
 20
2416.0
 10
452.0
 20
2416.0
 10
452.0
 20
2464.0
 10
360.0
 20
2464.0
 97
0
 75
0
 76
1
 52
0.0
 41
1.0
 77
0
 78
4
 53
0.0
 43
368.89
 44
2422.35
 45
0.0
 46
15.24
 79
2
 49
12.7
 49
-2.54
 53
0.0
 43
368.89
 44
2424.89
 45
0.0
 46
15.24
 79
2
 49
12.7
 49
-2.54
 53
90.0
 43
366.35
 44
2424.89
 45
-15.24
 46
0.0
 79
2
 49
12.7
 49
-2.54
 53
90.0
 43
368.89
 44
2424.89
 45
-15.24
 46
0.0
 79
2
 49
12.7
 49
-2.54
 98
0
  0
TEXT
  5
282
330
17
100
AcDbEntity
  8
LABEL
100
AcDbText
 10
480.0
 20
2467.0
 30
0.0
 40
3.0
  1
WATER
  7
OpenSans
 11
480.0
 21
2467.0
 31
0.0
100
AcDbText
  0
LWPOLYLINE
  5
283
330
17
100
AcDbEntity
  8
FRAME
100
AcDbPolyline
 90
4
 70
1
 10
480.0
 20
2416.0
 10
572.0
 20
2416.0
 10
572.0
 20
2464.0
 10
480.0
 20
2464.0
  0
HATCH
  5
284
330
17
100
AcDbEntity
  8
HATCH
 62
7
100
AcDbHatch
 10
0.0
 20
0.0
 30
0.0
210
0.0
220
0.0
230
1.0
  2
WATER
 70
0
 71
0
 91
1
 92
3
 72
0
 73
1
 93
4
 10
480.0
 20
2416.0
 10
572.0
 20
2416.0
 10
572.0
 20
2464.0
 10
480.0
 20
2464.0
 97
0
 75
0
 76
1
 52
0.0
 41
1.0
 77
0
 78
5
 53
0.0
 43
480.0
 44
2416.0
 45
0.0
 46
20.32
 79
2
 49
4.064
 49
-16.256
 53
45.0
 43
488.128
 44
2418.032
 45
0.0
 46
20.3200000004
 79
2
 49
5.747363918
 49
-22.989455672
 53
135.0
 43
496.256
 44
2418.032
 45
-20.3200000004
 46
0.0
 79
2
 49
5.747363918
 49
-22.989455672
 53
26.5650512
 43
484.064
 44
2416.0
 45
20.3199999955
 46
1.72e-08
 79
2
 49
4.543552
 49
-40.8933492926
 53
333.4349488
 43
496.256
 44
2418.032
 45
20.3199999955
 46
-1.72e-08
 79
2
 49
4.543552
 49
-40.8933492926
 98
0
  0
TEXT
  5
285
330
17
100
AcDbEntity
  8
LABEL
100
AcDbText
 10
600.0
 20
2467.0
 30
0.0
 40
3.0
  1
WOOD1
  7
OpenSans
 11
600.0
 21
2467.0
 31
0.0
100
AcDbText
  0
LWPOLYLINE
  5
286
330
17
100
AcDbEntity
  8
FRAME
100
AcDbPolyline
 90
4
 70
1
 10
600.0
 20
2416.0
 10
692.0
 20
2416.0
 10
692.0
 20
2464.0
 10
600.0
 20
2464.0
  0
HATCH
  5
287
330
17
100
AcDbEntity
  8
HATCH
 62
7
100
AcDbHatch
 10
0.0
 20
0.0
 30
0.0
210
0.0
220
0.0
230
1.0
  2
WOOD1
 70
0
 71
0
 91
1
 92
3
 72
0
 73
1
 93
4
 10
600.0
 20
2416.0
 10
692.0
 20
2416.0
 10
692.0
 20
2464.0
 10
600.0
 20
2464.0
 97
0
 75
0
 76
1
 52
0.0
 41
1.0
 77
0
 78
3
 53
216.8699
 43
608.128
 44
2436.32
 45
60.9599983302
 46
40.6400025047
 79
2
 49
10.16
 49
-91.44
 53
206.5651
 43
620.32
 44
2430.224
 45
-20.3199828894
 46
-20.3200266069
 79
2
 49
22.71845088
 49
-22.71845088
 53
198.4349
 43
620.32
 44
2420.064
 45
-40.6400088309
 46
-20.3199675535
 79
2
 49
12.85150592
 49
-51.40598304
 98
0
  0
TEXT
  5
288
330
17
100
AcDbEntity
  8
LABEL
100
AcDbText
 10
0.0
 20
2555.0
 30
0.0
 40
3.0
  1
WOOD2
  7
OpenSans
 11
0.0
 21
2555.0
 31
0.0
100
AcDbText
  0
LWPOLYLINE
  5
289
330
17
100
AcDbEntity
  8
FRAME
100
AcDbPolyline
 90
4
 70
1
 10
0.0
 20
2504.0
 10
92.0
 20
2504.0
 10
92.0
 20
2552.0
 10
0.0
 20
2552.0
  0
HATCH
  5
28A
330
17
100
AcDbEntity
  8
HATCH
 62
7
100
AcDbHatch
 10
0.0
 20
0.0
 30
0.0
210
0.0
220
0.0
230
1.0
  2
WOOD2
 70
0
 71
0
 91
1
 92
3
 72
0
 73
1
 93
4
 10
0.0
 20
2504.0
 10
92.0
 20
2504.0
 10
92.0
 20
2552.0
 10
0.0
 20
2552.0
 97
0
 75
0
 76
1
 52
0.0
 41
1.0
 77
0
 78
8
 53
108.4349
 43
5.2832
 44
2504.0
 45
-20.3199675535
 46
40.6400088309
 79
2
 49
7.71089136
 49
-56.54657728
 53
139.3987
 43
2.8448
 44
2511.3152
 45
-121.9199800489
 46
101.6000085595
 79
2
 49
3.74682512
 49
-183.59432928
 53
136.8476
 43
20.32
 44
2513.7536
 45
-304.7999499622
 46
284.4800575845
 79
2
 49
8.91304288
 49
-436.73934496
 53
109.9831
 43
13.8176
 44
2519.8496
 45
-60.9599889052
 46
162.5600133871
 79
2
 49
4.75679008
 49
-233.08271392
 53
90.0
 43
12.192
 44
2504.0
 45
-20.32
 46
20.32
 79
2
 49
4.064
 49
-16.256
 53
118.4429
 43
12.192
 44
2508.064
 45
142.2398748065
 46
-264.1600765238
 79
2
 49
11.09256608
 49
-543.53549408
 53
84.2894
 43
6.9088
 44
2517.8176
 45
-20.320026714
 46
-182.8799882854
 79
2
 49
4.08427936
 49
-200.12920096
 53
129.8056
 43
7.3152
 44
2521.8816
 45
81.2800494301
 46
-101.5999606056
 79
2
 49
3.1740856
 49
-155.5301944
 98
0
  0
TEXT
  5
28B
330
17
100
AcDbEntity
  8
LABEL
100
AcDbText
 10
120.0
 20
2555.0
 30
0.0
 40
3.0
  1
WOOD3
  7
OpenSans
 11
120.0
 21
2555.0
 31
0.0
100
AcDbText
  0
LWPOLYLINE
  5
28C
330
17
100
AcDbEntity
  8
FRAME
100
AcDbPolyline
 90
4
 70
1
 10
120.0
 20
2504.0
 10
212.0
 20
2504.0
 10
212.0
 20
2552.0
 10
120.0
 20
2552.0
  0
HATCH
  5
28D
330
17
100
AcDbEntity
  8
HATCH
 62
7
100
AcDbHatch
 10
0.0
 20
0.0
 30
0.0
210
0.0
220
0.0
230
1.0
  2
WOOD3
 70
0
 71
0
 91
1
 92
3
 72
0
 73
1
 93
4
 10
120.0
 20
2504.0
 10
212.0
 20
2504.0
 10
212.0
 20
2552.0
 10
120.0
 20
2552.0
 97
0
 75
0
 76
1
 52
0.0
 41
1.0
 77
0
 78
55
 53
355.2364
 43
120.0
 44
2513.4996
 45
-614.6800528803
 46
55.8795268451
 79
2
 49
6.72884608
 49
-666.15548252
 53
11.3099
 43
126.7056
 44
2512.9408
 45
223.5200420347
 46
55.8798676852
 79
2
 49
8.54801948
 49
-276.38521812
 53
45.0
 43
135.0876
 44
2514.6172
 45
0.0
 46
55.880017292
 79
2
 49
6.32209556
 49
-72.70412688
 53
46.8476
 43
139.558
 44
2519.0876
 45
782.3201583573
 46
838.199862396
 79
2
 49
12.25543396
 49
-1213.2886326
 53
12.9946
 43
147.94
 44
2528.0284
 45
-502.9200429018
 46
-111.7598646351
 79
2
 49
7.45534196
 49
-738.07684236
 53
0.0
 43
155.2044
 44
2529.7048
 45
55.88
 46
55.88
 79
2
 49
13.97
 49
-41.91
 53
350.5377
 43
169.1744
 44
2529.7048
 45
-279.4000432341
 46
55.8798960186
 79
2
 49
6.7980814
 49
-333.10665916
 53
354.2894
 43
120.0
 44
2528.5872
 45
-502.9199677849
 46
55.8800734636
 79
2
 49
5.61588412
 49
-555.97118676
 53
0.0
 43
125.588
 44
2528.0284
 45
55.88
 46
55.88
 79
2
 49
8.382
 49
-47.498
 53
28.3008
 43
133.97
 44
2528.0284
 45
614.6797272924
 46
335.2804958908
 79
2
 49
8.25057024
 49
-816.807739
 53
52.125
 43
141.2344
 44
2531.94
 45
-223.5201042102
 46
-279.3999496738
 79
2
 49
12.7425958
 49
-624.38741772
 53
39.2894
 43
149.0576
 44
2541.9984
 45
335.2800357399
 46
279.3999794311
 79
2
 49
7.94205676
 49
-786.26199872
 53
6.3402
 43
155.2044
 44
2547.0276
 45
447.0399666176
 46
55.8800882323
 79
2
 49
10.12031504
 49
-495.89459876
 53
348.1113
 43
165.2628
 44
2548.1452
 45
-782.3198491826
 46
167.6405887097
 79
2
 49
10.8499402
 49
-1074.14340924
 53
353.2902
 43
120.0
 44
2545.91
 45
502.9200557543
 46
-55.8796580839
 79
2
 49
9.56509136
 49
-946.9463916
 53
3.3665
 43
129.4996
 44
2544.7924
 45
894.0799621116
 46
55.8806126322
 79
2
 49
9.51602872
 49
-942.08611684
 53
33.6901
 43
138.9992
 44
2545.3512
 45
-111.7599752883
 46
-55.8800745723
 79
2
 49
10.07393464
 49
-191.40431112
 53
47.4896
 43
147.3812
 44
2550.9392
 45
558.7994813412
 46
614.6804846959
 79
2
 49
9.09659344
 49
-900.56386816
 53
14.9314
 43
153.528
 44
2557.6448
 45
614.6800298916
 46
167.6398297883
 79
2
 49
8.67492296
 49
-858.81597604
 53
0.0
 43
161.91
 44
2559.88
 45
55.88
 46
55.88
 79
2
 49
6.7056
 49
-49.1744
 53
347.0054
 43
168.6156
 44
2559.88
 45
502.9200429018
 46
-111.7598646351
 79
2
 49
7.45534196
 49
-738.07684236
 53
0.0
 43
137.3228
 44
2504.0
 45
55.88
 46
55.88
 79
2
 49
0.0
 49
-55.88
 53
223.1524
 43
145.14600000000002
 44
2512.382
 45
838.199862396
 46
782.3201583573
 79
2
 49
12.25543396
 49
-1213.2886326
 53
206.5651
 43
136.2052
 44
2559.88
 45
-55.8799529457
 46
-55.8800731691
 79
2
 49
4.99807484
 49
-119.953405
 53
188.1301
 43
131.7348
 44
2557.6448
 45
-335.2799875086
 46
-55.879964003
 79
2
 49
7.90260548
 49
-387.22861848
 53
156.8014
 43
123.91159999999999
 44
2556.5272
 45
-279.3999849497
 46
111.7600740558
 79
2
 49
4.25570904
 49
-421.3136862
 53
26.5651
 43
145.14600000000002
 44
2512.382
 45
55.8799529457
 46
55.8800731691
 79
2
 49
6.24755164
 49
-118.7039282
 53
6.7098
 43
150.734
 44
2515.176
 45
-502.9200557543
 46
-55.8796580839
 79
2
 49
9.56509136
 49
-946.9463916
 53
349.8753
 43
160.2336
 44
2516.2936
 45
949.9599323656
 46
-167.6404799319
 79
2
 49
15.89389252
 49
-1573.49675648
 53
349.6952
 43
120.0
 44
2507.3528
 45
335.2800536922
 46
-55.879713645
 79
2
 49
6.24755164
 49
-618.50979168
 53
15.5241
 43
126.1468
 44
2506.2352
 45
-614.6800572563
 46
-167.6398758126
 79
2
 49
10.4392222
 49
-1033.48528888
 53
42.8789
 43
136.2052
 44
2509.0292
 45
-726.4400443095
 46
-670.5599862115
 79
2
 49
10.675874
 49
-1056.91001724
 53
34.6952
 43
144.0284
 44
2516.2936
 45
558.7996791922
 46
391.1604811041
 79
2
 49
8.83541032
 49
-874.70495112
 53
9.4623
 43
151.2928
 44
2521.3228
 45
279.4000432341
 46
55.8798960186
 79
2
 49
10.19715004
 49
-329.7076464
 53
353.4181
 43
161.3512
 44
2522.9992
 45
-949.9600803515
 46
111.7592568165
 79
2
 49
14.625193
 49
-1447.8943864
 53
351.8699
 43
120.0
 44
2521.3228
 45
-335.2799875086
 46
55.879964003
 79
2
 49
7.90260548
 49
-387.22861848
 53
11.3099
 43
127.8232
 44
2520.2052
 45
223.5200420347
 46
55.8798676852
 79
2
 49
8.54801948
 49
-276.38521812
 53
42.5104
 43
136.2052
 44
2521.8816
 45
-614.6804846959
 46
-558.7994813412
 79
2
 49
9.09659344
 49
-900.56386816
 53
45.0
 43
142.9108
 44
2528.0284
 45
0.0
 46
55.880017292
 79
2
 49
10.27342624
 49
-68.75285208
 53
17.354
 43
150.1752
 44
2535.2928
 45
-726.4401128271
 46
-223.5196927862
 79
2
 49
9.36722028
 49
-927.35229312
 53
356.6335
 43
159.11599999999999
 44
2538.0868
 45
-894.0799621116
 46
55.8806126322
 79
2
 49
9.51602872
 49
-942.08611684
 53
342.8973
 43
168.6156
 44
2537.528
 45
558.8000967259
 46
-167.6397481729
 79
2
 49
7.6005182
 49
-752.44968128
 53
351.2538
 43
120.0
 44
2535.2928
 45
391.1599629156
 46
-55.8802345316
 79
2
 49
7.34984052
 49
-727.63678196
 53
14.9314
 43
127.2644
 44
2534.1752
 45
614.6800298916
 46
167.6398297883
 79
2
 49
8.67492296
 49
-858.81597604
 53
32.0054
 43
135.6464
 44
2536.4104
 45
-279.3999410347
 46
-167.6400617685
 79
2
 49
10.5434384
 49
-516.62747576
 53
49.8991
 43
144.5872
 44
2541.9984
 45
-614.6798915808
 46
-726.440107823
 79
2
 49
13.8803126
 49
-1374.1501092
 53
15.9454
 43
153.528
 44
2552.6156
 45
-223.5200070773
 46
-55.8799938139
 79
2
 49
8.13623976
 49
-398.67630704
 53
353.991
 43
161.3512
 44
2554.8508
 45
558.7999860806
 46
-55.8799618609
 79
2
 49
10.675874
 49
-1056.91001724
 53
336.8014
 43
171.9684
 44
2553.7332
 45
279.3999849497
 46
-111.7600740558
 79
2
 49
4.25570904
 49
-421.3136862
 53
350.5377
 43
120.0
 44
2552.0568
 45
-279.4000432341
 46
55.8798960186
 79
2
 49
6.7980814
 49
-333.10665916
 53
10.008
 43
126.7056
 44
2550.9392
 45
614.6799751096
 46
111.7601940241
 79
2
 49
9.64639676
 49
-954.991994
 53
37.4054
 43
136.2052
 44
2552.6156
 45
726.4395789431
 46
558.8005561521
 79
2
 49
11.95882292
 49
-1183.925369
 53
29.0546
 43
145.7048
 44
2504.0
 45
391.1600214898
 46
223.5200015199
 79
2
 49
5.75318128
 49
-569.56662312
 53
10.7843
 43
150.734
 44
2506.794
 45
-894.0799722664
 46
-167.6400307161
 79
2
 49
11.94580288
 49
-1182.63219404
 53
352.875
 43
162.4688
 44
2509.0292
 45
-391.1600212258
 46
55.8799039922
 79
2
 49
13.51558384
 49
-437.0033932
 98
0
  0
TEXT
  5
28E
330
17
100
AcDbEntity
  8
LABEL
100
AcDbText
 10
240.0
 20
2555.0
 30
0.0
 40
3.0
  1
WOOD4
  7
OpenSans
 11
240.0
 21
2555.0
 31
0.0
100
AcDbText
  0
LWPOLYLINE
  5
28F
330
17
100
AcDbEntity
  8
FRAME
100
AcDbPolyline
 90
4
 70
1
 10
240.0
 20
2504.0
 10
332.0
 20
2504.0
 10
332.0
 20
2552.0
 10
240.0
 20
2552.0
  0
HATCH
  5
290
330
17
100
AcDbEntity
  8
HATCH
 62
7
100
AcDbHatch
 10
0.0
 20
0.0
 30
0.0
210
0.0
220
0.0
230
1.0
  2
WOOD4
 70
0
 71
0
 91
1
 92
3
 72
0
 73
1
 93
4
 10
240.0
 20
2504.0
 10
332.0
 20
2504.0
 10
332.0
 20
2552.0
 10
240.0
 20
2552.0
 97
0
 75
0
 76
1
 52
0.0
 41
1.0
 77
0
 78
92
 53
349.6952
 43
257.32280000000003
 44
2547.0276
 45
335.2800536922
 46
-55.879713645
 79
2
 49
6.24755164
 49
-618.50979168
 53
0.0
 43
263.4696
 44
2545.91
 45
55.88
 46
55.88
 79
2
 49
6.1468
 49
-49.7332
 53
18.4349
 43
269.6164
 44
2545.91
 45
111.7600242851
 46
55.8799107721
 79
2
 49
5.30122384
 49
-171.40681492
 53
172.875
 43
274.6456
 44
2547.5864
 45
391.1600212258
 46
-55.8799039922
 79
2
 49
4.50521324
 49
-446.0137638
 53
174.8056
 43
270.1752
 44
2548.1452
 45
558.8000374421
 46
-55.8797331562
 79
2
 49
6.17216952
 49
-611.04260316
 53
194.0362
 43
264.0284
 44
2548.704
 45
-167.6400305099
 46
-55.8798914453
 79
2
 49
6.91196484
 49
-223.48714256
 53
9.4623
 43
261.7932
 44
2547.0276
 45
279.4000432341
 46
55.8798960186
 79
2
 49
3.39906864
 49
-336.5057278
 53
353.6598
 43
265.146
 44
2547.5864
 45
-447.0399666176
 46
55.8800882323
 79
2
 49
5.06015752
 49
-500.95475628
 53
185.7106
 43
270.1752
 44
2547.0276
 45
-502.9199677849
 46
-55.8800734636
 79
2
 49
5.61588412
 49
-555.97118676
 53
168.6901
 43
264.5872
 44
2546.4688
 45
223.5200420347
 46
-55.8798676852
 79
2
 49
2.8493212
 49
-282.08386052
 53
354.8056
 43
252.2936
 44
2546.4688
 45
-558.8000374421
 46
55.8797331562
 79
2
 49
6.17216952
 49
-611.04260316
 53
348.6901
 43
258.4404
 44
2545.91
 45
-223.5200420347
 46
55.8798676852
 79
2
 49
5.6986424
 49
-279.23453932
 53
0.0
 43
264.0284
 44
2544.7924
 45
55.88
 46
55.88
 79
2
 49
6.7056
 49
-49.1744
 53
20.556
 43
270.734
 44
2544.7924
 45
279.400103073
 46
111.75977628
 79
2
 49
4.7743872
 49
-472.66455632
 53
3.8141
 43
275.2044
 44
2546.4688
 45
782.3199632
 46
55.8803422077
 79
2
 49
8.40060804
 49
-831.65997244
 53
354.8056
 43
283.5864
 44
2547.0276
 45
-558.8000374421
 46
55.8797331562
 79
2
 49
6.17216952
 49
-611.04260316
 53
0.0
 43
289.7332
 44
2546.4688
 45
55.88
 46
55.88
 79
2
 49
6.1468
 49
-49.7332
 53
5.1944
 43
240.0
 44
2546.4688
 45
558.8000374421
 46
55.8797331562
 79
2
 49
6.17216952
 49
-611.04260316
 53
354.8056
 43
246.1468
 44
2547.0276
 45
-558.8000374421
 46
55.8797331562
 79
2
 49
6.17216952
 49
-611.04260316
 53
0.0
 43
240.0
 44
2547.5864
 45
55.88
 46
55.88
 79
2
 49
3.3528
 49
-52.5272
 53
5.1944
 43
243.3528
 44
2547.5864
 45
558.8000374421
 46
55.8797331562
 79
2
 49
6.17216952
 49
-611.04260316
 53
0.0
 43
249.4996
 44
2548.1452
 45
55.88
 46
55.88
 79
2
 49
5.588
 49
-50.292
 53
10.3048
 43
255.0876
 44
2548.1452
 45
-335.2800536922
 46
-55.879713645
 79
2
 49
6.24755164
 49
-618.50979168
 53
5.1944
 43
261.2344
 44
2549.2628
 45
558.8000374421
 46
55.8797331562
 79
2
 49
6.17216952
 49
-611.04260316
 53
354.8056
 43
267.3812
 44
2549.8216
 45
-558.8000374421
 46
55.8797331562
 79
2
 49
6.17216952
 49
-611.04260316
 53
354.8056
 43
273.528
 44
2549.2628
 45
-558.8000374421
 46
55.8797331562
 79
2
 49
6.17216952
 49
-611.04260316
 53
351.8699
 43
279.6748
 44
2548.704
 45
-335.2799875086
 46
55.879964003
 79
2
 49
7.90260548
 49
-387.22861848
 53
0.0
 43
287.498
 44
2547.5864
 45
55.88
 46
55.88
 79
2
 49
8.382
 49
-47.498
 53
347.4712
 43
285.26279999999997
 44
2514.0584
 45
279.4000179045
 46
-55.8799778181
 79
2
 49
5.1518566
 49
-510.03626212
 53
354.2894
 43
290.29200000000003
 44
2512.9408
 45
-502.9199677849
 46
55.8800734636
 79
2
 49
5.61588412
 49
-555.97118676
 53
8.1301
 43
285.26279999999997
 44
2514.0584
 45
335.2799875086
 46
55.879964003
 79
2
 49
3.95133068
 49
-391.17994916
 53
9.4623
 43
289.1744
 44
2514.6172
 45
279.4000432341
 46
55.8798960186
 79
2
 49
6.7980814
 49
-333.10665916
 53
0.0
 43
240.0
 44
2515.7348
 45
55.88
 46
55.88
 79
2
 49
6.7056
 49
-49.1744
 53
350.5377
 43
246.7056
 44
2515.7348
 45
-279.4000432341
 46
55.8798960186
 79
2
 49
3.39906864
 49
-336.5057278
 53
201.8014
 43
250.0584
 44
2515.176
 45
167.6400152558
 46
55.8799949988
 79
2
 49
3.00924976
 49
-297.91377044
 53
192.9946
 43
247.2644
 44
2514.0584
 45
502.9200429018
 46
111.7598646351
 79
2
 49
7.45534196
 49
-738.07684236
 53
352.875
 43
291.4096
 44
2514.0584
 45
-391.1600212258
 46
55.8799039922
 79
2
 49
4.50521324
 49
-446.0137638
 53
7.125
 43
291.4096
 44
2514.0584
 45
391.1600212258
 46
55.8799039922
 79
2
 49
4.50521324
 49
-446.0137638
 53
0.0
 43
240.0
 44
2514.6172
 45
55.88
 46
55.88
 79
2
 49
4.4704
 49
-51.4096
 53
194.0362
 43
244.4704
 44
2514.6172
 45
-167.6400305099
 46
-55.8798914453
 79
2
 49
4.60797656
 49
-225.79118672
 53
356.6335
 43
252.2936
 44
2516.2936
 45
-894.0799621116
 46
55.8806126322
 79
2
 49
9.51602872
 49
-942.08611684
 53
357.7094
 43
261.7932
 44
2515.7348
 45
-1341.1200072183
 46
55.8797626847
 79
2
 49
13.981176
 49
-1384.13597696
 53
3.1798
 43
275.7632
 44
2515.176
 45
949.9600280908
 46
55.8794994452
 79
2
 49
10.07393464
 49
-997.31712652
 53
9.4623
 43
285.8216
 44
2515.7348
 45
279.4000432341
 46
55.8798960186
 79
2
 49
10.19715004
 49
-329.7076464
 53
10.3048
 43
240.0
 44
2510.7056
 45
-335.2800536922
 46
-55.879713645
 79
2
 49
6.24755164
 49
-618.50979168
 53
15.9454
 43
246.1468
 44
2511.8232
 45
-223.5200070773
 46
-55.8799938139
 79
2
 49
8.13623976
 49
-398.67630704
 53
0.0
 43
253.97
 44
2514.0584
 45
55.88
 46
55.88
 79
2
 49
7.2644
 49
-48.6156
 53
351.8699
 43
261.2344
 44
2514.0584
 45
-335.2799875086
 46
55.879964003
 79
2
 49
7.90260548
 49
-387.22861848
 53
3.5763
 43
269.0576
 44
2512.9408
 45
838.2000365642
 46
55.8794812845
 79
2
 49
8.95823456
 49
-886.86628316
 53
351.2538
 43
277.9984
 44
2513.4996
 45
391.1599629156
 46
-55.8802345316
 79
2
 49
7.34984052
 49
-727.63678196
 53
345.9638
 43
285.26279999999997
 44
2512.382
 45
-167.6400305099
 46
55.8798914453
 79
2
 49
6.91196484
 49
-223.48714256
 53
0.0
 43
291.9684
 44
2510.7056
 45
55.88
 46
55.88
 79
2
 49
3.9116
 49
-51.9684
 53
174.8056
 43
252.2936
 44
2516.2936
 45
558.8000374421
 46
-55.8797331562
 79
2
 49
12.34428316
 49
-604.87048952
 53
355.2364
 43
240.0
 44
2519.6464
 45
-614.6800528803
 46
55.8795268451
 79
2
 49
13.45769216
 49
-659.42663644
 53
0.0
 43
253.4112
 44
2518.5288
 45
55.88
 46
55.88
 79
2
 49
12.8524
 49
-43.0276
 53
4.0856
 43
266.2636
 44
2518.5288
 45
726.4400083269
 46
55.879783876
 79
2
 49
15.68624244
 49
-768.6268854
 53
0.0
 43
281.90999999999997
 44
2519.6464
 45
55.88
 46
55.88
 79
2
 49
13.97
 49
-41.91
 53
7.125
 43
240.0
 44
2507.9116
 45
391.1600212258
 46
55.8799039922
 79
2
 49
13.51558384
 49
-437.0033932
 53
6.3402
 43
253.4112
 44
2509.588
 45
447.0399666176
 46
55.8800882323
 79
2
 49
10.12031504
 49
-495.89459876
 53
357.5104
 43
263.4696
 44
2510.7056
 45
-1229.3599709259
 46
55.8809983113
 79
2
 49
12.86452596
 49
-1273.58969056
 53
353.4802
 43
276.322
 44
2510.1468
 45
-1452.879988314
 46
167.6399734706
 79
2
 49
19.68529464
 49
-1948.84584576
 53
3.0128
 43
240.0
 44
2544.2336
 45
1005.8400006536
 46
55.8802293806
 79
2
 49
10.63189644
 49
-1052.5576358
 53
351.8699
 43
250.6172
 44
2544.7924
 45
-335.2799875086
 46
55.879964003
 79
2
 49
11.85393616
 49
-383.27734368
 53
357.6141
 43
262.352
 44
2543.116
 45
-1285.2400292741
 46
55.8790372189
 79
2
 49
13.42282304
 49
-1328.86082208
 53
10.6197
 43
275.7632
 44
2542.5572
 45
-614.6799108501
 46
-111.7604516847
 79
2
 49
9.09659344
 49
-900.56386816
 53
0.0
 43
284.704
 44
2544.2336
 45
55.88
 46
55.88
 79
2
 49
11.176
 49
-44.704
 53
356.8202
 43
240.0
 44
2550.9392
 45
-949.9600280908
 46
55.8794994452
 79
2
 49
10.07393464
 49
-997.31712652
 53
6.009
 43
250.0584
 44
2550.3804
 45
-558.7999860806
 46
-55.8799618609
 79
2
 49
10.675874
 49
-1056.91001724
 53
6.7098
 43
260.6756
 44
2551.498
 45
-502.9200557543
 46
-55.8796580839
 79
2
 49
9.56509136
 49
-946.9463916
 53
354.2894
 43
270.1752
 44
2552.6156
 45
-502.9199677849
 46
55.8800734636
 79
2
 49
11.23176824
 49
-550.35530264
 53
347.9052
 43
281.3512
 44
2551.498
 45
-502.9199218582
 46
111.7603762673
 79
2
 49
8.00078664
 49
-792.07905084
 53
9.4623
 43
289.1744
 44
2549.8216
 45
279.4000432341
 46
55.8798960186
 79
2
 49
6.7980814
 49
-333.10665916
 53
3.8141
 43
240.0
 44
2540.322
 45
782.3199632
 46
55.8803422077
 79
2
 49
8.40060804
 49
-831.65997244
 53
347.1957
 43
248.382
 44
2540.8808
 45
-726.4398796839
 46
167.6404128232
 79
2
 49
12.6070868
 49
-1248.10315784
 53
0.0
 43
260.6756
 44
2538.0868
 45
55.88
 46
55.88
 79
2
 49
13.97
 49
-41.91
 53
5.4403
 43
274.6456
 44
2538.0868
 45
-614.6800174462
 46
-55.879629585
 79
2
 49
11.787886
 49
-1167.00199924
 53
6.7098
 43
286.3804
 44
2539.2044
 45
-502.9200557543
 46
-55.8796580839
 79
2
 49
9.56509136
 49
-946.9463916
 53
0.0
 43
240.0
 44
2554.8508
 45
55.88
 46
55.88
 79
2
 49
9.4996
 49
-46.3804
 53
8.1301
 43
249.4996
 44
2554.8508
 45
335.2799875086
 46
55.879964003
 79
2
 49
15.80526684
 49
-379.326013
 53
357.6141
 43
265.146
 44
2557.086
 45
-1285.2400292741
 46
55.8790372189
 79
2
 49
13.42282304
 49
-1328.86082208
 53
354.4725
 43
278.5572
 44
2556.5272
 45
1173.4800960801
 46
-111.7591830157
 79
2
 49
17.40371424
 49
-1722.968995
 53
6.8428
 43
240.0
 44
2504.0
 45
-949.9599645429
 46
-111.760446924
 79
2
 49
14.07024872
 49
-1392.95222044
 53
0.0
 43
253.97
 44
2505.6764
 45
55.88
 46
55.88
 79
2
 49
15.6464
 49
-40.2336
 53
356.3478
 43
269.6164
 44
2505.6764
 45
-1732.280052651
 46
111.7592902418
 79
2
 49
26.31702128
 49
-2605.38773308
 53
0.0
 43
240.0
 44
2523.558
 45
55.88
 46
55.88
 79
2
 49
13.4112
 49
-42.4688
 53
4.7636
 43
253.4112
 44
2523.558
 45
614.6800528803
 46
55.8795268451
 79
2
 49
13.45769216
 49
-659.42663644
 53
358.1524
 43
266.8224
 44
2524.6756
 45
-1676.4000259456
 46
55.8796837064
 79
2
 49
17.33179668
 49
-1715.84926832
 53
357.2737
 43
284.1452
 44
2524.1168
 45
-1117.6000164831
 46
55.8797774706
 79
2
 49
11.74809944
 49
-1163.06162104
 53
354.8056
 43
240.0
 44
2532.4988
 45
-558.8000374421
 46
55.8797331562
 79
2
 49
12.34428316
 49
-604.87048952
 53
0.0
 43
252.2936
 44
2531.3812
 45
55.88
 46
55.88
 79
2
 49
17.8816
 49
-37.9984
 53
1.9092
 43
270.1752
 44
2531.3812
 45
1620.5199458846
 46
55.8813545915
 79
2
 49
16.77333196
 49
-1660.5577406
 53
3.5763
 43
286.9392
 44
2531.94
 45
838.2000365642
 46
55.8794812845
 79
2
 49
8.95823456
 49
-886.86628316
 98
0
  0
TEXT
  5
291
330
17
100
AcDbEntity
  8
LABEL
100
AcDbText
 10
360.0
 20
2555.0
 30
0.0
 40
3.0
  1
ZIGZAG
  7
OpenSans
 11
360.0
 21
2555.0
 31
0.0
100
AcDbText
  0
LWPOLYLINE
  5
292
330
17
100
AcDbEntity
  8
FRAME
100
AcDbPolyline
 90
4
 70
1
 10
360.0
 20
2504.0
 10
452.0
 20
2504.0
 10
452.0
 20
2552.0
 10
360.0
 20
2552.0
  0
HATCH
  5
293
330
17
100
AcDbEntity
  8
HATCH
 62
7
100
AcDbHatch
 10
0.0
 20
0.0
 30
0.0
210
0.0
220
0.0
230
1.0
  2
ZIGZAG
 70
0
 71
0
 91
1
 92
3
 72
0
 73
1
 93
4
 10
360.0
 20
2504.0
 10
452.0
 20
2504.0
 10
452.0
 20
2552.0
 10
360.0
 20
2552.0
 97
0
 75
0
 76
1
 52
0.0
 41
1.0
 77
0
 78
2
 53
0.0
 43
360.0
 44
2504.0
 45
6.35
 46
6.35
 79
2
 49
6.35
 49
-6.35
 53
90.0
 43
366.35
 44
2504.0
 45
-6.35
 46
6.35
 79
2
 49
6.35
 49
-6.35
 98
0
  0
TEXT
  5
294
330
17
100
AcDbEntity
  8
TITLE
100
AcDbText
 10
0.0
 20
2620.0
 30
0.0
 40
5.0
  1
Semantic coverage
  7
OpenSans
 11
0.0
 21
2620.0
 31
0.0
100
AcDbText
  0
TEXT
  5
295
330
17
100
AcDbEntity
  8
LABEL
100
AcDbText
 10
0.0
 20
2683.0
 30
0.0
 40
3.0
  1
solid fill
  7
OpenSans
 11
0.0
 21
2683.0
 31
0.0
100
AcDbText
  0
LWPOLYLINE
  5
296
330
17
100
AcDbEntity
  8
FRAME
100
AcDbPolyline
 90
4
 70
1
 10
0.0
 20
2632.0
 10
92.0
 20
2632.0
 10
92.0
 20
2680.0
 10
0.0
 20
2680.0
  0
HATCH
  5
297
330
17
100
AcDbEntity
  8
HATCH
 62
3
100
AcDbHatch
 10
0.0
 20
0.0
 30
0.0
210
0.0
220
0.0
230
1.0
  2
SOLID
 70
1
 71
0
 91
1
 92
3
 72
0
 73
1
 93
4
 10
0.0
 20
2632.0
 10
92.0
 20
2632.0
 10
92.0
 20
2680.0
 10
0.0
 20
2680.0
 97
0
 75
1
 76
1
 98
0
  0
TEXT
  5
298
330
17
100
AcDbEntity
  8
LABEL
100
AcDbText
 10
120.0
 20
2683.0
 30
0.0
 40
3.0
  1
angle=0 scale=1
  7
OpenSans
 11
120.0
 21
2683.0
 31
0.0
100
AcDbText
  0
LWPOLYLINE
  5
299
330
17
100
AcDbEntity
  8
FRAME
100
AcDbPolyline
 90
4
 70
1
 10
120.0
 20
2632.0
 10
212.0
 20
2632.0
 10
212.0
 20
2680.0
 10
120.0
 20
2680.0
  0
HATCH
  5
29A
330
17
100
AcDbEntity
  8
HATCH
 62
7
100
AcDbHatch
 10
0.0
 20
0.0
 30
0.0
210
0.0
220
0.0
230
1.0
  2
ANSI31
 70
0
 71
0
 91
1
 92
3
 72
0
 73
1
 93
4
 10
120.0
 20
2632.0
 10
212.0
 20
2632.0
 10
212.0
 20
2680.0
 10
120.0
 20
2680.0
 97
0
 75
0
 76
1
 52
0.0
 41
1.0
 77
0
 78
1
 53
45.0
 43
120.0
 44
2632.0
 45
-2.2450640303
 46
2.2450640303
 79
0
 98
0
  0
TEXT
  5
29B
330
17
100
AcDbEntity
  8
LABEL
100
AcDbText
 10
240.0
 20
2683.0
 30
0.0
 40
3.0
  1
angle=45
  7
OpenSans
 11
240.0
 21
2683.0
 31
0.0
100
AcDbText
  0
LWPOLYLINE
  5
29C
330
17
100
AcDbEntity
  8
FRAME
100
AcDbPolyline
 90
4
 70
1
 10
240.0
 20
2632.0
 10
332.0
 20
2632.0
 10
332.0
 20
2680.0
 10
240.0
 20
2680.0
  0
HATCH
  5
29D
330
17
100
AcDbEntity
  8
HATCH
 62
7
100
AcDbHatch
 10
0.0
 20
0.0
 30
0.0
210
0.0
220
0.0
230
1.0
  2
ANSI31
 70
0
 71
0
 91
1
 92
3
 72
0
 73
1
 93
4
 10
240.0
 20
2632.0
 10
332.0
 20
2632.0
 10
332.0
 20
2680.0
 10
240.0
 20
2680.0
 97
0
 75
0
 76
1
 52
45.0
 41
1.0
 77
0
 78
1
 53
90.0
 43
240.0
 44
2632.0
 45
-3.175
 46
0.0
 79
0
 98
0
  0
TEXT
  5
29E
330
17
100
AcDbEntity
  8
LABEL
100
AcDbText
 10
360.0
 20
2683.0
 30
0.0
 40
3.0
  1
scale=0.5
  7
OpenSans
 11
360.0
 21
2683.0
 31
0.0
100
AcDbText
  0
LWPOLYLINE
  5
29F
330
17
100
AcDbEntity
  8
FRAME
100
AcDbPolyline
 90
4
 70
1
 10
360.0
 20
2632.0
 10
452.0
 20
2632.0
 10
452.0
 20
2680.0
 10
360.0
 20
2680.0
  0
HATCH
  5
2A0
330
17
100
AcDbEntity
  8
HATCH
 62
7
100
AcDbHatch
 10
0.0
 20
0.0
 30
0.0
210
0.0
220
0.0
230
1.0
  2
ANSI31
 70
0
 71
0
 91
1
 92
3
 72
0
 73
1
 93
4
 10
360.0
 20
2632.0
 10
452.0
 20
2632.0
 10
452.0
 20
2680.0
 10
360.0
 20
2680.0
 97
0
 75
0
 76
1
 52
0.0
 41
0.5
 77
0
 78
1
 53
45.0
 43
360.0
 44
2632.0
 45
-1.1225320152
 46
1.1225320152
 79
0
 98
0
  0
TEXT
  5
2A1
330
17
100
AcDbEntity
  8
LABEL
100
AcDbText
 10
480.0
 20
2683.0
 30
0.0
 40
3.0
  1
scale=4
  7
OpenSans
 11
480.0
 21
2683.0
 31
0.0
100
AcDbText
  0
LWPOLYLINE
  5
2A2
330
17
100
AcDbEntity
  8
FRAME
100
AcDbPolyline
 90
4
 70
1
 10
480.0
 20
2632.0
 10
572.0
 20
2632.0
 10
572.0
 20
2680.0
 10
480.0
 20
2680.0
  0
HATCH
  5
2A3
330
17
100
AcDbEntity
  8
HATCH
 62
7
100
AcDbHatch
 10
0.0
 20
0.0
 30
0.0
210
0.0
220
0.0
230
1.0
  2
ANSI31
 70
0
 71
0
 91
1
 92
3
 72
0
 73
1
 93
4
 10
480.0
 20
2632.0
 10
572.0
 20
2632.0
 10
572.0
 20
2680.0
 10
480.0
 20
2680.0
 97
0
 75
0
 76
1
 52
0.0
 41
4.0
 77
0
 78
1
 53
45.0
 43
480.0
 44
2632.0
 45
-8.9802561212
 46
8.9802561212
 79
0
 98
0
  0
TEXT
  5
2A4
330
17
100
AcDbEntity
  8
LABEL
100
AcDbText
 10
600.0
 20
2683.0
 30
0.0
 40
3.0
  1
double=1
  7
OpenSans
 11
600.0
 21
2683.0
 31
0.0
100
AcDbText
  0
LWPOLYLINE
  5
2A5
330
17
100
AcDbEntity
  8
FRAME
100
AcDbPolyline
 90
4
 70
1
 10
600.0
 20
2632.0
 10
692.0
 20
2632.0
 10
692.0
 20
2680.0
 10
600.0
 20
2680.0
  0
HATCH
  5
2A6
330
17
100
AcDbEntity
  8
HATCH
 62
7
100
AcDbHatch
 10
0.0
 20
0.0
 30
0.0
210
0.0
220
0.0
230
1.0
  2
ANSI31
 70
0
 71
0
 91
1
 92
3
 72
0
 73
1
 93
4
 10
600.0
 20
2632.0
 10
692.0
 20
2632.0
 10
692.0
 20
2680.0
 10
600.0
 20
2680.0
 97
0
 75
0
 76
1
 52
0.0
 41
1.0
 77
1
 78
1
 53
45.0
 43
600.0
 44
2632.0
 45
-2.2450640303
 46
2.2450640303
 79
0
 98
0
  0
LWPOLYLINE
  5
2A7
330
17
100
AcDbEntity
  8
FRAME
100
AcDbPolyline
 90
4
 70
1
 10
0.0
 20
2720.0
 10
92.0
 20
2720.0
 10
92.0
 20
2768.0
 10
0.0
 20
2768.0
  0
LWPOLYLINE
  5
2A8
330
17
100
AcDbEntity
  8
FRAME
100
AcDbPolyline
 90
4
 70
1
 10
18.0
 20
2730.0
 10
40.0
 20
2730.0
 10
40.0
 20
2744.0
 10
18.0
 20
2744.0
  0
LWPOLYLINE
  5
2A9
330
17
100
AcDbEntity
  8
FRAME
100
AcDbPolyline
 90
4
 70
1
 10
54.0
 20
2738.0
 10
74.0
 20
2738.0
 10
74.0
 20
2750.0
 10
54.0
 20
2750.0
  0
HATCH
  5
2AA
330
17
100
AcDbEntity
  8
HATCH
 62
7
100
AcDbHatch
 10
0.0
 20
0.0
 30
0.0
210
0.0
220
0.0
230
1.0
  2
NET
 70
0
 71
0
 91
3
 92
3
 72
0
 73
1
 93
4
 10
0.0
 20
2720.0
 10
92.0
 20
2720.0
 10
92.0
 20
2768.0
 10
0.0
 20
2768.0
 97
0
 92
3
 72
0
 73
1
 93
4
 10
18.0
 20
2730.0
 10
40.0
 20
2730.0
 10
40.0
 20
2744.0
 10
18.0
 20
2744.0
 97
0
 92
3
 72
0
 73
1
 93
4
 10
54.0
 20
2738.0
 10
74.0
 20
2738.0
 10
74.0
 20
2750.0
 10
54.0
 20
2750.0
 97
0
 75
0
 76
1
 52
0.0
 41
1.0
 77
0
 78
2
 53
0.0
 43
0.0
 44
2720.0
 45
0.0
 46
3.175
 79
0
 53
90.0
 43
0.0
 44
2720.0
 45
-3.175
 46
0.0
 79
0
 98
0
  0
TEXT
  5
2AB
330
17
100
AcDbEntity
  8
LABEL
100
AcDbText
 10
0.0
 20
2771.0
 30
0.0
 40
3.0
  1
style=nested(0)
  7
OpenSans
 11
0.0
 21
2771.0
 31
0.0
100
AcDbText
  0
LWPOLYLINE
  5
2AC
330
17
100
AcDbEntity
  8
FRAME
100
AcDbPolyline
 90
4
 70
1
 10
120.0
 20
2720.0
 10
212.0
 20
2720.0
 10
212.0
 20
2768.0
 10
120.0
 20
2768.0
  0
LWPOLYLINE
  5
2AD
330
17
100
AcDbEntity
  8
FRAME
100
AcDbPolyline
 90
4
 70
1
 10
138.0
 20
2730.0
 10
160.0
 20
2730.0
 10
160.0
 20
2744.0
 10
138.0
 20
2744.0
  0
LWPOLYLINE
  5
2AE
330
17
100
AcDbEntity
  8
FRAME
100
AcDbPolyline
 90
4
 70
1
 10
174.0
 20
2738.0
 10
194.0
 20
2738.0
 10
194.0
 20
2750.0
 10
174.0
 20
2750.0
  0
HATCH
  5
2AF
330
17
100
AcDbEntity
  8
HATCH
 62
7
100
AcDbHatch
 10
0.0
 20
0.0
 30
0.0
210
0.0
220
0.0
230
1.0
  2
NET
 70
0
 71
0
 91
3
 92
3
 72
0
 73
1
 93
4
 10
120.0
 20
2720.0
 10
212.0
 20
2720.0
 10
212.0
 20
2768.0
 10
120.0
 20
2768.0
 97
0
 92
3
 72
0
 73
1
 93
4
 10
138.0
 20
2730.0
 10
160.0
 20
2730.0
 10
160.0
 20
2744.0
 10
138.0
 20
2744.0
 97
0
 92
3
 72
0
 73
1
 93
4
 10
174.0
 20
2738.0
 10
194.0
 20
2738.0
 10
194.0
 20
2750.0
 10
174.0
 20
2750.0
 97
0
 75
1
 76
1
 52
0.0
 41
1.0
 77
0
 78
2
 53
0.0
 43
120.0
 44
2720.0
 45
0.0
 46
3.175
 79
0
 53
90.0
 43
120.0
 44
2720.0
 45
-3.175
 46
0.0
 79
0
 98
0
  0
TEXT
  5
2B0
330
17
100
AcDbEntity
  8
LABEL
100
AcDbText
 10
120.0
 20
2771.0
 30
0.0
 40
3.0
  1
style=outer(1)
  7
OpenSans
 11
120.0
 21
2771.0
 31
0.0
100
AcDbText
  0
LWPOLYLINE
  5
2B1
330
17
100
AcDbEntity
  8
FRAME
100
AcDbPolyline
 90
4
 70
1
 10
240.0
 20
2720.0
 10
332.0
 20
2720.0
 10
332.0
 20
2768.0
 10
240.0
 20
2768.0
  0
LWPOLYLINE
  5
2B2
330
17
100
AcDbEntity
  8
FRAME
100
AcDbPolyline
 90
4
 70
1
 10
258.0
 20
2730.0
 10
280.0
 20
2730.0
 10
280.0
 20
2744.0
 10
258.0
 20
2744.0
  0
LWPOLYLINE
  5
2B3
330
17
100
AcDbEntity
  8
FRAME
100
AcDbPolyline
 90
4
 70
1
 10
294.0
 20
2738.0
 10
314.0
 20
2738.0
 10
314.0
 20
2750.0
 10
294.0
 20
2750.0
  0
HATCH
  5
2B4
330
17
100
AcDbEntity
  8
HATCH
 62
7
100
AcDbHatch
 10
0.0
 20
0.0
 30
0.0
210
0.0
220
0.0
230
1.0
  2
NET
 70
0
 71
0
 91
3
 92
3
 72
0
 73
1
 93
4
 10
240.0
 20
2720.0
 10
332.0
 20
2720.0
 10
332.0
 20
2768.0
 10
240.0
 20
2768.0
 97
0
 92
3
 72
0
 73
1
 93
4
 10
258.0
 20
2730.0
 10
280.0
 20
2730.0
 10
280.0
 20
2744.0
 10
258.0
 20
2744.0
 97
0
 92
3
 72
0
 73
1
 93
4
 10
294.0
 20
2738.0
 10
314.0
 20
2738.0
 10
314.0
 20
2750.0
 10
294.0
 20
2750.0
 97
0
 75
2
 76
1
 52
0.0
 41
1.0
 77
0
 78
2
 53
0.0
 43
240.0
 44
2720.0
 45
0.0
 46
3.175
 79
0
 53
90.0
 43
240.0
 44
2720.0
 45
-3.175
 46
0.0
 79
0
 98
0
  0
TEXT
  5
2B5
330
17
100
AcDbEntity
  8
LABEL
100
AcDbText
 10
240.0
 20
2771.0
 30
0.0
 40
3.0
  1
style=ignore(2)
  7
OpenSans
 11
240.0
 21
2771.0
 31
0.0
100
AcDbText
  0
LWPOLYLINE
  5
2B6
330
17
100
AcDbEntity
  8
FRAME
100
AcDbPolyline
 90
4
 70
1
 10
360.0
 20
2720.0
 10
452.0
 20
2720.0
 10
452.0
 20
2768.0
 10
360.0
 20
2768.0
  0
HATCH
  5
2B7
330
17
100
AcDbEntity
  8
HATCH
 62
1
100
AcDbHatch
 10
0.0
 20
0.0
 30
0.0
210
0.0
220
0.0
230
1.0
  2
SOLID
 70
1
 71
0
 91
1
 92
3
 72
0
 73
1
 93
4
 10
360.0
 20
2720.0
 10
452.0
 20
2720.0
 10
452.0
 20
2768.0
 10
360.0
 20
2768.0
 97
0
 75
0
 76
1
 98
0
450
1
451
0
460
0.0
461
0.0
452
0
462
0.0
453
2
463
0
421
16728128
463
1
421
4235519
470
LINEAR
  0
TEXT
  5
2B8
330
17
100
AcDbEntity
  8
LABEL
100
AcDbText
 10
360.0
 20
2771.0
 30
0.0
 40
3.0
  1
linear gradient
  7
OpenSans
 11
360.0
 21
2771.0
 31
0.0
100
AcDbText
  0
LWPOLYLINE
  5
2B9
330
17
100
AcDbEntity
  8
FRAME
100
AcDbPolyline
 90
4
 70
1
 10
480.0
 20
2720.0
 10
572.0
 20
2720.0
 10
572.0
 20
2768.0
 10
480.0
 20
2768.0
  0
HATCH
  5
2BA
330
17
100
AcDbEntity
  8
HATCH
 62
1
100
AcDbHatch
 10
0.0
 20
0.0
 30
0.0
210
0.0
220
0.0
230
1.0
  2
SOLID
 70
1
 71
0
 91
1
 92
3
 72
0
 73
1
 93
4
 10
480.0
 20
2720.0
 10
572.0
 20
2720.0
 10
572.0
 20
2768.0
 10
480.0
 20
2768.0
 97
0
 75
0
 76
1
 98
0
450
1
451
0
460
0.013707783890401887
461
0.0
452
0
462
0.0
453
2
463
0
421
16728128
463
1
421
4235519
470
CYLINDER
  0
TEXT
  5
2BB
330
17
100
AcDbEntity
  8
LABEL
100
AcDbText
 10
480.0
 20
2771.0
 30
0.0
 40
3.0
  1
cylinder gradient
  7
OpenSans
 11
480.0
 21
2771.0
 31
0.0
100
AcDbText
  0
ENDSEC
  0
SECTION
  2
OBJECTS
  0
DICTIONARY
  5
A
330
0
100
AcDbDictionary
281
1
  3
ACAD_COLOR
350
B
  3
ACAD_GROUP
350
C
  3
ACAD_LAYOUT
350
D
  3
ACAD_MATERIAL
350
E
  3
ACAD_MLEADERSTYLE
350
F
  3
ACAD_MLINESTYLE
350
10
  3
ACAD_PLOTSETTINGS
350
11
  3
ACAD_PLOTSTYLENAME
350
12
  3
ACAD_SCALELIST
350
14
  3
ACAD_TABLESTYLE
350
15
  3
ACAD_VISUALSTYLE
350
16
  3
EZDXF_META
350
2D
  0
DICTIONARY
  5
B
330
A
100
AcDbDictionary
281
1
  0
DICTIONARY
  5
C
330
A
100
AcDbDictionary
281
1
  0
DICTIONARY
  5
D
330
A
100
AcDbDictionary
281
1
  3
Model
350
1A
  3
Layout1
350
1E
  0
DICTIONARY
  5
E
330
A
100
AcDbDictionary
281
1
  3
ByBlock
350
1F
  3
ByLayer
350
20
  3
Global
350
21
  0
DICTIONARY
  5
F
330
A
100
AcDbDictionary
281
1
  3
Standard
350
2C
  0
DICTIONARY
  5
10
330
A
100
AcDbDictionary
281
1
  3
Standard
350
22
  0
DICTIONARY
  5
11
330
A
100
AcDbDictionary
281
1
  0
ACDBDICTIONARYWDFLT
  5
12
330
A
100
AcDbDictionary
281
1
  3
Normal
350
13
100
AcDbDictionaryWithDefault
340
13
  0
ACDBPLACEHOLDER
  5
13
330
12
  0
DICTIONARY
  5
14
330
A
100
AcDbDictionary
281
1
  0
DICTIONARY
  5
15
330
A
100
AcDbDictionary
281
1
  0
DICTIONARY
  5
16
330
A
100
AcDbDictionary
281
1
  3
2dWireframe
350
5A
  3
Basic
350
5B
  3
Brighten
350
5C
  3
ColorChange
350
5D
  3
Conceptual
350
5E
  3
Dim
350
5F
  3
EdgeColorOff
350
60
  3
Facepattern
350
61
  3
Flat
350
62
  3
FlatWithEdges
350
63
  3
Gouraud
350
64
  3
GouraudWithEdges
350
65
  3
Hidden
350
66
  3
JitterOff
350
67
  3
Linepattern
350
68
  3
Modeling
350
69
  3
OverhangOff
350
6A
  3
Realistic
350
6B
  3
Shaded
350
6C
  3
Shaded with edges
350
6D
  3
Shades of Gray
350
6E
  3
Sketchy
350
6F
  3
Thicken
350
70
  3
Wireframe
350
71
  3
X-Ray
350
72
  0
LAYOUT
  5
1A
330
D
100
AcDbPlotSettings
  1

  4
A3
  6

 40
7.5
 41
20.0
 42
7.5
 43
20.0
 44
420.0
 45
297.0
 46
0.0
 47
0.0
 48
0.0
 49
0.0
140
0.0
141
0.0
142
1.0
143
1.0
 70
1024
 72
1
 73
0
 74
5
  7

 75
16
 76
0
 77
2
 78
300
147
1.0
148
0.0
149
0.0
100
AcDbLayout
  1
Model
 70
1
 71
0
 10
0.0
 20
0.0
 11
420.0
 21
297.0
 12
0.0
 22
0.0
 32
0.0
 14
1e+20
 24
1e+20
 34
1e+20
 15
-1e+20
 25
-1e+20
 35
-1e+20
146
0.0
 13
0.0
 23
0.0
 33
0.0
 16
1.0
 26
0.0
 36
0.0
 17
0.0
 27
1.0
 37
0.0
 76
1
330
17
  0
LAYOUT
  5
1E
330
D
100
AcDbPlotSettings
  1

  4
A3
  6

 40
7.5
 41
20.0
 42
7.5
 43
20.0
 44
420.0
 45
297.0
 46
0.0
 47
0.0
 48
0.0
 49
0.0
140
0.0
141
0.0
142
1.0
143
1.0
 70
0
 72
1
 73
0
 74
5
  7

 75
16
 76
0
 77
2
 78
300
147
1.0
148
0.0
149
0.0
100
AcDbLayout
  1
Layout1
 70
1
 71
1
 10
0.0
 20
0.0
 11
420.0
 21
297.0
 12
0.0
 22
0.0
 32
0.0
 14
1e+20
 24
1e+20
 34
1e+20
 15
-1e+20
 25
-1e+20
 35
-1e+20
146
0.0
 13
0.0
 23
0.0
 33
0.0
 16
1.0
 26
0.0
 36
0.0
 17
0.0
 27
1.0
 37
0.0
 76
1
330
1B
  0
MATERIAL
  5
1F
102
{ACAD_REACTORS
330
E
102
}
330
E
100
AcDbMaterial
  1
ByBlock
  2

 70
0
 40
1.0
 71
1
 41
1.0
 91
-1023410177
 42
1.0
 72
1
  3

 73
1
 74
1
 75
1
 44
0.5
 73
0
 45
1.0
 46
1.0
 77
1
  4

 78
1
 79
1
170
1
 48
1.0
171
1
  6

172
1
173
1
174
1
140
1.0
141
1.0
175
1
  7

176
1
177
1
178
1
143
1.0
179
1
  8

270
1
271
1
272
1
145
1.0
146
1.0
273
1
  9

274
1
275
1
276
1
 42
1.0
 72
1
  3

 73
1
 74
1
 75
1
 94
63
  0
MATERIAL
  5
20
102
{ACAD_REACTORS
330
E
102
}
330
E
100
AcDbMaterial
  1
ByLayer
  2

 70
0
 40
1.0
 71
1
 41
1.0
 91
-1023410177
 42
1.0
 72
1
  3

 73
1
 74
1
 75
1
 44
0.5
 73
0
 45
1.0
 46
1.0
 77
1
  4

 78
1
 79
1
170
1
 48
1.0
171
1
  6

172
1
173
1
174
1
140
1.0
141
1.0
175
1
  7

176
1
177
1
178
1
143
1.0
179
1
  8

270
1
271
1
272
1
145
1.0
146
1.0
273
1
  9

274
1
275
1
276
1
 42
1.0
 72
1
  3

 73
1
 74
1
 75
1
 94
63
  0
MATERIAL
  5
21
102
{ACAD_REACTORS
330
E
102
}
330
E
100
AcDbMaterial
  1
Global
  2

 70
0
 40
1.0
 71
1
 41
1.0
 91
-1023410177
 42
1.0
 72
1
  3

 73
1
 74
1
 75
1
 44
0.5
 73
0
 45
1.0
 46
1.0
 77
1
  4

 78
1
 79
1
170
1
 48
1.0
171
1
  6

172
1
173
1
174
1
140
1.0
141
1.0
175
1
  7

176
1
177
1
178
1
143
1.0
179
1
  8

270
1
271
1
272
1
145
1.0
146
1.0
273
1
  9

274
1
275
1
276
1
 42
1.0
 72
1
  3

 73
1
 74
1
 75
1
 94
63
  0
MLINESTYLE
  5
22
102
{ACAD_REACTORS
330
10
102
}
330
10
100
AcDbMlineStyle
  2
Standard
 70
0
  3

 62
256
 51
90.0
 52
90.0
 71
2
 49
0.5
 62
256
  6
BYLAYER
 49
-0.5
 62
256
  6
BYLAYER
  0
MLEADERSTYLE
  5
2C
102
{ACAD_REACTORS
330
F
102
}
330
F
100
AcDbMLeaderStyle
179
2
170
2
171
1
172
0
 90
2
 40
0.0
 41
0.0
173
1
 91
-1056964608
 92
-2
290
1
 42
2.0
291
1
 43
8.0
  3
Standard
 44
4.0
300

342
29
174
1
175
1
176
0
178
1
 93
-1056964608
 45
4.0
292
0
297
0
 46
4.0
 94
-1056964608
 47
1.0
 49
1.0
140
1.0
294
1
141
0.0
177
0
142
1.0
295
0
296
0
143
3.75
271
0
272
9
273
9
  0
DICTIONARY
  5
2D
330
A
100
AcDbDictionary
280
1
281
1
  3
CREATED_BY_EZDXF
350
2E
  3
WRITTEN_BY_EZDXF
350
2BE
  0
DICTIONARYVAR
  5
2E
330
2D
100
DictionaryVariables
280
0
  1
1.4.2 @ 2026-03-19T08:24:56.035846+00:00
  0
VISUALSTYLE
  5
5A
102
{ACAD_REACTORS
330
16
102
}
330
16
100
AcDbVisualStyle
  2
2dWireframe
 70
4
177
3
291
0
 70
58
 90
2
176
1
 90
2
176
1
 90
0
176
1
 90
0
176
1
 40
0.6
176
1
 40
30.0
176
1
 62
7
420
16777215
176
1
 90
1
176
1
 90
4
176
1
 62
7
176
1
 62
257
176
1
 90
1
176
1
 90
1
176
1
 40
1.0
176
1
 90
8
176
1
 62
7
176
1
 40
1.0
176
1
 90
1
176
1
 90
6
176
1
 90
2
176
1
 62
7
176
1
 90
5
176
1
 90
0
176
1
 90
0
176
1
290
0
176
1
 90
1
176
1
 40
0.0
176
1
 90
0
176
1
290
1
176
1
290
1
176
1
290
0
176
1
290
0
176
1
290
0
176
1
290
0
176
1
290
0
176
1
290
0
176
1
290
0
176
1
 90
50
176
1
 40
0.0
176
1
 40
1.0
176
1
 90
0
176
1
 62
18
420
0
176
1
 90
50
176
1
 90
3
176
1
 62
5
420
255
176
1
290
0
176
1
 90
50
176
1
 90
50
176
1
 90
50
176
1
290
0
176
1
 90
50
176
1
 62
256
176
0
 40
1.0
176
0
 90
2
176
1
  1
strokes_ogs.tif
176
1
290
0
176
1
 40
1.0
176
1
 40
1.0
176
1
  0
VISUALSTYLE
  5
5B
102
{ACAD_REACTORS
330
16
102
}
330
16
100
AcDbVisualStyle
  2
Basic
 70
7
177
3
291
1
 70
58
 90
2
176
1
 90
2
176
1
 90
0
176
1
 90
1
176
1
 40
0.6
176
1
 40
30.0
176
1
 62
7
420
16777215
176
1
 90
1
176
1
 90
4
176
1
 62
7
176
1
 62
257
176
1
 90
1
176
1
 90
1
176
1
 40
1.0
176
1
 90
8
176
1
 62
7
176
1
 40
1.0
176
1
 90
1
176
1
 90
6
176
1
 90
2
176
1
 62
7
176
1
 90
5
176
1
 90
0
176
1
 90
0
176
1
290
0
176
1
 90
1
176
1
 40
0.0
176
1
 90
0
176
1
290
0
176
1
290
1
176
1
290
1
176
1
290
0
176
1
290
0
176
1
290
0
176
1
290
0
176
1
290
0
176
1
290
0
176
1
 90
50
176
1
 40
0.0
176
1
 40
1.0
176
1
 90
0
176
1
 62
18
420
0
176
1
 90
50
176
1
 90
3
176
1
 62
5
420
255
176
1
290
0
176
1
 90
50
176
1
 90
50
176
1
 90
50
176
1
290
0
176
1
 90
50
176
1
 62
256
176
0
 40
1.0
176
0
 90
2
176
1
  1
strokes_ogs.tif
176
1
290
0
176
1
 40
1.0
176
1
 40
1.0
176
1
  0
VISUALSTYLE
  5
5C
102
{ACAD_REACTORS
330
16
102
}
330
16
100
AcDbVisualStyle
  2
Brighten
 70
12
177
3
291
1
 70
58
 90
2
176
1
 90
2
176
1
 90
0
176
1
 90
2
176
1
 40
0.6
176
1
 40
30.0
176
1
 62
7
420
16777215
176
1
 90
1
176
1
 90
4
176
1
 62
7
176
1
 62
257
176
1
 90
1
176
1
 90
1
176
1
 40
1.0
176
1
 90
8
176
1
 62
7
176
1
 40
1.0
176
1
 90
1
176
1
 90
6
176
1
 90
2
176
1
 62
7
176
1
 90
5
176
1
 90
0
176
1
 90
0
176
1
290
0
176
1
 90
1
176
1
 40
0.0
176
1
 90
0
176
1
290
0
176
1
290
1
176
1
290
1
176
1
290
0
176
1
290
0
176
1
290
0
176
1
290
0
176
1
290
0
176
1
290
0
176
1
 90
50
176
1
 40
0.0
176
1
 40
1.0
176
1
 90
0
176
1
 62
18
420
0
176
1
 90
50
176
1
 90
3
176
1
 62
5
420
255
176
1
290
0
176
1
 90
50
176
1
 90
50
176
1
 90
50
176
1
290
0
176
1
 90
50
176
1
 62
256
176
0
 40
1.0
176
0
 90
2
176
1
  1
strokes_ogs.tif
176
1
290
0
176
1
 40
1.0
176
1
 40
1.0
176
1
  0
VISUALSTYLE
  5
5D
102
{ACAD_REACTORS
330
16
102
}
330
16
100
AcDbVisualStyle
  2
ColorChange
 70
16
177
3
291
1
 70
58
 90
2
176
1
 90
2
176
1
 90
0
176
1
 90
2
176
1
 40
0.6
176
1
 40
30.0
176
1
 62
7
420
16777215
176
1
 90
1
176
1
 90
4
176
1
 62
7
176
1
 62
257
176
1
 90
1
176
1
 90
1
176
1
 40
1.0
176
1
 90
8
176
1
 62
7
176
1
 40
1.0
176
1
 90
1
176
1
 90
6
176
1
 90
2
176
1
 62
7
176
1
 90
5
176
1
 90
0
176
1
 90
0
176
1
290
0
176
1
 90
1
176
1
 40
0.0
176
1
 90
0
176
1
290
0
176
1
290
1
176
1
290
1
176
1
290
0
176
1
290
0
176
1
290
0
176
1
290
0
176
1
290
0
176
1
290
0
176
1
 90
50
176
1
 40
0.0
176
1
 40
1.0
176
1
 90
0
176
1
 62
18
420
0
176
1
 90
50
176
1
 90
3
176
1
 62
5
420
255
176
1
290
0
176
1
 90
50
176
1
 90
50
176
1
 90
50
176
1
290
0
176
1
 90
50
176
1
 62
256
176
0
 40
1.0
176
0
 90
2
176
1
  1
strokes_ogs.tif
176
1
290
0
176
1
 40
1.0
176
1
 40
1.0
176
1
  0
VISUALSTYLE
  5
5E
102
{ACAD_REACTORS
330
16
102
}
330
16
100
AcDbVisualStyle
  2
Conceptual
 70
9
177
3
291
0
 70
58
 90
2
176
1
 90
2
176
1
 90
0
176
1
 90
3
176
1
 40
0.6
176
1
 40
30.0
176
1
 62
7
420
16777215
176
1
 90
1
176
1
 90
4
176
1
 62
7
176
1
 62
257
176
1
 90
1
176
1
 90
1
176
1
 40
1.0
176
1
 90
8
176
1
 62
7
176
1
 40
1.0
176
1
 90
1
176
1
 90
6
176
1
 90
2
176
1
 62
7
176
1
 90
5
176
1
 90
0
176
1
 90
0
176
1
290
0
176
1
 90
1
176
1
 40
0.0
176
1
 90
0
176
1
290
0
176
1
290
1
176
1
290
1
176
1
290
0
176
1
290
0
176
1
290
0
176
1
290
0
176
1
290
0
176
1
290
0
176
1
 90
50
176
1
 40
0.0
176
1
 40
1.0
176
1
 90
0
176
1
 62
18
420
0
176
1
 90
50
176
1
 90
3
176
1
 62
5
420
255
176
1
290
0
176
1
 90
50
176
1
 90
50
176
1
 90
50
176
1
290
0
176
1
 90
50
176
1
 62
256
176
0
 40
1.0
176
0
 90
2
176
1
  1
strokes_ogs.tif
176
1
290
0
176
1
 40
1.0
176
1
 40
1.0
176
1
  0
VISUALSTYLE
  5
5F
102
{ACAD_REACTORS
330
16
102
}
330
16
100
AcDbVisualStyle
  2
Dim
 70
11
177
3
291
1
 70
58
 90
2
176
1
 90
2
176
1
 90
0
176
1
 90
2
176
1
 40
0.6
176
1
 40
30.0
176
1
 62
7
420
16777215
176
1
 90
1
176
1
 90
4
176
1
 62
7
176
1
 62
257
176
1
 90
1
176
1
 90
1
176
1
 40
1.0
176
1
 90
8
176
1
 62
7
176
1
 40
1.0
176
1
 90
1
176
1
 90
6
176
1
 90
2
176
1
 62
7
176
1
 90
5
176
1
 90
0
176
1
 90
0
176
1
290
0
176
1
 90
1
176
1
 40
0.0
176
1
 90
0
176
1
290
0
176
1
290
1
176
1
290
1
176
1
290
0
176
1
290
0
176
1
290
0
176
1
290
0
176
1
290
0
176
1
290
0
176
1
 90
50
176
1
 40
0.0
176
1
 40
1.0
176
1
 90
0
176
1
 62
18
420
0
176
1
 90
50
176
1
 90
3
176
1
 62
5
420
255
176
1
290
0
176
1
 90
50
176
1
 90
50
176
1
 90
50
176
1
290
0
176
1
 90
50
176
1
 62
256
176
0
 40
1.0
176
0
 90
2
176
1
  1
strokes_ogs.tif
176
1
290
0
176
1
 40
1.0
176
1
 40
1.0
176
1
  0
VISUALSTYLE
  5
60
102
{ACAD_REACTORS
330
16
102
}
330
16
100
AcDbVisualStyle
  2
EdgeColorOff
 70
22
177
3
291
1
 70
58
 90
2
176
1
 90
2
176
1
 90
0
176
1
 90
2
176
1
 40
0.6
176
1
 40
30.0
176
1
 62
7
420
16777215
176
1
 90
1
176
1
 90
4
176
1
 62
7
176
1
 62
257
176
1
 90
1
176
1
 90
1
176
1
 40
1.0
176
1
 90
8
176
1
 62
7
176
1
 40
1.0
176
1
 90
1
176
1
 90
6
176
1
 90
2
176
1
 62
7
176
1
 90
5
176
1
 90
0
176
1
 90
0
176
1
290
0
176
1
 90
1
176
1
 40
0.0
176
1
 90
0
176
1
290
0
176
1
290
1
176
1
290
1
176
1
290
0
176
1
290
0
176
1
290
0
176
1
290
0
176
1
290
0
176
1
290
0
176
1
 90
50
176
1
 40
0.0
176
1
 40
1.0
176
1
 90
0
176
1
 62
18
420
0
176
1
 90
50
176
1
 90
3
176
1
 62
5
420
255
176
1
290
0
176
1
 90
50
176
1
 90
50
176
1
 90
50
176
1
290
0
176
1
 90
50
176
1
 62
256
176
0
 40
1.0
176
0
 90
2
176
1
  1
strokes_ogs.tif
176
1
290
0
176
1
 40
1.0
176
1
 40
1.0
176
1
  0
VISUALSTYLE
  5
61
102
{ACAD_REACTORS
330
16
102
}
330
16
100
AcDbVisualStyle
  2
Facepattern
 70
15
177
3
291
1
 70
58
 90
2
176
1
 90
2
176
1
 90
0
176
1
 90
2
176
1
 40
0.6
176
1
 40
30.0
176
1
 62
7
420
16777215
176
1
 90
1
176
1
 90
4
176
1
 62
7
176
1
 62
257
176
1
 90
1
176
1
 90
1
176
1
 40
1.0
176
1
 90
8
176
1
 62
7
176
1
 40
1.0
176
1
 90
1
176
1
 90
6
176
1
 90
2
176
1
 62
7
176
1
 90
5
176
1
 90
0
176
1
 90
0
176
1
290
0
176
1
 90
1
176
1
 40
0.0
176
1
 90
0
176
1
290
0
176
1
290
1
176
1
290
1
176
1
290
0
176
1
290
0
176
1
290
0
176
1
290
0
176
1
290
0
176
1
290
0
176
1
 90
50
176
1
 40
0.0
176
1
 40
1.0
176
1
 90
0
176
1
 62
18
420
0
176
1
 90
50
176
1
 90
3
176
1
 62
5
420
255
176
1
290
0
176
1
 90
50
176
1
 90
50
176
1
 90
50
176
1
290
0
176
1
 90
50
176
1
 62
256
176
0
 40
1.0
176
0
 90
2
176
1
  1
strokes_ogs.tif
176
1
290
0
176
1
 40
1.0
176
1
 40
1.0
176
1
  0
VISUALSTYLE
  5
62
102
{ACAD_REACTORS
330
16
102
}
330
16
100
AcDbVisualStyle
  2
Flat
 70
0
177
3
291
1
 70
58
 90
2
176
1
 90
2
176
1
 90
0
176
1
 90
2
176
1
 40
0.6
176
1
 40
30.0
176
1
 62
7
420
16777215
176
1
 90
1
176
1
 90
4
176
1
 62
7
176
1
 62
257
176
1
 90
1
176
1
 90
1
176
1
 40
1.0
176
1
 90
8
176
1
 62
7
176
1
 40
1.0
176
1
 90
1
176
1
 90
6
176
1
 90
2
176
1
 62
7
176
1
 90
5
176
1
 90
0
176
1
 90
0
176
1
290
0
176
1
 90
1
176
1
 40
0.0
176
1
 90
0
176
1
290
0
176
1
290
1
176
1
290
1
176
1
290
0
176
1
290
0
176
1
290
0
176
1
290
0
176
1
290
0
176
1
290
0
176
1
 90
50
176
1
 40
0.0
176
1
 40
1.0
176
1
 90
0
176
1
 62
18
420
0
176
1
 90
50
176
1
 90
3
176
1
 62
5
420
255
176
1
290
0
176
1
 90
50
176
1
 90
50
176
1
 90
50
176
1
290
0
176
1
 90
50
176
1
 62
256
176
0
 40
1.0
176
0
 90
2
176
1
  1
strokes_ogs.tif
176
1
290
0
176
1
 40
1.0
176
1
 40
1.0
176
1
  0
VISUALSTYLE
  5
63
102
{ACAD_REACTORS
330
16
102
}
330
16
100
AcDbVisualStyle
  2
FlatWithEdges
 70
1
177
3
291
1
 70
58
 90
2
176
1
 90
2
176
1
 90
0
176
1
 90
2
176
1
 40
0.6
176
1
 40
30.0
176
1
 62
7
420
16777215
176
1
 90
1
176
1
 90
4
176
1
 62
7
176
1
 62
257
176
1
 90
1
176
1
 90
1
176
1
 40
1.0
176
1
 90
8
176
1
 62
7
176
1
 40
1.0
176
1
 90
1
176
1
 90
6
176
1
 90
2
176
1
 62
7
176
1
 90
5
176
1
 90
0
176
1
 90
0
176
1
290
0
176
1
 90
1
176
1
 40
0.0
176
1
 90
0
176
1
290
0
176
1
290
1
176
1
290
1
176
1
290
0
176
1
290
0
176
1
290
0
176
1
290
0
176
1
290
0
176
1
290
0
176
1
 90
50
176
1
 40
0.0
176
1
 40
1.0
176
1
 90
0
176
1
 62
18
420
0
176
1
 90
50
176
1
 90
3
176
1
 62
5
420
255
176
1
290
0
176
1
 90
50
176
1
 90
50
176
1
 90
50
176
1
290
0
176
1
 90
50
176
1
 62
256
176
0
 40
1.0
176
0
 90
2
176
1
  1
strokes_ogs.tif
176
1
290
0
176
1
 40
1.0
176
1
 40
1.0
176
1
  0
VISUALSTYLE
  5
64
102
{ACAD_REACTORS
330
16
102
}
330
16
100
AcDbVisualStyle
  2
Gouraud
 70
2
177
3
291
1
 70
58
 90
2
176
1
 90
2
176
1
 90
0
176
1
 90
2
176
1
 40
0.6
176
1
 40
30.0
176
1
 62
7
420
16777215
176
1
 90
1
176
1
 90
4
176
1
 62
7
176
1
 62
257
176
1
 90
1
176
1
 90
1
176
1
 40
1.0
176
1
 90
8
176
1
 62
7
176
1
 40
1.0
176
1
 90
1
176
1
 90
6
176
1
 90
2
176
1
 62
7
176
1
 90
5
176
1
 90
0
176
1
 90
0
176
1
290
0
176
1
 90
1
176
1
 40
0.0
176
1
 90
0
176
1
290
0
176
1
290
1
176
1
290
1
176
1
290
0
176
1
290
0
176
1
290
0
176
1
290
0
176
1
290
0
176
1
290
0
176
1
 90
50
176
1
 40
0.0
176
1
 40
1.0
176
1
 90
0
176
1
 62
18
420
0
176
1
 90
50
176
1
 90
3
176
1
 62
5
420
255
176
1
290
0
176
1
 90
50
176
1
 90
50
176
1
 90
50
176
1
290
0
176
1
 90
50
176
1
 62
256
176
0
 40
1.0
176
0
 90
2
176
1
  1
strokes_ogs.tif
176
1
290
0
176
1
 40
1.0
176
1
 40
1.0
176
1
  0
VISUALSTYLE
  5
65
102
{ACAD_REACTORS
330
16
102
}
330
16
100
AcDbVisualStyle
  2
GouraudWithEdges
 70
3
177
3
291
1
 70
58
 90
2
176
1
 90
2
176
1
 90
0
176
1
 90
2
176
1
 40
0.6
176
1
 40
30.0
176
1
 62
7
420
16777215
176
1
 90
1
176
1
 90
4
176
1
 62
7
176
1
 62
257
176
1
 90
1
176
1
 90
1
176
1
 40
1.0
176
1
 90
8
176
1
 62
7
176
1
 40
1.0
176
1
 90
1
176
1
 90
6
176
1
 90
2
176
1
 62
7
176
1
 90
5
176
1
 90
0
176
1
 90
0
176
1
290
0
176
1
 90
1
176
1
 40
0.0
176
1
 90
0
176
1
290
0
176
1
290
1
176
1
290
1
176
1
290
0
176
1
290
0
176
1
290
0
176
1
290
0
176
1
290
0
176
1
290
0
176
1
 90
50
176
1
 40
0.0
176
1
 40
1.0
176
1
 90
0
176
1
 62
18
420
0
176
1
 90
50
176
1
 90
3
176
1
 62
5
420
255
176
1
290
0
176
1
 90
50
176
1
 90
50
176
1
 90
50
176
1
290
0
176
1
 90
50
176
1
 62
256
176
0
 40
1.0
176
0
 90
2
176
1
  1
strokes_ogs.tif
176
1
290
0
176
1
 40
1.0
176
1
 40
1.0
176
1
  0
VISUALSTYLE
  5
66
102
{ACAD_REACTORS
330
16
102
}
330
16
100
AcDbVisualStyle
  2
Hidden
 70
6
177
3
291
0
 70
58
 90
2
176
1
 90
2
176
1
 90
0
176
1
 90
1
176
1
 40
0.6
176
1
 40
30.0
176
1
 62
7
420
16777215
176
1
 90
1
176
1
 90
4
176
1
 62
7
176
1
 62
257
176
1
 90
1
176
1
 90
1
176
1
 40
1.0
176
1
 90
8
176
1
 62
7
176
1
 40
1.0
176
1
 90
1
176
1
 90
6
176
1
 90
2
176
1
 62
7
176
1
 90
5
176
1
 90
0
176
1
 90
0
176
1
290
0
176
1
 90
1
176
1
 40
0.0
176
1
 90
0
176
1
290
0
176
1
290
1
176
1
290
1
176
1
290
0
176
1
290
0
176
1
290
0
176
1
290
0
176
1
290
0
176
1
290
0
176
1
 90
50
176
1
 40
0.0
176
1
 40
1.0
176
1
 90
0
176
1
 62
18
420
0
176
1
 90
50
176
1
 90
3
176
1
 62
5
420
255
176
1
290
0
176
1
 90
50
176
1
 90
50
176
1
 90
50
176
1
290
0
176
1
 90
50
176
1
 62
256
176
0
 40
1.0
176
0
 90
2
176
1
  1
strokes_ogs.tif
176
1
290
0
176
1
 40
1.0
176
1
 40
1.0
176
1
  0
VISUALSTYLE
  5
67
102
{ACAD_REACTORS
330
16
102
}
330
16
100
AcDbVisualStyle
  2
JitterOff
 70
20
177
3
291
1
 70
58
 90
2
176
1
 90
2
176
1
 90
0
176
1
 90
2
176
1
 40
0.6
176
1
 40
30.0
176
1
 62
7
420
16777215
176
1
 90
1
176
1
 90
4
176
1
 62
7
176
1
 62
257
176
1
 90
1
176
1
 90
1
176
1
 40
1.0
176
1
 90
8
176
1
 62
7
176
1
 40
1.0
176
1
 90
1
176
1
 90
6
176
1
 90
2
176
1
 62
7
176
1
 90
5
176
1
 90
0
176
1
 90
0
176
1
290
0
176
1
 90
1
176
1
 40
0.0
176
1
 90
0
176
1
290
0
176
1
290
1
176
1
290
1
176
1
290
0
176
1
290
0
176
1
290
0
176
1
290
0
176
1
290
0
176
1
290
0
176
1
 90
50
176
1
 40
0.0
176
1
 40
1.0
176
1
 90
0
176
1
 62
18
420
0
176
1
 90
50
176
1
 90
3
176
1
 62
5
420
255
176
1
290
0
176
1
 90
50
176
1
 90
50
176
1
 90
50
176
1
290
0
176
1
 90
50
176
1
 62
256
176
0
 40
1.0
176
0
 90
2
176
1
  1
strokes_ogs.tif
176
1
290
0
176
1
 40
1.0
176
1
 40
1.0
176
1
  0
VISUALSTYLE
  5
68
102
{ACAD_REACTORS
330
16
102
}
330
16
100
AcDbVisualStyle
  2
Linepattern
 70
14
177
3
291
1
 70
58
 90
2
176
1
 90
2
176
1
 90
0
176
1
 90
2
176
1
 40
0.6
176
1
 40
30.0
176
1
 62
7
420
16777215
176
1
 90
1
176
1
 90
4
176
1
 62
7
176
1
 62
257
176
1
 90
1
176
1
 90
1
176
1
 40
1.0
176
1
 90
8
176
1
 62
7
176
1
 40
1.0
176
1
 90
1
176
1
 90
6
176
1
 90
2
176
1
 62
7
176
1
 90
5
176
1
 90
0
176
1
 90
0
176
1
290
0
176
1
 90
1
176
1
 40
0.0
176
1
 90
0
176
1
290
0
176
1
290
1
176
1
290
1
176
1
290
0
176
1
290
0
176
1
290
0
176
1
290
0
176
1
290
0
176
1
290
0
176
1
 90
50
176
1
 40
0.0
176
1
 40
1.0
176
1
 90
0
176
1
 62
18
420
0
176
1
 90
50
176
1
 90
3
176
1
 62
5
420
255
176
1
290
0
176
1
 90
50
176
1
 90
50
176
1
 90
50
176
1
290
0
176
1
 90
50
176
1
 62
256
176
0
 40
1.0
176
0
 90
2
176
1
  1
strokes_ogs.tif
176
1
290
0
176
1
 40
1.0
176
1
 40
1.0
176
1
  0
VISUALSTYLE
  5
69
102
{ACAD_REACTORS
330
16
102
}
330
16
100
AcDbVisualStyle
  2
Modeling
 70
10
177
3
291
0
 70
58
 90
2
176
1
 90
2
176
1
 90
0
176
1
 90
2
176
1
 40
0.6
176
1
 40
30.0
176
1
 62
7
420
16777215
176
1
 90
1
176
1
 90
4
176
1
 62
7
176
1
 62
257
176
1
 90
1
176
1
 90
1
176
1
 40
1.0
176
1
 90
8
176
1
 62
7
176
1
 40
1.0
176
1
 90
1
176
1
 90
6
176
1
 90
2
176
1
 62
7
176
1
 90
5
176
1
 90
0
176
1
 90
0
176
1
290
0
176
1
 90
1
176
1
 40
0.0
176
1
 90
0
176
1
290
0
176
1
290
1
176
1
290
1
176
1
290
0
176
1
290
0
176
1
290
0
176
1
290
0
176
1
290
0
176
1
290
0
176
1
 90
50
176
1
 40
0.0
176
1
 40
1.0
176
1
 90
0
176
1
 62
18
420
0
176
1
 90
50
176
1
 90
3
176
1
 62
5
420
255
176
1
290
0
176
1
 90
50
176
1
 90
50
176
1
 90
50
176
1
290
0
176
1
 90
50
176
1
 62
256
176
0
 40
1.0
176
0
 90
2
176
1
  1
strokes_ogs.tif
176
1
290
0
176
1
 40
1.0
176
1
 40
1.0
176
1
  0
VISUALSTYLE
  5
6A
102
{ACAD_REACTORS
330
16
102
}
330
16
100
AcDbVisualStyle
  2
OverhangOff
 70
21
177
3
291
1
 70
58
 90
2
176
1
 90
2
176
1
 90
0
176
1
 90
2
176
1
 40
0.6
176
1
 40
30.0
176
1
 62
7
420
16777215
176
1
 90
1
176
1
 90
4
176
1
 62
7
176
1
 62
257
176
1
 90
1
176
1
 90
1
176
1
 40
1.0
176
1
 90
8
176
1
 62
7
176
1
 40
1.0
176
1
 90
1
176
1
 90
6
176
1
 90
2
176
1
 62
7
176
1
 90
5
176
1
 90
0
176
1
 90
0
176
1
290
0
176
1
 90
1
176
1
 40
0.0
176
1
 90
0
176
1
290
0
176
1
290
1
176
1
290
1
176
1
290
0
176
1
290
0
176
1
290
0
176
1
290
0
176
1
290
0
176
1
290
0
176
1
 90
50
176
1
 40
0.0
176
1
 40
1.0
176
1
 90
0
176
1
 62
18
420
0
176
1
 90
50
176
1
 90
3
176
1
 62
5
420
255
176
1
290
0
176
1
 90
50
176
1
 90
50
176
1
 90
50
176
1
290
0
176
1
 90
50
176
1
 62
256
176
0
 40
1.0
176
0
 90
2
176
1
  1
strokes_ogs.tif
176
1
290
0
176
1
 40
1.0
176
1
 40
1.0
176
1
  0
VISUALSTYLE
  5
6B
102
{ACAD_REACTORS
330
16
102
}
330
16
100
AcDbVisualStyle
  2
Realistic
 70
8
177
3
291
0
 70
58
 90
2
176
1
 90
2
176
1
 90
0
176
1
 90
2
176
1
 40
0.6
176
1
 40
30.0
176
1
 62
7
420
16777215
176
1
 90
1
176
1
 90
4
176
1
 62
7
176
1
 62
257
176
1
 90
1
176
1
 90
1
176
1
 40
1.0
176
1
 90
8
176
1
 62
7
176
1
 40
1.0
176
1
 90
1
176
1
 90
6
176
1
 90
2
176
1
 62
7
176
1
 90
5
176
1
 90
0
176
1
 90
0
176
1
290
0
176
1
 90
1
176
1
 40
0.0
176
1
 90
0
176
1
290
0
176
1
290
1
176
1
290
1
176
1
290
0
176
1
290
0
176
1
290
0
176
1
290
0
176
1
290
0
176
1
290
0
176
1
 90
50
176
1
 40
0.0
176
1
 40
1.0
176
1
 90
0
176
1
 62
18
420
0
176
1
 90
50
176
1
 90
3
176
1
 62
5
420
255
176
1
290
0
176
1
 90
50
176
1
 90
50
176
1
 90
50
176
1
290
0
176
1
 90
50
176
1
 62
256
176
0
 40
1.0
176
0
 90
2
176
1
  1
strokes_ogs.tif
176
1
290
0
176
1
 40
1.0
176
1
 40
1.0
176
1
  0
VISUALSTYLE
  5
6C
102
{ACAD_REACTORS
330
16
102
}
330
16
100
AcDbVisualStyle
  2
Shaded
 70
27
177
3
291
0
 70
58
 90
2
176
1
 90
2
176
1
 90
0
176
1
 90
2
176
1
 40
0.6
176
1
 40
30.0
176
1
 62
7
420
16777215
176
1
 90
1
176
1
 90
4
176
1
 62
7
176
1
 62
257
176
1
 90
1
176
1
 90
1
176
1
 40
1.0
176
1
 90
8
176
1
 62
7
176
1
 40
1.0
176
1
 90
1
176
1
 90
6
176
1
 90
2
176
1
 62
7
176
1
 90
5
176
1
 90
0
176
1
 90
0
176
1
290
0
176
1
 90
1
176
1
 40
0.0
176
1
 90
0
176
1
290
0
176
1
290
1
176
1
290
1
176
1
290
0
176
1
290
0
176
1
290
0
176
1
290
0
176
1
290
0
176
1
290
0
176
1
 90
50
176
1
 40
0.0
176
1
 40
1.0
176
1
 90
0
176
1
 62
18
420
0
176
1
 90
50
176
1
 90
3
176
1
 62
5
420
255
176
1
290
0
176
1
 90
50
176
1
 90
50
176
1
 90
50
176
1
290
0
176
1
 90
50
176
1
 62
256
176
0
 40
1.0
176
0
 90
2
176
1
  1
strokes_ogs.tif
176
1
290
0
176
1
 40
1.0
176
1
 40
1.0
176
1
  0
VISUALSTYLE
  5
6D
102
{ACAD_REACTORS
330
16
102
}
330
16
100
AcDbVisualStyle
  2
Shaded with edges
 70
26
177
3
291
0
 70
58
 90
2
176
1
 90
2
176
1
 90
0
176
1
 90
2
176
1
 40
0.6
176
1
 40
30.0
176
1
 62
7
420
16777215
176
1
 90
1
176
1
 90
4
176
1
 62
7
176
1
 62
257
176
1
 90
1
176
1
 90
1
176
1
 40
1.0
176
1
 90
8
176
1
 62
7
176
1
 40
1.0
176
1
 90
1
176
1
 90
6
176
1
 90
2
176
1
 62
7
176
1
 90
5
176
1
 90
0
176
1
 90
0
176
1
290
0
176
1
 90
1
176
1
 40
0.0
176
1
 90
0
176
1
290
0
176
1
290
1
176
1
290
1
176
1
290
0
176
1
290
0
176
1
290
0
176
1
290
0
176
1
290
0
176
1
290
0
176
1
 90
50
176
1
 40
0.0
176
1
 40
1.0
176
1
 90
0
176
1
 62
18
420
0
176
1
 90
50
176
1
 90
3
176
1
 62
5
420
255
176
1
290
0
176
1
 90
50
176
1
 90
50
176
1
 90
50
176
1
290
0
176
1
 90
50
176
1
 62
256
176
0
 40
1.0
176
0
 90
2
176
1
  1
strokes_ogs.tif
176
1
290
0
176
1
 40
1.0
176
1
 40
1.0
176
1
  0
VISUALSTYLE
  5
6E
102
{ACAD_REACTORS
330
16
102
}
330
16
100
AcDbVisualStyle
  2
Shades of Gray
 70
23
177
3
291
0
 70
58
 90
2
176
1
 90
2
176
1
 90
0
176
1
 90
2
176
1
 40
0.6
176
1
 40
30.0
176
1
 62
7
420
16777215
176
1
 90
1
176
1
 90
4
176
1
 62
7
176
1
 62
257
176
1
 90
1
176
1
 90
1
176
1
 40
1.0
176
1
 90
8
176
1
 62
7
176
1
 40
1.0
176
1
 90
1
176
1
 90
6
176
1
 90
2
176
1
 62
7
176
1
 90
5
176
1
 90
0
176
1
 90
0
176
1
290
0
176
1
 90
1
176
1
 40
0.0
176
1
 90
0
176
1
290
0
176
1
290
1
176
1
290
1
176
1
290
0
176
1
290
0
176
1
290
0
176
1
290
0
176
1
290
0
176
1
290
0
176
1
 90
50
176
1
 40
0.0
176
1
 40
1.0
176
1
 90
0
176
1
 62
18
420
0
176
1
 90
50
176
1
 90
3
176
1
 62
5
420
255
176
1
290
0
176
1
 90
50
176
1
 90
50
176
1
 90
50
176
1
290
0
176
1
 90
50
176
1
 62
256
176
0
 40
1.0
176
0
 90
2
176
1
  1
strokes_ogs.tif
176
1
290
0
176
1
 40
1.0
176
1
 40
1.0
176
1
  0
VISUALSTYLE
  5
6F
102
{ACAD_REACTORS
330
16
102
}
330
16
100
AcDbVisualStyle
  2
Sketchy
 70
24
177
3
291
0
 70
58
 90
2
176
1
 90
2
176
1
 90
0
176
1
 90
1
176
1
 40
0.6
176
1
 40
30.0
176
1
 62
7
420
16777215
176
1
 90
1
176
1
 90
4
176
1
 62
7
176
1
 62
257
176
1
 90
1
176
1
 90
1
176
1
 40
1.0
176
1
 90
8
176
1
 62
7
176
1
 40
1.0
176
1
 90
1
176
1
 90
6
176
1
 90
2
176
1
 62
7
176
1
 90
5
176
1
 90
0
176
1
 90
0
176
1
290
0
176
1
 90
1
176
1
 40
0.0
176
1
 90
0
176
1
290
0
176
1
290
1
176
1
290
1
176
1
290
0
176
1
290
0
176
1
290
0
176
1
290
0
176
1
290
0
176
1
290
0
176
1
 90
50
176
1
 40
0.0
176
1
 40
1.0
176
1
 90
0
176
1
 62
18
420
0
176
1
 90
50
176
1
 90
3
176
1
 62
5
420
255
176
1
290
0
176
1
 90
50
176
1
 90
50
176
1
 90
50
176
1
290
0
176
1
 90
50
176
1
 62
256
176
0
 40
1.0
176
0
 90
2
176
1
  1
strokes_ogs.tif
176
1
290
0
176
1
 40
1.0
176
1
 40
1.0
176
1
  0
VISUALSTYLE
  5
70
102
{ACAD_REACTORS
330
16
102
}
330
16
100
AcDbVisualStyle
  2
Thicken
 70
13
177
3
291
1
 70
58
 90
2
176
1
 90
2
176
1
 90
0
176
1
 90
2
176
1
 40
0.6
176
1
 40
30.0
176
1
 62
7
420
16777215
176
1
 90
1
176
1
 90
4
176
1
 62
7
176
1
 62
257
176
1
 90
1
176
1
 90
1
176
1
 40
1.0
176
1
 90
8
176
1
 62
7
176
1
 40
1.0
176
1
 90
1
176
1
 90
6
176
1
 90
2
176
1
 62
7
176
1
 90
5
176
1
 90
0
176
1
 90
0
176
1
290
0
176
1
 90
1
176
1
 40
0.0
176
1
 90
0
176
1
290
0
176
1
290
1
176
1
290
1
176
1
290
0
176
1
290
0
176
1
290
0
176
1
290
0
176
1
290
0
176
1
290
0
176
1
 90
50
176
1
 40
0.0
176
1
 40
1.0
176
1
 90
0
176
1
 62
18
420
0
176
1
 90
50
176
1
 90
3
176
1
 62
5
420
255
176
1
290
0
176
1
 90
50
176
1
 90
50
176
1
 90
50
176
1
290
0
176
1
 90
50
176
1
 62
256
176
0
 40
1.0
176
0
 90
2
176
1
  1
strokes_ogs.tif
176
1
290
0
176
1
 40
1.0
176
1
 40
1.0
176
1
  0
VISUALSTYLE
  5
71
102
{ACAD_REACTORS
330
16
102
}
330
16
100
AcDbVisualStyle
  2
Wireframe
 70
5
177
3
291
0
 70
58
 90
2
176
1
 90
2
176
1
 90
0
176
1
 90
0
176
1
 40
0.6
176
1
 40
30.0
176
1
 62
7
420
16777215
176
1
 90
1
176
1
 90
4
176
1
 62
7
176
1
 62
257
176
1
 90
1
176
1
 90
1
176
1
 40
1.0
176
1
 90
8
176
1
 62
7
176
1
 40
1.0
176
1
 90
1
176
1
 90
6
176
1
 90
2
176
1
 62
7
176
1
 90
5
176
1
 90
0
176
1
 90
0
176
1
290
0
176
1
 90
1
176
1
 40
0.0
176
1
 90
0
176
1
290
0
176
1
290
1
176
1
290
1
176
1
290
0
176
1
290
0
176
1
290
0
176
1
290
0
176
1
290
0
176
1
290
0
176
1
 90
50
176
1
 40
0.0
176
1
 40
1.0
176
1
 90
0
176
1
 62
18
420
0
176
1
 90
50
176
1
 90
3
176
1
 62
5
420
255
176
1
290
0
176
1
 90
50
176
1
 90
50
176
1
 90
50
176
1
290
0
176
1
 90
50
176
1
 62
256
176
0
 40
1.0
176
0
 90
2
176
1
  1
strokes_ogs.tif
176
1
290
0
176
1
 40
1.0
176
1
 40
1.0
176
1
  0
VISUALSTYLE
  5
72
102
{ACAD_REACTORS
330
16
102
}
330
16
100
AcDbVisualStyle
  2
X-Ray
 70
25
177
3
291
0
 70
58
 90
2
176
1
 90
2
176
1
 90
0
176
1
 90
2
176
1
 40
0.5
176
1
 40
30.0
176
1
 62
7
420
16777215
176
1
 90
1
176
1
 90
4
176
1
 62
7
176
1
 62
257
176
1
 90
1
176
1
 90
1
176
1
 40
1.0
176
1
 90
8
176
1
 62
7
176
1
 40
1.0
176
1
 90
1
176
1
 90
6
176
1
 90
2
176
1
 62
7
176
1
 90
5
176
1
 90
0
176
1
 90
0
176
1
290
0
176
1
 90
1
176
1
 40
0.0
176
1
 90
0
176
1
290
0
176
1
290
1
176
1
290
1
176
1
290
0
176
1
290
0
176
1
290
0
176
1
290
0
176
1
290
0
176
1
290
0
176
1
 90
50
176
1
 40
0.0
176
1
 40
1.0
176
1
 90
0
176
1
 62
18
420
0
176
1
 90
50
176
1
 90
3
176
1
 62
5
420
255
176
1
290
0
176
1
 90
50
176
1
 90
50
176
1
 90
50
176
1
290
0
176
1
 90
50
176
1
 62
256
176
0
 40
1.0
176
0
 90
2
176
1
  1
strokes_ogs.tif
176
1
290
0
176
1
 40
1.0
176
1
 40
1.0
176
1
  0
DICTIONARYVAR
  5
2BE
330
2D
100
DictionaryVariables
280
0
  1
1.4.2 @ 2026-03-19T08:24:56.058068+00:00
  0
ENDSEC
  0
EOF
